id,attrition_probability,predicted_attrition,risk_level
0000c29d68,0.1132432036008797,1,Low
00081033d0,0.5522001558080666,1,High
000d0f08a6,0.05534225474490176,0,Low
000ee8f2b6,0.04975342252266473,0,Low
00106cc362,0.05280838890053331,0,Low
0011288a40,0.03256977972609422,0,Low
001495447d,0.2741098828825325,1,Medium
0014d2acf4,0.2367614540824918,1,Medium
001768adf9,0.11208682704420891,1,Low
001fac7e33,0.04065258974264714,0,Low
001ff7153c,0.05812585966298272,0,Low
0021858ba9,0.4209447978500755,1,Medium
0021d03b81,0.06588503071825073,0,Low
00223984f7,0.059919848082234425,0,Low
0022afa879,0.27468231583088576,1,Medium
0026113da8,0.3385049123629169,1,Medium
0027e2f783,0.18921800299351213,1,Low
002800a12f,0.12924861485747297,1,Low
00374777a8,0.023797105447052568,0,Low
003caf757a,0.05958309142664707,0,Low
003fdefb41,0.05715431406223307,0,Low
00429df719,0.15924581676767866,1,Low
004badc1c1,0.04177148714563214,0,Low
004c1b7a02,0.10168008712530574,1,Low
004d5c9635,0.01738385280120509,0,Low
0051575199,0.023504918163686075,0,Low
00528f290d,0.0672530219384669,0,Low
00544ecb2c,0.05408514667434317,0,Low
0054fc3d57,0.04004665304894073,0,Low
0057ed555a,0.1222922527867524,1,Low
0058097d01,0.755179463965227,1,High
005c0ec51d,0.1805744850268255,1,Low
005d51d6f2,0.15212662351549724,1,Low
005ef28e58,0.3396395003231686,1,Medium
0063ed9e87,0.06368599288338217,0,Low
0065ccb031,0.25170243613664134,1,Medium
00682d0433,0.03412126792837876,0,Low
00754fab6b,0.05111835334959691,0,Low
0077484105,0.2137598440790625,1,Medium
007d98c9d6,0.03612707808303968,0,Low
007da7160c,0.11129641917279375,1,Low
0086d44f4f,0.10004369295251832,1,Low
008a2f4ada,0.16448158254083314,1,Low
008cbcee38,0.040878067189679214,0,Low
00904ce472,0.040043026016969754,0,Low
00926ce8ff,0.2941336526626306,1,Medium
0093301596,0.13370626972356986,1,Low
00a3f3225f,0.13338321916023946,1,Low
00ac070676,0.22351407351976144,1,Medium
00afd599a8,0.03888022130944568,0,Low
00b1ad1b21,0.11134328034486721,1,Low
00b3c8bb9a,0.06463755699470213,0,Low
00b86ae8d6,0.13721545260583828,1,Low
00bbdf35f0,0.04105601437750584,0,Low
00bc8b3c1d,0.21142167443164517,1,Medium
00c2e2e664,0.1930279971781967,1,Low
00c3129911,0.1884055292742112,1,Low
00c3d3222a,0.1195660085709005,1,Low
00c59ed5f5,0.09197840897541051,0,Low
00c5b9ced4,0.34391837726964836,1,Medium
00c7c6cbaf,0.15294562496839711,1,Low
00cbfd2a04,0.06839110653407846,0,Low
00d13b03d6,0.06517252378254632,0,Low
00d31d109d,0.07599740646679495,0,Low
00d8c1ba26,0.17387522289035126,1,Low
00dac1b810,0.05771468694136747,0,Low
00db6ba2fd,0.09155745821940982,0,Low
00e4fe232e,0.6409446261835133,1,High
00ead84dce,0.08931059893491225,0,Low
00ed504328,0.05009457559437214,0,Low
00fd60bbc8,0.351782930616795,1,Medium
00fda8c724,0.06421410719458927,0,Low
00fddba35e,0.2671464340168143,1,Medium
00ff51ece4,0.1381364990772317,1,Low
00ffbbf828,0.08075286866115108,0,Low
01038eceb9,0.21644117254583034,1,Medium
010dddd88d,0.283096543753713,1,Medium
010ecedd98,0.4706807712620867,1,Medium
0113ff5342,0.14542183594057126,1,Low
011607f220,0.05356515967925123,0,Low
01181482dd,0.16606009852773626,1,Low
011d6eda69,0.27841909975270873,1,Medium
012337e531,0.3092032759416065,1,Medium
0129caa845,0.13598852649552845,1,Low
012a210259,0.38035306102992966,1,Medium
012a5adff0,0.14322157828880164,1,Low
012e150a92,0.04968601560399778,0,Low
012f24594a,0.11508046043659124,1,Low
012f26b159,0.04634232141737174,0,Low
012f770d68,0.016473219223630178,0,Low
0134672471,0.6220467919801016,1,High
0135f36983,0.0811547522626069,0,Low
0137d10725,0.07720863136026755,0,Low
0138da6cea,0.49910759395531956,1,Medium
0141f95ebc,0.08579556189863695,0,Low
01467b4331,0.3989696099186151,1,Medium
014a152952,0.12345330878525564,1,Low
014f3a7c6e,0.0796722414265239,0,Low
0152d6fb09,0.1307584469405893,1,Low
015347d745,0.043068329444585524,0,Low
01537f1d92,0.17649005007795152,1,Low
0162dfd8f7,0.024924785030701366,0,Low
01686a51e1,0.04425086973146084,0,Low
016c668ae3,0.20213456293633034,1,Medium
016eea31ba,0.03730527342549314,0,Low
0170dc3087,0.3620022095124322,1,Medium
0172bfbc34,0.1494628279795211,1,Low
017a913447,0.07450183993050799,0,Low
0180dc40a7,0.11816102231517545,1,Low
01818cbed0,0.30014117587839073,1,Medium
01825fabb8,0.032475999747613005,0,Low
0182cfea19,0.2606016670302889,1,Medium
01847ff5d6,0.2591381574027864,1,Medium
0184d82c09,0.04231202698786816,0,Low
0186ceb683,0.0452307514624467,0,Low
0190cdb5f9,0.18085015936271967,1,Low
0191ecedb8,0.4778113981019355,1,Medium
01920c7d0e,0.048499830357738395,0,Low
01923b858f,0.23538648765009557,1,Medium
0193142958,0.125877800224143,1,Low
0195ab730b,0.04461458630921995,0,Low
019a9cb138,0.033834179491298286,0,Low
019e3dec9b,0.05281930414874134,0,Low
01b08c4540,0.0967643361685668,0,Low
01b3a5d28e,0.06012681282962564,0,Low
01b6e16943,0.06859535027068156,0,Low
01bbb9bcae,0.20528070737301937,1,Medium
01cf31c16f,0.04620065756016984,0,Low
01e1954ca8,0.09919537273747871,0,Low
01e69a4e84,0.1413621491274172,1,Low
01e71d82e7,0.15107721498576038,1,Low
01f03c6ea7,0.1838623578518228,1,Low
01f166b2e0,0.2324277531971061,1,Medium
01f42f7064,0.2183047790555521,1,Medium
01f5272398,0.7042691693183342,1,High
01f73b8ad4,0.22392832783862213,1,Medium
02051e86d8,0.13827431514800617,1,Low
0205282ec7,0.15054799507197653,1,Low
02091230dd,0.22924315198117073,1,Medium
020ad441f5,0.09601866047458903,0,Low
020f692804,0.20803217391718526,1,Medium
0210da0138,0.09240962044485149,0,Low
0213246a93,0.15088930539623208,1,Low
0214459df5,0.01666322830682341,0,Low
0220d1e477,0.07608176219074553,0,Low
0221734e73,0.05532172667040542,0,Low
02217e2021,0.06794289045525657,0,Low
0221cc5ffe,0.05915041257095338,0,Low
0223e57d1f,0.4409245432913946,1,Medium
02270fbb49,0.22582792651354833,1,Medium
02274d21d8,0.07283577113833659,0,Low
022a36f5db,0.0720835094107693,0,Low
022ae0c4dc,0.2865506578927014,1,Medium
0231013a06,0.03349781338105031,0,Low
02311f1be9,0.597291771952613,1,High
02316ecee6,0.37128945759166626,1,Medium
023bd1c130,0.16774744653807766,1,Low
023d39c0db,0.07833225916932168,0,Low
023e8fddc2,0.12579278660339782,1,Low
0244d1b1b0,0.02586308661441964,0,Low
0249c5af4c,0.37597743650195004,1,Medium
024ed6f05c,0.15368947866747237,1,Low
0250812946,0.17312191142768274,1,Low
025186734d,0.13820579833578434,1,Low
0252bee8ac,0.01449519154313593,0,Low
025607c4a7,0.06409124896968715,0,Low
02580cd9d3,0.09230366425912347,0,Low
025897a43e,0.041694457817070416,0,Low
025a080cdb,0.3275649248023727,1,Medium
025b7fae60,0.02486712957368448,0,Low
0262e03511,0.32198368168957836,1,Medium
026ce332d5,0.05243833533932738,0,Low
0271621be6,0.18373246090854675,1,Low
0274478a21,0.40955146969813105,1,Medium
02747269af,0.04642495870285758,0,Low
027607bd03,0.03861615836209558,0,Low
027760c091,0.07847539932730938,0,Low
027f90cd9d,0.04968481726897131,0,Low
027fd9137a,0.07599265765771186,0,Low
0284a15650,0.02259095532024158,0,Low
0286e8d9be,0.15647771364817067,1,Low
02885556bc,0.07645892682302204,0,Low
0288d88da4,0.024780179383532514,0,Low
02923b3129,0.030391202738961755,0,Low
0293dcdb67,0.03242031227610712,0,Low
029d6dd6d5,0.07716289585732601,0,Low
02a05c5d19,0.07418951532202533,0,Low
02a43e73f6,0.10714498441319709,1,Low
02a7820aed,0.10810289825416376,1,Low
02a93f7dcd,0.24673872218743156,1,Medium
02aa536112,0.11223975347894395,1,Low
02b2e62253,0.09975429094577841,0,Low
02b3e2962d,0.2745448533260795,1,Medium
02b5ca576d,0.038878862812082464,0,Low
02b632a724,0.013597932947650127,0,Low
02b8a6c06a,0.17913078060530052,1,Low
02bc659034,0.022307141244668722,0,Low
02bcfba2a1,0.01310643081133547,0,Low
02bdc8a788,0.13812250559917466,1,Low
02be97fadd,0.059115070620851105,0,Low
02c09ee984,0.033440323882698915,0,Low
02c2453932,0.3555062831112954,1,Medium
02c4e2c3da,0.033118591652370084,0,Low
02c6ceaf47,0.06418585716850173,0,Low
02cbf525a1,0.01031117785598979,0,Low
02cd9f9509,0.15969889621145905,1,Low
02ce29d575,0.08182106239994842,0,Low
02ce2ffc51,0.06062697847807508,0,Low
02d1091437,0.14572321302258745,1,Low
02d6ff7bc6,0.11254107497071902,1,Low
02d93587db,0.3852828057046483,1,Medium
02da2e7116,0.20122419021394275,1,Medium
02e0f65ec7,0.1692885775286682,1,Low
02e174bb90,0.20494218673415393,1,Medium
02e612d055,0.032554406392654396,0,Low
02e7ab1671,0.15785146218877236,1,Low
02e8ad6fa7,0.0902338774785289,0,Low
02ef06e3e8,0.1412285380479341,1,Low
02f2f91f68,0.28412151334102365,1,Medium
02f328c30c,0.03925187614965547,0,Low
02f4acbf22,0.30962849475503373,1,Medium
02f5aed56c,0.14314187355071775,1,Low
02f9866dee,0.026504017067177695,0,Low
02fce6fb91,0.04980486182727185,0,Low
0303f0b893,0.05975762982867088,0,Low
03052552fd,0.05812840915033002,0,Low
0309c6925b,0.6667062982090242,1,High
030ed9f9c1,0.1525560373286376,1,Low
0314a1bd57,0.06610275223199069,0,Low
031afe5e68,0.05074960735439272,0,Low
031ca6d932,0.6508279750887604,1,High
031fbc5455,0.23502302507345532,1,Medium
032563f856,0.1337308824332665,1,Low
032620fe03,0.29620689630756486,1,Medium
032ac7cf6d,0.08885090866897097,0,Low
033984dd5f,0.14799115715636796,1,Low
033b52a8e9,0.13234747127819121,1,Low
033b6927da,0.12295362324112319,1,Low
033bd32d50,0.05202853955659292,0,Low
033ee9949c,0.8302605209099182,1,High
034331366e,0.07889035238355613,0,Low
0345045c84,0.2979050495806848,1,Medium
0345111754,0.17504850984350956,1,Low
0350f454fb,0.10569330839772537,1,Low
03517939bc,0.034436999390892974,0,Low
0356f376fc,0.030255648118873595,0,Low
035915d7ed,0.30491073189674206,1,Medium
035a909e62,0.19061009265728956,1,Low
035bf02198,0.5495251234136518,1,High
03657b4eba,0.08518619611853993,0,Low
036bfcec43,0.07029358895018349,0,Low
036e724d40,0.048535584657500984,0,Low
036f40da10,0.09834491613940283,0,Low
0371a13df6,0.038855357284252406,0,Low
037308436f,0.1691733021637164,1,Low
0373b80333,0.11356572212831165,1,Low
0377c5156f,0.050796886864347954,0,Low
0379d319c8,0.10808888120592747,1,Low
037b9479ed,0.07508202125460278,0,Low
037e381fb8,0.15220347423881575,1,Low
0380e963f7,0.08840626408433139,0,Low
03867cca37,0.07280469568119988,0,Low
0389d6be35,0.05845679102731716,0,Low
038b198b62,0.22956088828231816,1,Medium
038d2b5c41,0.16558286010254253,1,Low
039128069c,0.020811237982411378,0,Low
0392865435,0.08905896553622696,0,Low
039b6721c9,0.2591541452515907,1,Medium
03a5726212,0.07917338000383406,0,Low
03acded433,0.13320966342627044,1,Low
03b0253199,0.2045099608231376,1,Medium
03b44b222b,0.04869131955055865,0,Low
03b609861a,0.05553702580639769,0,Low
03c0134582,0.06546668173126906,0,Low
03c1120b3f,0.21194374411205325,1,Medium
03c128813d,0.07387829755348232,0,Low
03c2f0e33d,0.09772184647397733,0,Low
03c768e167,0.2117825347426516,1,Medium
03cb252373,0.04584115865006786,0,Low
03d122207d,0.17595395552592405,1,Low
03dd3c78fc,0.06560223205299909,0,Low
03e2b0e6ed,0.11106815403138925,1,Low
03e3150a56,0.21091147008387212,1,Medium
03e753ccbc,0.03294157876913822,0,Low
03e7f09b4d,0.039419608599703136,0,Low
03eafaf478,0.024540242899868916,0,Low
03fd0c979d,0.048305548330169465,0,Low
0401b71eb6,0.03432482039089384,0,Low
0401ee7652,0.09796381599167527,0,Low
04046c70f6,0.04095797094509005,0,Low
04057a2909,0.24005472625820481,1,Medium
04066836ba,0.0429634492319569,0,Low
040af4b955,0.15784329281532133,1,Low
040e4218ad,0.06827823790210018,0,Low
041162aabf,0.049342446222382534,0,Low
04160c4335,0.029637260608165024,0,Low
041a30d479,0.060951298986257695,0,Low
0429862c8a,0.042976550924916535,0,Low
042ab38c36,0.21622446015007923,1,Medium
042b3ac415,0.1442583999240774,1,Low
0431c76704,0.12878460709878756,1,Low
0431cc7ab8,0.07286821235281973,0,Low
0431d4f64a,0.09562116484821354,0,Low
043228928f,0.03939753019861111,0,Low
0432378611,0.17797512637761434,1,Low
0432ad9507,0.3388250581048651,1,Medium
0436fe6edd,0.02516949709179793,0,Low
043a0ba5b3,0.06391884189109162,0,Low
043afff624,0.10118257215911958,1,Low
043d6baf7c,0.04626092003081102,0,Low
044bd9dac3,0.03473797859614584,0,Low
044eeb00b4,0.05272362087998927,0,Low
0453ea568b,0.27506363473708606,1,Medium
045642b2dd,0.11409424672615662,1,Low
04564d3635,0.12720473375132096,1,Low
0458fa820a,0.14965593786071757,1,Low
045acb599f,0.3691623756927745,1,Medium
045c5c1f16,0.07923304311243366,0,Low
045de7a211,0.49856911913686497,1,Medium
045ed4dd78,0.04713260601358389,0,Low
046110fe00,0.07463546240695285,0,Low
0469382938,0.15064645761769782,1,Low
0476aa8f1e,0.0789884561898414,0,Low
04771515ef,0.29607946303830274,1,Medium
047f098c2c,0.08458280411542492,0,Low
04812b37e0,0.025463111350511488,0,Low
048313e349,0.020188556773900183,0,Low
04850a37d6,0.19945278783161846,1,Low
0486df97f0,0.40859054464138755,1,Medium
048fcff189,0.08344863612142925,0,Low
04912f49d9,0.05520326530142745,0,Low
0492b4f808,0.0726246334978754,0,Low
0493da20e6,0.1318331224546064,1,Low
0497ab81ca,0.29042784294120416,1,Medium
049a5fbe40,0.04280815485836446,0,Low
049a96c407,0.03219710307436327,0,Low
049ff815a0,0.21845901253628688,1,Medium
04a31afeb9,0.3078599590823683,1,Medium
04afa7fc99,0.2537268480070217,1,Medium
04b40322e8,0.041244945503968775,0,Low
04b4397814,0.5526348380844222,1,High
04b782ec14,0.03602322308119443,0,Low
04b99edc40,0.014113672171911026,0,Low
04bb976571,0.07124210051197659,0,Low
04bdbb24c0,0.27681532211738963,1,Medium
04ca758bbd,0.1264016996802861,1,Low
04cf048aa3,0.03980999864381484,0,Low
04d1590dba,0.03321351601716228,0,Low
04d65aaf26,0.044693745025225426,0,Low
04e038f304,0.09973879757520576,0,Low
04e28f4faa,0.06895578159767035,0,Low
04e358fb4f,0.05296038033849563,0,Low
04e53f10aa,0.18169276056590145,1,Low
04e7bb9f43,0.17746151333178642,1,Low
04eb783a8b,0.021218976801969838,0,Low
04edd45eac,0.12659352447939098,1,Low
04efca28b9,0.14949923338722068,1,Low
04f6237618,0.03685597070042127,0,Low
04fa555630,0.24071571118624407,1,Medium
04fb5f9c8d,0.05543569284180165,0,Low
04fd5179e0,0.11573473360906229,1,Low
05029b35b3,0.02688620018950814,0,Low
05043d53fa,0.0691255878352992,0,Low
05054c7688,0.11279116497568174,1,Low
0508f29bf1,0.13541643357790573,1,Low
050967ea8d,0.09520692712468871,0,Low
050cfb320b,0.13174044992714426,1,Low
050d94d63e,0.04794025967588807,0,Low
050e2d8b29,0.3595102190018421,1,Medium
05146240a4,0.0800864159111344,0,Low
05180e3a44,0.06037046991481904,0,Low
05185034fa,0.11885144418542701,1,Low
051c27009b,0.052997638269053356,0,Low
051da438bb,0.04189250707217643,0,Low
051e9d102c,0.03831320198294359,0,Low
0522c5c8b5,0.09388492234890206,0,Low
05253ecfe0,0.17923381990974005,1,Low
052885e0d3,0.1537668340753503,1,Low
05288b555e,0.07710155637888579,0,Low
05322fb3b4,0.048856806456300444,0,Low
0534d1ecfd,0.12730172398407094,1,Low
053bceed61,0.2325245883627014,1,Medium
053db0316b,0.08970127633164697,0,Low
05418b7c99,0.027169663002413844,0,Low
054997c175,0.037284088416912414,0,Low
054afd687f,0.194481980911043,1,Low
0551f7d875,0.14328963784684062,1,Low
0552034049,0.17647958345758671,1,Low
0557cff5d9,0.06880532800506786,0,Low
055b19cc4b,0.06831118196945335,0,Low
055b5d3d6f,0.19502301430004107,1,Low
055df1f824,0.13343816986845686,1,Low
0561016629,0.056402924888892564,0,Low
056881292c,0.2828165797389235,1,Medium
0568cf556e,0.22153170100516584,1,Medium
056b75d435,0.12549264423177686,1,Low
056d86eb47,0.10441163482437957,1,Low
056fed8e52,0.06405527908849531,0,Low
0572703c38,0.17090403107111926,1,Low
0574d82445,0.09554047786183482,0,Low
057c51746a,0.10942139981968958,1,Low
057ff8dfd5,0.03655699329441904,0,Low
058b6485ff,0.10855650515143161,1,Low
058df30c87,0.21258551341947188,1,Medium
058fdf5e98,0.17236368962810533,1,Low
0598af1c4d,0.16446461001786614,1,Low
059954cefd,0.07574888504297705,0,Low
059ac8bedb,0.026427885449271382,0,Low
059d7a9a9c,0.14015718454424284,1,Low
059db8e63e,0.2864531983004052,1,Medium
05a16b92a4,0.04466147948988023,0,Low
05a225dfae,0.1354209742807315,1,Low
05a94053a8,0.18276398738057154,1,Low
05adb6fba8,0.24819177873156004,1,Medium
05b6d1a204,0.04238367381141735,0,Low
05c23e8971,0.1669990752280683,1,Low
05c3845a4a,0.20403905950736298,1,Medium
05cc2af000,0.07239015551537802,0,Low
05cc3d588f,0.04595794310447406,0,Low
05cc79cffb,0.12978960702941428,1,Low
05ceea718d,0.03560416768549499,0,Low
05d64fbfad,0.04384509891794274,0,Low
05d866f4ca,0.12856787612973256,1,Low
05e31b2fe9,0.03943164691884281,0,Low
05e3679a70,0.321843995647607,1,Medium
05e6d5925a,0.06883412121313852,0,Low
05eafda385,0.12842140467369342,1,Low
05f18a351e,0.050769964254785006,0,Low
05f39e08e1,0.217922716225721,1,Medium
05f5168afd,0.20267820484168633,1,Medium
05f6151d80,0.21361482495175785,1,Medium
05f717aed5,0.08758608524737925,0,Low
05fb9f2511,0.11884140217917735,1,Low
0600700788,0.043053584592395035,0,Low
060b2df910,0.03772939370421689,0,Low
060c9fe58d,0.1780713678649582,1,Low
061227fbef,0.3172123511804184,1,Medium
0612cd2f08,0.1486748103606817,1,Low
061335ae50,0.046362900767120414,0,Low
0617153941,0.16651284479752337,1,Low
061c06149c,0.0443301400316677,0,Low
061c0b79ca,0.5362127978501074,1,High
061e580202,0.1622525526493726,1,Low
061f23bced,0.12694933816055115,1,Low
06255a9126,0.16395282164186803,1,Low
06261ccf3c,0.5539082706979219,1,High
062b9b9dfb,0.12211801060991229,1,Low
062d53454c,0.27919601691284723,1,Medium
0636e62c2a,0.17434032111160638,1,Low
0638afa43f,0.34556632700341755,1,Medium
063a4853b2,0.0351493914807522,0,Low
063ca28e94,0.0661743327259043,0,Low
064386e375,0.06361742162447204,0,Low
06443d56f3,0.0547290521204693,0,Low
0646a16c8a,0.28173225167850335,1,Medium
064be334bc,0.06403312864974915,0,Low
064c6ad1f2,0.04158607113317822,0,Low
064d5cc83f,0.1552388050603539,1,Low
064d898c65,0.11789368515485671,1,Low
06512078df,0.22962756182546326,1,Medium
06547dac61,0.36929109106619806,1,Medium
065a71cfd7,0.05843169558062152,0,Low
065b5cf530,0.06508605714244715,0,Low
065cd51234,0.021865275879207644,0,Low
06624320ed,0.032877162184132,0,Low
0666a88b6e,0.08634469942945829,0,Low
06684ff7dd,0.2622168305537654,1,Medium
06685480b8,0.1323967430598602,1,Low
06696acb30,0.1659891427689019,1,Low
066a9f1595,0.0945005323970836,0,Low
066c2ee144,0.01627536837454255,0,Low
066c690862,0.1132899167290775,1,Low
066c937659,0.040611846687616866,0,Low
066d3e9d5b,0.15156254910933706,1,Low
066dd9c641,0.03396693477711694,0,Low
0671f234e7,0.0661021139751318,0,Low
06726f7371,0.08728464243117409,0,Low
0672b0e1db,0.2116655557735268,1,Medium
06747ce849,0.15243110099805707,1,Low
0679e36c5a,0.11107399081541845,1,Low
067d6e5c74,0.039830699036424104,0,Low
0681567af9,0.14277991254591874,1,Low
0687ca137f,0.087375180980731,0,Low
0688d79e95,0.3191386374767698,1,Medium
068983f32f,0.058341356511906084,0,Low
068ac77a6d,0.28156434200648395,1,Medium
068cce409f,0.17632249216093512,1,Low
0691217d6b,0.1969914810887796,1,Low
0698855d76,0.09443314118427013,0,Low
069edb54eb,0.06267404592032415,0,Low
06a15910aa,0.06706703895900247,0,Low
06a1f6b62f,0.029370848945629045,0,Low
06a44e614b,0.06429347730310664,0,Low
06aa41f6a0,0.03218189868687946,0,Low
06aed1c668,0.26431822270046024,1,Medium
06aed5ba2e,0.08295245224531607,0,Low
06af97b103,0.06840670445907399,0,Low
06b74b5697,0.12217694853902542,1,Low
06c2ae2c13,0.19185696796914467,1,Low
06c837d678,0.16270288675444675,1,Low
06c8ac7d62,0.18142116884809212,1,Low
06c93aa23e,0.284634942365549,1,Medium
06cc464a38,0.065508168669913,0,Low
06d35e2902,0.11681195112979566,1,Low
06d4bdbfcc,0.06428876744509171,0,Low
06d7e55925,0.07785433903926411,0,Low
06d819a21e,0.05391382000052033,0,Low
06d8b7fc7f,0.06094700724798824,0,Low
06db1eac8a,0.0883295600329033,0,Low
06e4f84002,0.1741893647597405,1,Low
06e6477c69,0.025155066408829595,0,Low
06ee906349,0.8575631984034496,1,High
06fa178c27,0.42744016249346145,1,Medium
06facff735,0.025107399448293714,0,Low
06fbddd9da,0.058675292233235615,0,Low
06fc5cc28f,0.06971745436802392,0,Low
06fdadd7e7,0.4818724796976866,1,Medium
06fdffa809,0.07399724649734125,0,Low
06ff289edf,0.08507211562871872,0,Low
0700685035,0.2008042521648522,1,Medium
07025a5627,0.16051990263112062,1,Low
0708f11334,0.13179339896748696,1,Low
070a1ae71d,0.27895626345097885,1,Medium
071416cc2a,0.11342167949968744,1,Low
0716d46a57,0.14940970297396935,1,Low
071bf81a9a,0.09990851003325552,0,Low
071cbc0240,0.04715144662712115,0,Low
071e8941f8,0.039504411779649466,0,Low
07278c2670,0.12549205351995807,1,Low
072998816e,0.1271575212999825,1,Low
073248a354,0.04897010261112328,0,Low
073394961f,0.23730654448669963,1,Medium
0735ca3b10,0.03072688549715574,0,Low
073c63b94c,0.1201960669836616,1,Low
0740ade9c4,0.058243867913262214,0,Low
074a2081d9,0.07294354600788608,0,Low
07515caff8,0.2011541774410111,1,Medium
075367906b,0.24607021540093846,1,Medium
0755e3220c,0.09300337868156143,0,Low
07591bf184,0.11869585594546712,1,Low
075fce423b,0.07194730330895882,0,Low
076a358145,0.03821784392814301,0,Low
076a65b42a,0.05271450547312117,0,Low
0772781419,0.06050381988964374,0,Low
077aa962c6,0.06093715877199969,0,Low
077b26888b,0.21586093069514387,1,Medium
077e00d526,0.13959894650680563,1,Low
077e193931,0.07359419973497475,0,Low
0781e0c5d9,0.16099142427399263,1,Low
079253a834,0.19711987499285885,1,Low
0792e93c4d,0.11367652105535665,1,Low
07989a07df,0.036004003575079935,0,Low
079f2a2944,0.11540930135284945,1,Low
07a1d123d9,0.4348139735571369,1,Medium
07a3f4b5cc,0.10902354566746293,1,Low
07af854691,0.08202300858279916,0,Low
07b0277faa,0.029904318199748214,0,Low
07b3b700f8,0.12098691818884594,1,Low
07b3d060f8,0.10724423728985163,1,Low
07b3f09ee5,0.10214192838488084,1,Low
07b581b0b2,0.11755103252449324,1,Low
07b5ad8726,0.1600102888844671,1,Low
07b5be8c66,0.09153974564850378,0,Low
07b8781630,0.04496824935324451,0,Low
07b91c4fe1,0.30842160273904434,1,Medium
07b967f19a,0.05490048765794528,0,Low
07b9709915,0.18302629804928802,1,Low
07ba51649d,0.16940014080287244,1,Low
07bfa16aa8,0.061980022807384516,0,Low
07bfc2f3c0,0.16109991101130058,1,Low
07c52a0da4,0.4158811334233774,1,Medium
07c5be735c,0.12663874107065323,1,Low
07c5d5ab86,0.19237061377243841,1,Low
07cd58d184,0.06449847147314905,0,Low
07d2bdbf4e,0.048214321602678537,0,Low
07d7812f49,0.08462911293729208,0,Low
07d8987d80,0.033367483794739236,0,Low
07dd73cebb,0.2443083635411832,1,Medium
07df9e6eae,0.024510273465743422,0,Low
07e352eb8e,0.04924718167633723,0,Low
07e75b1641,0.10004705765030658,1,Low
07e851bd09,0.15703436676343063,1,Low
07f1b094ab,0.118435206744234,1,Low
07f1b1d87e,0.6623839967501897,1,High
07fa36b2a7,0.22867900038352557,1,Medium
07fe59b72a,0.31778237572743684,1,Medium
07ff333767,0.18719225093298386,1,Low
08065e9b20,0.22931280611009955,1,Medium
0806c98236,0.08261598309100326,0,Low
080dbe1954,0.03569995464704135,0,Low
08101fb4bf,0.023817545815334476,0,Low
081131d547,0.6885064411720392,1,High
0813ca1be2,0.2029055355224109,1,Medium
08148dd091,0.052042318119448004,0,Low
082189147d,0.03960299982907322,0,Low
0826eb8a77,0.06544182592004376,0,Low
08402aeeba,0.1156505249046665,1,Low
08403760f7,0.016547386773830827,0,Low
0841b720f3,0.06687288909548891,0,Low
0843ca154d,0.42073568022969676,1,Medium
08455f74ac,0.05960903659092887,0,Low
0847ecddec,0.3594122579550454,1,Medium
084d206215,0.27530244477165167,1,Medium
084f14696d,0.027303873785981383,0,Low
0852495cbd,0.12539034229784352,1,Low
0853d04bc7,0.085793349706596,0,Low
08551fd168,0.11968028018210818,1,Low
0857bf6ddb,0.20228312249035077,1,Medium
085828866d,0.11933119072959118,1,Low
085a3c3e44,0.04175163087975745,0,Low
085e4cfba7,0.08737988198509877,0,Low
0863578ea6,0.023640701819828833,0,Low
086bb2dff9,0.06670189845233505,0,Low
086d8a0c01,0.1333237885240177,1,Low
086e19af6a,0.2501129052866121,1,Medium
0871f6e000,0.04808557734159938,0,Low
08726358d9,0.10433705137789809,1,Low
0873ba3872,0.1990103268081105,1,Low
087474255f,0.1624503603213187,1,Low
087adf803b,0.15841762612997123,1,Low
087fa342ef,0.07421139001047944,0,Low
08873a8963,0.2423126968489015,1,Medium
088cfa891d,0.1844492615770811,1,Low
089018778f,0.05292540863429905,0,Low
08989ce8b0,0.7167920200629339,1,High
089c99f0c5,0.13334649656736006,1,Low
089d96e7a8,0.15518933845788727,1,Low
08a902d519,0.04324082211576668,0,Low
08ac0aea1f,0.29382599871954657,1,Medium
08b87a7fde,0.08025800123015664,0,Low
08be71edf2,0.4026679439764993,1,Medium
08c444840f,0.22725143291243302,1,Medium
08ca4a8b32,0.07890415057321595,0,Low
08cc289b7d,0.04029740284755471,0,Low
08cea894c0,0.29583252319273584,1,Medium
08d06cb518,0.09174247336994516,0,Low
08dcd11cca,0.1432266566116062,1,Low
08de4df020,0.08827273592581689,0,Low
08e3090510,0.04435151218937089,0,Low
08e67c0761,0.07051064317645647,0,Low
08ea241cc2,0.061715791572867315,0,Low
08ebdb4d39,0.22426263830146548,1,Medium
08f01ad011,0.06912768960054243,0,Low
08f0431411,0.12917865168407536,1,Low
08f126120c,0.05246386415691187,0,Low
08f2dfc707,0.07880260883162435,0,Low
08f588f707,0.07779765462371396,0,Low
08f9f082b1,0.10853826824289513,1,Low
08fb1e2f08,0.1608031842464119,1,Low
08fbc85d61,0.38220047955791386,1,Medium
090d6c5d6c,0.05777018289204791,0,Low
09102958fe,0.13805355366720834,1,Low
09118d76c9,0.1728933093642368,1,Low
0916ba9ec7,0.11389034135456653,1,Low
0920e68ea2,0.3853810136211548,1,Medium
09227a04a1,0.4218070539089023,1,Medium
0922cbbf80,0.2135637360127893,1,Medium
09241d5bd1,0.040647990840412984,0,Low
0926270193,0.042181548189372045,0,Low
09285839ea,0.031846430636281765,0,Low
092a024b0a,0.12442872230945219,1,Low
092f62c722,0.03354175498933552,0,Low
0930437c57,0.04225332469573011,0,Low
09355d364f,0.16210161195918163,1,Low
0935b86e8f,0.11613325108749227,1,Low
093af1d156,0.17828754696001461,1,Low
093c525c4a,0.04650798193112468,0,Low
093d870e7a,0.07769747527178404,0,Low
0941da6a10,0.24215776329644953,1,Medium
0941f09e9a,0.22077738464407576,1,Medium
094258f453,0.08943489574824064,0,Low
09426fa168,0.12247732640733938,1,Low
0943a78a10,0.15801753764219748,1,Low
09477c2f10,0.2083124334112307,1,Medium
094e7e428a,0.1987126507973448,1,Low
09572e45dc,0.07570948435359776,0,Low
0957c4c74d,0.09119024765371757,0,Low
0959ac078c,0.031959123485772435,0,Low
095ac518a4,0.04537391858909052,0,Low
095ad3c05f,0.03729235197872224,0,Low
095e6fed40,0.11073233645815635,1,Low
096251a593,0.12212380324267506,1,Low
096468165c,0.1348553625663542,1,Low
0964e267d4,0.38367283220736353,1,Medium
0967ab72b8,0.13744377865956445,1,Low
096a15c142,0.08571986315110303,0,Low
096ee9ab3b,0.07023410073430263,0,Low
09729f7de1,0.09349363050958615,0,Low
09757d830a,0.10253048395865004,1,Low
097b1fd9c9,0.13586489696065235,1,Low
098302fd33,0.04706229291065094,0,Low
098367337d,0.16368330238457288,1,Low
098751ca7b,0.030769415796069385,0,Low
098c9cba44,0.19487625688233148,1,Low
09910e1e62,0.0913687060964661,0,Low
0993075ecc,0.07351880470469352,0,Low
09946f676f,0.09676648232229514,0,Low
09957701a4,0.24033462019063434,1,Medium
099b190ecc,0.06633265829294001,0,Low
099b4235ca,0.16027967912427463,1,Low
099c53ddc7,0.05635374379911082,0,Low
09a06863c1,0.20264109774928013,1,Medium
09a4f9573f,0.07505444899948713,0,Low
09a9127eb0,0.07796635527544862,0,Low
09a94293eb,0.20318772887480133,1,Medium
09aaa94336,0.10573930670294757,1,Low
09b54f0d2b,0.06375072682529294,0,Low
09c175dc35,0.055616598935754186,0,Low
09cbc1a574,0.230407556156065,1,Medium
09cc690f55,0.0327157131866749,0,Low
09cdc39333,0.3322608995514469,1,Medium
09cfece4d7,0.17903798445697136,1,Low
09d422c159,0.04805374382228164,0,Low
09d4309731,0.15180866868421114,1,Low
09d9ba481d,0.09036511767337407,0,Low
09dbb22b79,0.43707040657958574,1,Medium
09df51c962,0.053234778860294714,0,Low
09eb07fa99,0.18396813583752455,1,Low
09f04bfcbc,0.052996624528739905,0,Low
09f3cf99fb,0.12034892224017758,1,Low
09f6a5c221,0.06684743217922723,0,Low
09f6c463d0,0.2127536657747609,1,Medium
09fae49b60,0.05143719654375408,0,Low
09fd53039e,0.04428274784656578,0,Low
09fe5f381a,0.02410450294317768,0,Low
09ff2faa99,0.0854986947139891,0,Low
09ff725a83,0.09453582045296924,0,Low
0a030f84ef,0.07753628807446995,0,Low
0a0968cfc7,0.04300587245373484,0,Low
0a0f98be22,0.07361367246196529,0,Low
0a1e9c13ec,0.1011593511994687,1,Low
0a21b2abd7,0.1495163717494238,1,Low
0a225a1162,0.11386084572909755,1,Low
0a2b4641c6,0.06071403320554675,0,Low
0a2c9e6bd5,0.04612330964776107,0,Low
0a33e36fe0,0.17708649594624684,1,Low
0a368ddd97,0.06021457084707269,0,Low
0a37f3b437,0.2496308863267717,1,Medium
0a3936a857,0.0218970472487911,0,Low
0a40ee613a,0.015968307158568756,0,Low
0a43572fc5,0.05774899144134974,0,Low
0a48d4cbb3,0.050751909433552435,0,Low
0a4c239be8,0.14060340885196151,1,Low
0a4e6ce9f9,0.06283546482024212,0,Low
0a4f939a4f,0.07882849422466648,0,Low
0a51061f5c,0.35367320254520873,1,Medium
0a5243c938,0.2564026065176007,1,Medium
0a5de439af,0.08469005451651662,0,Low
0a61536de2,0.28072416390554056,1,Medium
0a65c4c9cf,0.20507054822264453,1,Medium
0a66d9cc39,0.09521487254780026,0,Low
0a675131a2,0.08888808243155649,0,Low
0a6a7eed9d,0.040658359057207306,0,Low
0a6d3686dc,0.17839710103293432,1,Low
0a7756820f,0.3517503874909085,1,Medium
0a79c6041d,0.042198571115012816,0,Low
0a7d2aef80,0.043524364827938145,0,Low
0a818d5e0b,0.048434442215013494,0,Low
0a8ccb9e87,0.5812914349389268,1,High
0a8f225e1c,0.08373593895100083,0,Low
0aa36ba64e,0.045040061522960445,0,Low
0aa46315cf,0.11237223812446272,1,Low
0aa605f407,0.059264701713393673,0,Low
0aa60eba4b,0.057679486350325895,0,Low
0aadc4ed79,0.07849218229678183,0,Low
0aae1d6386,0.14105516722767586,1,Low
0ab6b32eed,0.13148616806322122,1,Low
0abdaf1f59,0.16810519550386474,1,Low
0ac59eea40,0.055417547612742625,0,Low
0accb76048,0.03980217887590945,0,Low
0acdcd253b,0.1965648734153681,1,Low
0ad081a63e,0.07327913159443128,0,Low
0ad09f44f1,0.17718128754608833,1,Low
0ad79e4f0a,0.19201855895353048,1,Low
0ada6ff083,0.04389912336503261,0,Low
0ada87b224,0.07127093509363312,0,Low
0adee1f98a,0.4033387556768689,1,Medium
0adfd3afc2,0.08355636702994415,0,Low
0ae28435d8,0.11319992557654196,1,Low
0ae6a3b1ce,0.1885580322879834,1,Low
0ae8fb99dd,0.49033949190959897,1,Medium
0aea8ceda9,0.11740146805838389,1,Low
0aedc230e7,0.08877130600576985,0,Low
0af0eb0512,0.06615143525061563,0,Low
0af9a7ee48,0.08906241180609614,0,Low
0afd94e6ca,0.07792790570647905,0,Low
0b01c2e5c6,0.24910018240190968,1,Medium
0b0623601f,0.11466103299791348,1,Low
0b063b9322,0.08468285565820333,0,Low
0b0cb67c1b,0.08710337731542236,0,Low
0b0d51076e,0.09079807606732161,0,Low
0b0f776bbc,0.09486654350744196,0,Low
0b131e977b,0.03991800888753279,0,Low
0b1ca87add,0.18324713010630705,1,Low
0b1f8da8e0,0.33605332191164267,1,Medium
0b1fd5a26e,0.26947233484449357,1,Medium
0b2b4e4c92,0.03288877563840128,0,Low
0b2c1be72c,0.10373759437703176,1,Low
0b2f7903ec,0.2153335855635151,1,Medium
0b32eb4da6,0.07375954709012852,0,Low
0b36d3913e,0.01192684776869664,0,Low
0b3f67b0ce,0.033594527121340804,0,Low
0b47a27672,0.07065965870096173,0,Low
0b47cf10b9,0.039730261646458265,0,Low
0b5433fe79,0.03390065459102211,0,Low
0b57fb05d1,0.05628854160434196,0,Low
0b58f6b5a7,0.07827059610987759,0,Low
0b5bba75ea,0.14185811862941536,1,Low
0b651727a0,0.10036075578438966,1,Low
0b668daf64,0.11796307233546673,1,Low
0b68003e4d,0.10008803726056258,1,Low
0b687cb5f9,0.17559186042160263,1,Low
0b6ed499ef,0.3183030217101137,1,Medium
0b7b2632b8,0.06485219675279473,0,Low
0b7e4fc982,0.3390007987952093,1,Medium
0b8479f32b,0.3326400280857172,1,Medium
0b8e8d5f19,0.08297537682194171,0,Low
0b92ea8b46,0.4044698149248548,1,Medium
0b931160bb,0.16220907902701073,1,Low
0b93595179,0.07002347639859174,0,Low
0b9a4f8111,0.0539804614979964,0,Low
0b9e708ae0,0.12489780684701719,1,Low
0ba24a580e,0.0739599178326024,0,Low
0ba3d136c2,0.3098684765286447,1,Medium
0ba6dab046,0.31555377240309923,1,Medium
0ba7b99b31,0.3732407513675088,1,Medium
0baa8bb075,0.07579337327531424,0,Low
0bb1009f6a,0.13101861141076998,1,Low
0bb3f33efb,0.09278937894777875,0,Low
0bb4ab641d,0.07027296739647013,0,Low
0bb51cbc98,0.02413688804693515,0,Low
0bb85b82f4,0.1672097253614015,1,Low
0bc00d2968,0.23455710899380097,1,Medium
0bc9f60669,0.10929113566084904,1,Low
0bca101793,0.11169451918959748,1,Low
0bcd41e46d,0.03252866488243567,0,Low
0bcd8583e9,0.02955248808910257,0,Low
0bd42071f6,0.059848865146722476,0,Low
0bda4523bf,0.07832110420069319,0,Low
0bdcf53069,0.041034713232528094,0,Low
0bde41537a,0.06899690684263834,0,Low
0bdfe6a0e2,0.2658834699417833,1,Medium
0be12dfab7,0.12627384248725496,1,Low
0be267e8ad,0.032444907871552665,0,Low
0be82e6c0d,0.05479948466667623,0,Low
0be8777937,0.037883268918928625,0,Low
0bea9c30ee,0.13247641864339008,1,Low
0beb618e77,0.04246958652585009,0,Low
0bee12caca,0.35766365051513804,1,Medium
0bf0e61825,0.05272508880381797,0,Low
0bf1a8b250,0.05193632392668849,0,Low
0bf2424541,0.12402473950448882,1,Low
0bf43218ed,0.12549656506862883,1,Low
0bf4b22d04,0.04945560962894576,0,Low
0bfefd35ed,0.04754784759361514,0,Low
0bff4f8377,0.18710697677713842,1,Low
0c024c1be1,0.14613026438668694,1,Low
0c084d1a6b,0.07797399712233168,0,Low
0c0ac510e5,0.41326339847038607,1,Medium
0c0ae44dde,0.03246384392448799,0,Low
0c13637c6e,0.08265161248349039,0,Low
0c198650ee,0.07738993465154013,0,Low
0c1c512d1e,0.119196983270984,1,Low
0c23f61d7b,0.06916394522360182,0,Low
0c244a23e1,0.2559571124922857,1,Medium
0c24609a4f,0.0341817489650459,0,Low
0c26dbbcfd,0.12070569196357273,1,Low
0c2b375775,0.14867262731539657,1,Low
0c2d219999,0.21143341671491098,1,Medium
0c31c773d8,0.2342437203300029,1,Medium
0c3549c207,0.08810607558610933,0,Low
0c37a76b02,0.09020395504714666,0,Low
0c390f37ad,0.21195618987439008,1,Medium
0c3e1ef84d,0.053621438835515026,0,Low
0c4062c9e5,0.046886898604670074,0,Low
0c42bbb283,0.31253030952508326,1,Medium
0c44a28b8f,0.21745706149488647,1,Medium
0c4782dece,0.05187854527896903,0,Low
0c5171b0d5,0.0653035678642418,0,Low
0c56af91d5,0.06919810636082795,0,Low
0c594d1558,0.19732163915432813,1,Low
0c5ad6d748,0.11361377142220397,1,Low
0c5cad3546,0.23987994700041343,1,Medium
0c61e087d2,0.10928439465374656,1,Low
0c66ea4d1d,0.06984886086813895,0,Low
0c68442d4e,0.39183061837265615,1,Medium
0c6d14bf2b,0.15825771679348574,1,Low
0c6f764321,0.11203027789994098,1,Low
0c799da032,0.08462100732057493,0,Low
0c8159a099,0.14139201110688404,1,Low
0c81c0c4a5,0.0416312537135032,0,Low
0c84eef122,0.12466744093391904,1,Low
0c9164c1d8,0.22743922477079764,1,Medium
0c92129b42,0.1428739467198764,1,Low
0c93356b5c,0.03739077165422976,0,Low
0c93599169,0.07077077851832489,0,Low
0c9876b009,0.06795392359878302,0,Low
0c9c2ffb86,0.0529510803502362,0,Low
0c9fb7a793,0.12920269225926587,1,Low
0ca1f966b6,0.224472583381474,1,Medium
0ca2b2bb6d,0.06034046860659747,0,Low
0ca56473c6,0.16405408689067802,1,Low
0ca7aa3be0,0.016027647955755717,0,Low
0ca7cb8baf,0.03351688097922852,0,Low
0caa05b09d,0.051731709785719227,0,Low
0caa43a896,0.22392536671640345,1,Medium
0cae25a972,0.17774721225778267,1,Low
0cafd6432c,0.03730466259891641,0,Low
0cb42a220d,0.10263901289865263,1,Low
0cb4780f4e,0.08010887667845061,0,Low
0cbd1f7d6b,0.059923081105271635,0,Low
0cc41c9fe5,0.06325322702168637,0,Low
0ccdbc85ce,0.07348451058699157,0,Low
0cce6da72c,0.33709737546311375,1,Medium
0cd1bb1036,0.12412560670307972,1,Low
0cd27743e0,0.0983901821031353,0,Low
0cdd8c3614,0.04530961894537357,0,Low
0cde534090,0.10829215998401849,1,Low
0ce295164a,0.13548386783802147,1,Low
0ce4386ef7,0.258416281620603,1,Medium
0ce4a3caed,0.04206763420694363,0,Low
0ce4ad9e8d,0.10721632551709133,1,Low
0ce512e932,0.04758025602525224,0,Low
0ce7d87e23,0.043615976998925575,0,Low
0ce919b6cb,0.20991953458340878,1,Medium
0cec31cd8c,0.07706895169273252,0,Low
0cec42afbd,0.1400149353032999,1,Low
0cecd69861,0.1039657529378476,1,Low
0cf21f5156,0.1503577642671562,1,Low
0cf22ffa96,0.09108354887202791,0,Low
0cfead1c5a,0.2324313913372871,1,Medium
0d036a1e2b,0.43557856449682514,1,Medium
0d0cd11c16,0.27436036641611267,1,Medium
0d10c2a524,0.09386332769262155,0,Low
0d13ef9249,0.17586193425497637,1,Low
0d17ccc53f,0.14604054798989033,1,Low
0d1918978c,0.12096343269955417,1,Low
0d1cb346fd,0.09289555361166303,0,Low
0d1cfaa099,0.02889496403639916,0,Low
0d1eaf3e01,0.29317320369602656,1,Medium
0d24212039,0.0789607021419573,0,Low
0d2a5095a0,0.13555368598266848,1,Low
0d3296c2f3,0.20901982579417422,1,Medium
0d36364161,0.03998237010299144,0,Low
0d3b945628,0.12362919722093924,1,Low
0d3bb6525b,0.1672572698798654,1,Low
0d41196a30,0.41064622473198054,1,Medium
0d42c8b932,0.10087180879155902,1,Low
0d4344ef5a,0.13781455445056404,1,Low
0d48b42291,0.0964817149470372,0,Low
0d4bccd78e,0.2574892660254017,1,Medium
0d4bf32f88,0.13583904016920684,1,Low
0d4c38b281,0.05447545686445422,0,Low
0d4d17b325,0.038764058815324555,0,Low
0d4f12d076,0.37020806664512773,1,Medium
0d5753f482,0.048834588033035156,0,Low
0d5c993b2e,0.3168812780292524,1,Medium
0d5d4b98d4,0.050978582088605215,0,Low
0d60887140,0.03651559230711128,0,Low
0d62708ec1,0.3589634704553067,1,Medium
0d62e77736,0.03857238086567734,0,Low
0d63694a00,0.040131457162472836,0,Low
0d6454867b,0.026944513188723467,0,Low
0d66d28b43,0.15151630499213117,1,Low
0d6aedca2d,0.09764399644145887,0,Low
0d712d9db9,0.19932496830028396,1,Low
0d73e2172d,0.19620337124158307,1,Low
0d7643635c,0.29772877115676527,1,Medium
0d77136e56,0.29650201225467926,1,Medium
0d7c23c8d6,0.037576344530819754,0,Low
0d7cc87502,0.04572444891448668,0,Low
0d7ec22eb4,0.21142192410711738,1,Medium
0d813933d3,0.1077737791128274,1,Low
0d877f98aa,0.1452089896541829,1,Low
0d88f7f49c,0.04147811799353658,0,Low
0d89c6373b,0.18265253955987776,1,Low
0d8a529ab6,0.03387203551770919,0,Low
0d8b7cb9f5,0.027313100426949517,0,Low
0d8c560cac,0.15836570308238668,1,Low
0d9133e084,0.2666588489480587,1,Medium
0d93bb09a7,0.10420149482603092,1,Low
0d994a1761,0.13893486984752654,1,Low
0d9b24ffdd,0.07636210345559154,0,Low
0d9d275baf,0.12159625818381761,1,Low
0da09df2b0,0.04285102317536263,0,Low
0da4a74e83,0.140356998364858,1,Low
0dae9bef0b,0.038290098574625994,0,Low
0db7034ff6,0.07565371441923166,0,Low
0db8fce379,0.19305137635016723,1,Low
0dbfb5c82a,0.05847324344979882,0,Low
0dc5476351,0.25932197732887635,1,Medium
0dc672c46e,0.036929361355832684,0,Low
0dc87de366,0.28778014428242643,1,Medium
0dca80a175,0.0984640737636959,0,Low
0dcb0fc7be,0.07375094879374537,0,Low
0dcd49cfd2,0.15216899741530682,1,Low
0dd689d8e9,0.1729896023327641,1,Low
0de4006e50,0.04468897385176054,0,Low
0de4a1c68f,0.07374503048543288,0,Low
0de5f1e084,0.06323543821595749,0,Low
0de9ed72ad,0.0949052288679088,0,Low
0deae8ce10,0.5874750315523783,1,High
0debaa5db8,0.22751953718006956,1,Medium
0df08fd489,0.013965925775188808,0,Low
0df16ab135,0.2774066341471317,1,Medium
0dfaeda95c,0.1439979015775232,1,Low
0dfc7c06ed,0.06411776653034293,0,Low
0dfee0b8e2,0.14338468853835515,1,Low
0e02b5c28e,0.0634452141515245,0,Low
0e05860051,0.02509411370837552,0,Low
0e0673e9dd,0.04182232717560553,0,Low
0e06e3335f,0.041451518857553375,0,Low
0e07671003,0.0334034478688222,0,Low
0e0a1ad906,0.5423171497207028,1,High
0e116f7c30,0.10643334124635057,1,Low
0e1429703b,0.14451359062853059,1,Low
0e1698e3d1,0.15605645203987137,1,Low
0e1e4a233d,0.03779543560195277,0,Low
0e20dba78c,0.11012708481787814,1,Low
0e2395ddcd,0.09230744722429801,0,Low
0e2a919530,0.04882501403579207,0,Low
0e32163b50,0.17307393739871427,1,Low
0e38673d3b,0.051774214549240236,0,Low
0e39395bc0,0.055763285654447846,0,Low
0e3d12ae24,0.033636412004868374,0,Low
0e3f3a516f,0.22387111649968622,1,Medium
0e407a9445,0.12191792306623872,1,Low
0e4587bb08,0.0636303751858246,0,Low
0e48801b5d,0.038154149397590514,0,Low
0e4914f003,0.3229223580920305,1,Medium
0e52ef0dd1,0.087736916597031,0,Low
0e585d3b61,0.05737807520711104,0,Low
0e5942b290,0.03796378873148228,0,Low
0e59850c56,0.5913924156801146,1,High
0e5cd5e856,0.04992126458575534,0,Low
0e6451f297,0.08533786559727662,0,Low
0e69b6cb53,0.11769307492173925,1,Low
0e7a8f9cc4,0.06130000716086445,0,Low
0e7caa8b6a,0.31891559014872367,1,Medium
0e7d9e826c,0.24417793049253625,1,Medium
0e7df19243,0.039133248607843875,0,Low
0e7fed3549,0.06943151716187175,0,Low
0e80e45087,0.10032573223616222,1,Low
0e857bc0bc,0.042272460275225056,0,Low
0e87a8feda,0.12804514029138467,1,Low
0e882edb5d,0.23236490575997493,1,Medium
0e885b98aa,0.15509517078696153,1,Low
0e8acc2077,0.520326863574515,1,High
0e8e510e94,0.09260666438859967,0,Low
0e919fe993,0.0778950302678214,0,Low
0e94700e25,0.09743430571067763,0,Low
0e9512f87a,0.16063327680782308,1,Low
0e95e0258c,0.0601150567361345,0,Low
0e9e86f1d4,0.14349092869260066,1,Low
0e9f5609be,0.13891648227394546,1,Low
0ea96f87ae,0.16893687434059182,1,Low
0eac667d97,0.22141809908534738,1,Medium
0eb0440dd6,0.17418034563505422,1,Low
0eb1f87e19,0.07033485897723991,0,Low
0eb3eec3d3,0.090273382210907,0,Low
0eb43a3bf3,0.060725651055062994,0,Low
0eb593d35d,0.08930936088588493,0,Low
0eb727c7a6,0.11746048401335672,1,Low
0eb8e1d367,0.11686516688766803,1,Low
0ec53512b9,0.254996160757718,1,Medium
0ec62a6ab7,0.039509420407825624,0,Low
0ec9685547,0.1013335209951236,1,Low
0ecb044194,0.10056068896094468,1,Low
0eced17b8a,0.0760019315625125,0,Low
0ecfc382d2,0.24962006606352674,1,Medium
0ed176e9ac,0.08799700059144577,0,Low
0ed4573bbb,0.1142294453121946,1,Low
0eda169f87,0.12285679543447722,1,Low
0edc862a70,0.22176794686311904,1,Medium
0edd74ec2e,0.16708524274347414,1,Low
0ee1f898c9,0.04045374652244395,0,Low
0ee70b4e35,0.23609209673906212,1,Medium
0ee8944a60,0.0873977307991174,0,Low
0ee8a956e7,0.22435193438924664,1,Medium
0eebcbd236,0.16771365989079728,1,Low
0eefcf0453,0.2093519624926482,1,Medium
0ef1650a2b,0.07192471206827576,0,Low
0ef23f3dfa,0.024206728574913416,0,Low
0ef2581c5d,0.08987023201344138,0,Low
0ef3d173ed,0.038203336760943486,0,Low
0ef65c8a21,0.028167759006554834,0,Low
0ef6aef3fa,0.06900179669046047,0,Low
0efc6391d4,0.11097149574262032,1,Low
0efcb06850,0.1772816851161004,1,Low
0f0e5fc4fc,0.2546453274742832,1,Medium
0f15a551b1,0.45582556104216354,1,Medium
0f16f7e6a9,0.1035364543316772,1,Low
0f1ac11ba4,0.09089606567847332,0,Low
0f1df46167,0.20889652659236427,1,Medium
0f1e3fbce9,0.37433006767894683,1,Medium
0f1fbbc825,0.09727683683022685,0,Low
0f2989084a,0.1939859035313281,1,Low
0f2c81f392,0.09441585818330316,0,Low
0f2df62560,0.1627890386277212,1,Low
0f3d89a1ae,0.15291996903152408,1,Low
0f3da750e7,0.012807281391709035,0,Low
0f45518999,0.11728876218467423,1,Low
0f49600790,0.10187797012330888,1,Low
0f49920470,0.17314954187690737,1,Low
0f4a1a9c13,0.0425322602824014,0,Low
0f4d8b2223,0.08733421632550534,0,Low
0f54b02388,0.19916135510498936,1,Low
0f56c9bdf1,0.06173897567477922,0,Low
0f56cef36a,0.06525312452585784,0,Low
0f5704a40c,0.1460673082164193,1,Low
0f5aa92e1a,0.21258024919874363,1,Medium
0f5bf070f5,0.14986789213660973,1,Low
0f5de9cd00,0.050696351882563696,0,Low
0f6325b549,0.049271194728114115,0,Low
0f6c25fd41,0.06038114378124936,0,Low
0f6dd4443d,0.06732379102945486,0,Low
0f70569c82,0.17001259686756628,1,Low
0f79b7d111,0.0775716209362726,0,Low
0f7b8a27a2,0.052234070893814634,0,Low
0f7c569942,0.35002976292475363,1,Medium
0f7c69f19e,0.07434173801980222,0,Low
0f828b901f,0.050615834097813506,0,Low
0f856357ec,0.1331457236794708,1,Low
0f862889ae,0.13814208658503874,1,Low
0f86929287,0.04242752392776988,0,Low
0f91d5b69f,0.18254167892646186,1,Low
0f96346423,0.20241224474463085,1,Medium
0f9c30963e,0.2829265982901642,1,Medium
0f9f9f8a38,0.10444038493687645,1,Low
0f9fa6dee8,0.06068686680869184,0,Low
0fa14ab9d6,0.5530751554407506,1,High
0fa3d6c88c,0.3972043910790046,1,Medium
0fab40dc78,0.057991937688221175,0,Low
0faeac7358,0.025081295087159464,0,Low
0fb445d4fb,0.16757100587794743,1,Low
0fb7bd178f,0.07410947339116158,0,Low
0fb850d27b,0.08278917465792143,0,Low
0fbac742b7,0.0629677754845722,0,Low
0fc11a4043,0.26480816666023826,1,Medium
0fc1b3076d,0.02231483677799859,0,Low
0fc4a37c7a,0.13724363951348914,1,Low
0fc534b885,0.12474071719176658,1,Low
0fc744d344,0.07077480263907286,0,Low
0fcc46f07f,0.4278886616695292,1,Medium
0fd5dfa875,0.05836775842168893,0,Low
0fd731bd54,0.08480177893526493,0,Low
0fd92fd33d,0.04425124436342224,0,Low
0fdb51127b,0.043537688487742816,0,Low
0fdb87b3ea,0.11731385323727965,1,Low
0fdd9960bb,0.08080218802417756,0,Low
0fde12175f,0.12585467944801082,1,Low
0fdfff75c8,0.06670454110905759,0,Low
0fe06a0dad,0.8659544833875291,1,High
0fe3a0e4dc,0.21704417113539815,1,Medium
0fe3f51f97,0.13654767575070526,1,Low
0fe77190a7,0.10213955724951503,1,Low
0feaac6deb,0.04466760670569874,0,Low
0feb2e7ccc,0.22106499784940242,1,Medium
0ff516cedf,0.13094377862205286,1,Low
0ff5272fcb,0.07948580205036357,0,Low
0ff9aca34f,0.02177681638627726,0,Low
0ffca360fc,0.16584140974498038,1,Low
100add28e1,0.038425998813221514,0,Low
100d003558,0.058857277032178384,0,Low
10104c4994,0.08730778182970118,0,Low
10112c7e5a,0.0322994478431853,0,Low
1011f17d90,0.05019339260444491,0,Low
10141f1a4d,0.07845947931977264,0,Low
10180af90f,0.14483378292189789,1,Low
101994c220,0.23914157205315045,1,Medium
1029c7ba99,0.15395358099862685,1,Low
1032f275b2,0.1525541049195746,1,Low
103849e35c,0.10682708332288285,1,Low
10398feaf9,0.04978880945057005,0,Low
103fc107b5,0.2563917105267703,1,Medium
1040b85a67,0.11899614584296371,1,Low
104703e8c3,0.552308897769463,1,High
10488e4294,0.10182508749747618,1,Low
104937cf22,0.10670724787133345,1,Low
104b817669,0.26729941346439634,1,Medium
104c891e03,0.06375406677072833,0,Low
105310cdbe,0.022503567759415265,0,Low
1053424270,0.1721088727103366,1,Low
10598443ce,0.5188325968517178,1,High
1061c65777,0.08080183219302901,0,Low
106762c748,0.11571526734160079,1,Low
106e0e1b9b,0.09353470879068516,0,Low
106e5fe04d,0.11272146281726794,1,Low
1070bc1d36,0.09595575233885942,0,Low
10718c1cd6,0.2315370184955798,1,Medium
10757519ce,0.07043575872754583,0,Low
1077defa56,0.09194553011405805,0,Low
107801ef84,0.27259000551948637,1,Medium
107a3264f5,0.20229075259126134,1,Medium
107f1f98af,0.06570512673974117,0,Low
108052a1dc,0.17035488884555944,1,Low
108823d7ce,0.1255280218446402,1,Low
108fa6ab31,0.24248706291770997,1,Medium
10909166f1,0.16343633623520856,1,Low
109442582f,0.10145472124217647,1,Low
1096b1493b,0.07641199288988053,0,Low
109d963850,0.060828050264624005,0,Low
109f3dff00,0.15503815685302502,1,Low
10abe11333,0.021999234787748012,0,Low
10adf656fe,0.05355865435142902,0,Low
10ae3a99ac,0.05469818045583377,0,Low
10b26a5817,0.31586239808736705,1,Medium
10b66d0fd9,0.045343322769050724,0,Low
10b72483e1,0.024615998002454186,0,Low
10ba626eba,0.07767074322487434,0,Low
10bcedff3a,0.04204346629148273,0,Low
10bd4a52a1,0.4570719289350683,1,Medium
10c14997da,0.03761126786006901,0,Low
10c6077a98,0.07474969157795522,0,Low
10c6dc6835,0.06007360161156197,0,Low
10c787d928,0.02762018971157585,0,Low
10c94575ca,0.03194943074990117,0,Low
10cc44f34c,0.1145774746443548,1,Low
10d86ac966,0.056107982388845276,0,Low
10dcdd3455,0.3862404265148021,1,Medium
10de23200c,0.41311694064473375,1,Medium
10ded118dc,0.04206309825495051,0,Low
10ea2ffe98,0.1914164020234411,1,Low
10eef04923,0.15090671780926015,1,Low
10efe3636e,0.15037168055778863,1,Low
10f1651901,0.07300512794765929,0,Low
10f57bf081,0.05061674860816598,0,Low
10f584e08a,0.044691222123363496,0,Low
10f5f77257,0.06005324097448011,0,Low
10ff6e73d3,0.06028616786171267,0,Low
11032ac7d6,0.03237604732252673,0,Low
1104d92a1d,0.03912655657558105,0,Low
110a3706b1,0.02449233096699108,0,Low
110ace8061,0.07048432152039966,0,Low
110f8e6c18,0.04072729774395759,0,Low
11107137f1,0.8505994533479204,1,High
11113e1847,0.011964350038403038,0,Low
11153452ec,0.13308495226348607,1,Low
111a7d2fac,0.1566789291737684,1,Low
111d382410,0.039779066283773416,0,Low
111f61eae8,0.09161414971841031,0,Low
111fb168c7,0.037788741787084426,0,Low
11242f5467,0.2740988804614359,1,Medium
1126ba2fe6,0.05466498233699762,0,Low
1127408530,0.03340875973950358,0,Low
112814a333,0.25003773905016446,1,Medium
112da4149b,0.07510506175970198,0,Low
11306dc4f8,0.060696658517099204,0,Low
11310e6ebd,0.20647164864314319,1,Medium
11317ca424,0.044084212137545785,0,Low
11365ed2cb,0.1800071319232568,1,Low
113819cfd0,0.11222505930967296,1,Low
113c5fc6f2,0.056146476629888205,0,Low
114017a7f1,0.38174407115847325,1,Medium
11413938f8,0.04122289320041044,0,Low
1142b04fb2,0.1409652317329605,1,Low
1149f796e0,0.4956841304952129,1,Medium
11500aaaad,0.1541118307007661,1,Low
1153f53e70,0.12848185364532563,1,Low
1159ae69ad,0.42966136591380794,1,Medium
115c6e2069,0.1666842779028594,1,Low
115d17b0a3,0.0962612870574761,0,Low
11660c3c0e,0.08900008717777758,0,Low
116c89da90,0.1644175686135268,1,Low
117487b8e7,0.18511186144481126,1,Low
117511c7a0,0.19388740025490198,1,Low
1176a044aa,0.08878763270267652,0,Low
117b41828c,0.026604024004790464,0,Low
117fef61e9,0.08724365642739196,0,Low
1180b87212,0.08387499844917523,0,Low
1184de6daa,0.03890410016058408,0,Low
11967b57cc,0.0447310783929551,0,Low
1196e76b28,0.07535339688091683,0,Low
1197a434b2,0.31193541335470787,1,Medium
119e6af832,0.19146517787449033,1,Low
11a403de7d,0.2075377736683771,1,Medium
11a6834ec5,0.18667440302476407,1,Low
11a8d6b499,0.1660572220689609,1,Low
11aa64291c,0.2072792426279559,1,Medium
11af42b84d,0.15166764946326416,1,Low
11b1555bd3,0.16879003617691066,1,Low
11b31beac9,0.05195743479658738,0,Low
11b45d0a2c,0.09231848952184604,0,Low
11b5c23e6e,0.6259665449747303,1,High
11bb729f2e,0.1981629038567441,1,Low
11bea33a5b,0.2082300997766691,1,Medium
11c1fc6f7d,0.2775409685141823,1,Medium
11caf5c82c,0.024291995629372166,0,Low
11cbffc770,0.03992229935517805,0,Low
11cea89ae4,0.024997370750571877,0,Low
11d3bcffb7,0.13823559488167272,1,Low
11d9ac9b33,0.15182285017957495,1,Low
11ddd30fa3,0.34263522170295724,1,Medium
11e852f05c,0.0979110929603207,0,Low
11e86cc826,0.15234182196498633,1,Low
11ec3fed5d,0.14565796732821568,1,Low
11ef3d2683,0.045762273818877305,0,Low
11f4d99aaf,0.032284786810942934,0,Low
11f5140aae,0.1710286786884578,1,Low
11f947f0a6,0.2658054630767263,1,Medium
120230c09b,0.1371277829806877,1,Low
120833dc3d,0.042035552723130004,0,Low
12096c47fb,0.061968556406103395,0,Low
1209da25ba,0.17508659484081054,1,Low
120b1669f9,0.04201305931201819,0,Low
120b5b4887,0.1419514743455373,1,Low
120bc1d8d3,0.28304359847354593,1,Medium
120cab5f70,0.14918370265590233,1,Low
120f0fb1a8,0.1228184170901478,1,Low
1218f1df09,0.06368306885831101,0,Low
12194f1acf,0.09887747294864861,0,Low
1221fe843d,0.0938147745796557,0,Low
122ab3b177,0.0648690214782796,0,Low
122b19f00e,0.07610194060892649,0,Low
1239b46fd7,0.26981480542560204,1,Medium
123a78add7,0.1829669513237387,1,Low
123df1ffd9,0.10720090168026618,1,Low
123f68d3a0,0.09589506351899059,0,Low
1241fc4ad5,0.302692855307375,1,Medium
1243726b8c,0.3421809633899578,1,Medium
1244117502,0.04754630563234933,0,Low
12481f0d16,0.15378365401936372,1,Low
1249673eb3,0.04597613076254669,0,Low
124bb5785d,0.06908757352915879,0,Low
124f3077ae,0.05753533078490833,0,Low
12539c47ee,0.20584526466788497,1,Medium
12560058b5,0.11382563442160781,1,Low
125916f177,0.15210901209577266,1,Low
125f070725,0.3231266000004194,1,Medium
126b78cdf5,0.1500857054989969,1,Low
126e0bbbdb,0.048807655382140304,0,Low
12705b685f,0.06009253163041201,0,Low
1274a1540b,0.1333856240395341,1,Low
12795b8f10,0.3419768464775485,1,Medium
127e7e1d7d,0.14504446927708278,1,Low
1284bed8dd,0.301686212484822,1,Medium
1287773328,0.07005839788846877,0,Low
128a7e2403,0.09846037456565133,0,Low
12928f583d,0.12868154374269855,1,Low
1294baba4c,0.1805730901286528,1,Low
1294dd1327,0.04281737278543797,0,Low
129b16c48a,0.16677708305754374,1,Low
12a353aa4d,0.05558454894842862,0,Low
12a4a37cd7,0.08431746540496429,0,Low
12a725af79,0.17369728579246813,1,Low
12a7638cd0,0.16480549037180653,1,Low
12a7f7934e,0.11819870378132223,1,Low
12aa6eece2,0.12834819765132335,1,Low
12af8d5cf6,0.14069481318342947,1,Low
12b1277c43,0.15775011248323706,1,Low
12b881c51a,0.23813376131437344,1,Medium
12bd62bcd2,0.19608534398938698,1,Low
12c0033274,0.23320786293090573,1,Medium
12c93c49d4,0.1897250704206642,1,Low
12cdc524d0,0.10045742838724724,1,Low
12ce68253d,0.12214209649149549,1,Low
12d15d5138,0.07490115662977082,0,Low
12d49734ae,0.495127062344646,1,Medium
12d9d0354a,0.11887799899708866,1,Low
12e1e6fb73,0.12217724784347263,1,Low
12e36c3aaa,0.14897732633772864,1,Low
12e5bfb0c1,0.13092953281693093,1,Low
12ec5cf058,0.04613358143920461,0,Low
12ed62fbfc,0.2145864550579567,1,Medium
12ef826706,0.021967116313871098,0,Low
12eff0f6bd,0.010447217637228142,0,Low
12f11f3b38,0.042310576405892086,0,Low
12f3a909d2,0.26299329061976395,1,Medium
12f41904d4,0.03457237013428433,0,Low
12f6296d20,0.15312213875744446,1,Low
12fbaa9657,0.16177306870936148,1,Low
12fd44b798,0.1528311168082961,1,Low
1301f6de9f,0.13462579640336433,1,Low
1307ab23ef,0.04361746292712402,0,Low
1307c686b5,0.05401806225423177,0,Low
130816652d,0.12636421881037144,1,Low
130cf58884,0.31814345283157236,1,Medium
130f58b2a4,0.07562892343553675,0,Low
1311bdde46,0.7286523870461167,1,High
13153f43ac,0.04065258974264714,0,Low
1318c02e54,0.1405857914833343,1,Low
131edb2898,0.15779168259535326,1,Low
13202648b3,0.17997479913243297,1,Low
132250c6e1,0.2078292986608328,1,Medium
1328a27482,0.15316576336313542,1,Low
132a16fa33,0.034977267800312364,0,Low
132ca28884,0.13462124276352283,1,Low
132d5ade92,0.03296752517804479,0,Low
133203db48,0.08727794544953385,0,Low
133d982db2,0.09595628196077485,0,Low
1341920ac1,0.15771480760094675,1,Low
13442789a8,0.24816478396054828,1,Medium
134b613623,0.15566486749192399,1,Low
134ffdd0e4,0.022693514489418712,0,Low
13587d4413,0.0754453947878139,0,Low
135ac89189,0.02804648209383352,0,Low
135c6a51cb,0.29130293515490346,1,Medium
135ddd4103,0.4110874842643652,1,Medium
135f444e8b,0.10978797320288586,1,Low
1363290e2c,0.03832588599294396,0,Low
13637d63f5,0.04661590049805464,0,Low
136dac285a,0.07991950931177805,0,Low
137933bcd8,0.047560641287349825,0,Low
137983296c,0.3562593309527902,1,Medium
138a5f7d2a,0.15589364874656228,1,Low
13905b503e,0.07070129484951437,0,Low
1394778042,0.2756870952827384,1,Medium
13951ce51b,0.1019213059042668,1,Low
1395c2fb8d,0.14404484228988113,1,Low
1396968e4c,0.05745059258326957,0,Low
139913d51d,0.2935021407306692,1,Medium
139b91455f,0.14520181064364124,1,Low
139d5194f6,0.6761917823146604,1,High
13a13d0e1b,0.23081096908812224,1,Medium
13a24a1074,0.5992249477128049,1,High
13a32f9a8c,0.20482098996305942,1,Medium
13a7605179,0.21506050039568436,1,Medium
13a921803c,0.16895599275575898,1,Low
13b357dcdc,0.24598704322717838,1,Medium
13b6a2370f,0.022711321862131536,0,Low
13b6e79b20,0.0866147576168421,0,Low
13b802ccf0,0.03618625719454934,0,Low
13ba0e0f62,0.04232236094806066,0,Low
13bb473a28,0.6835049234761074,1,High
13bd421d39,0.2711694076382309,1,Medium
13bd6e09b5,0.09388660831145886,0,Low
13be7821a4,0.044342240974093006,0,Low
13bf133b6f,0.2065029855464911,1,Medium
13c57c4a66,0.07013118029819275,0,Low
13c94797bb,0.016726964499653506,0,Low
13cb535f06,0.16584588622143637,1,Low
13d39a9385,0.06434823980908513,0,Low
13d6e0bbe5,0.033133242083822255,0,Low
13d7344526,0.10187097293430168,1,Low
13e485acbb,0.12422833409447842,1,Low
13e76c84d1,0.12937355036226475,1,Low
13e8414e2a,0.1633858387623307,1,Low
13ea736965,0.034810343443777605,0,Low
13f542ec41,0.07402713563165303,0,Low
13f6ded8c9,0.04482568181364768,0,Low
13f752c38e,0.0996721595605961,0,Low
13fb267ddf,0.054338500024844166,0,Low
13ff647703,0.1157619654612505,1,Low
140036475a,0.18204291509534384,1,Low
1403104710,0.08650938055387539,0,Low
140d4d9129,0.04152716400443011,0,Low
1415eff37e,0.10478000622925913,1,Low
1416f21466,0.236309034537642,1,Medium
14191a0fe2,0.017673772652194754,0,Low
141d1a7a0c,0.23604068161139238,1,Medium
141e544768,0.05044982100026574,0,Low
141e746772,0.3517101388791617,1,Medium
141fd3a77e,0.31819090028583547,1,Medium
14208d9634,0.053629300181260886,0,Low
142473e5cb,0.12247621830772994,1,Low
142733c5ad,0.14780086927116298,1,Low
142ba201cf,0.07579747857940544,0,Low
142e2aea67,0.1341820848191325,1,Low
14357a9dce,0.3017791496955082,1,Medium
1437089a0d,0.058153295048438365,0,Low
143cbd9028,0.16099197132931306,1,Low
14407690ae,0.08475051934803167,0,Low
144306b5fd,0.04780983631159802,0,Low
1443340155,0.1172994442854887,1,Low
1444790bdc,0.06986204026803036,0,Low
1451d55bd0,0.040650505621077006,0,Low
1452ba20e0,0.05088584956143317,0,Low
14541da568,0.1841020147321307,1,Low
1455d580ed,0.11171163249692297,1,Low
14581982b0,0.33046270109501197,1,Medium
145b112d72,0.5397744682391574,1,High
145cbccea9,0.1691382489731506,1,Low
1460ffdfd4,0.4102093388909994,1,Medium
146190620d,0.059353654737718066,0,Low
1462aaa0df,0.05437506275616167,0,Low
146495800c,0.04505399560588721,0,Low
146892e6c6,0.18508628047635933,1,Low
14715e1905,0.10486330248388287,1,Low
14717344e7,0.1050225034667548,1,Low
147349700c,0.06577967154038943,0,Low
147692116e,0.2220095871603289,1,Medium
1476934b18,0.0248228166411002,0,Low
1476c15238,0.1381086714699507,1,Low
147da79c20,0.03169610160218422,0,Low
14830b03dc,0.313746261350022,1,Medium
14833da139,0.16021971533723822,1,Low
14837fcc39,0.2118540883025846,1,Medium
1483e2335c,0.48239108091978666,1,Medium
148407495c,0.049041994724256015,0,Low
1484254c50,0.12502624978111238,1,Low
1489996bed,0.09079592088227872,0,Low
148a592134,0.051264851492172005,0,Low
148b2ec312,0.04621899942567981,0,Low
148cccbf64,0.038464069308243996,0,Low
148e03ea0b,0.11751640183025718,1,Low
148edc6908,0.02307163245013429,0,Low
14904f7fe7,0.07707021892276474,0,Low
149940aefd,0.20078319194779137,1,Medium
14994180e3,0.03724876410666791,0,Low
149ea121d8,0.027433945787075687,0,Low
14a0ce4669,0.04633782563699513,0,Low
14a13f2018,0.02955033689493919,0,Low
14a9c2e63f,0.07841029325796936,0,Low
14ab0ce73c,0.06932171500100082,0,Low
14ae19e6ed,0.017486974346482255,0,Low
14b6f3fe54,0.49122240959372737,1,Medium
14b7b618c1,0.0417008770625525,0,Low
14b8a7ae3f,0.1450991217795103,1,Low
14c0ae875d,0.14028592435839227,1,Low
14c7adddbf,0.05235330718041854,0,Low
14c8ce9927,0.12455551356241344,1,Low
14ce9f1dd7,0.11883801832176046,1,Low
14cf1bec30,0.08068464469373267,0,Low
14d07b6678,0.14837328990739845,1,Low
14d2bbb07f,0.22224659432766658,1,Medium
14d7c141f4,0.032363768618417756,0,Low
14da0f0776,0.19319237966538588,1,Low
14db90a5bc,0.028026161753222777,0,Low
14dd5e9c45,0.12509133063795574,1,Low
14df2ba6d4,0.252895346018215,1,Medium
14e04bab54,0.11833529048939234,1,Low
14e0f18f18,0.1900760782178142,1,Low
14e17efc8f,0.03366250932605043,0,Low
14eb66ac00,0.05338933687364966,0,Low
14f2e7a1d3,0.10314808715506021,1,Low
14fd2970ca,0.1943344531071785,1,Low
150045139f,0.1371845058209077,1,Low
150e4b8279,0.1778425651314892,1,Low
150e8f0496,0.04581418538614215,0,Low
150ea47c25,0.2535735514824709,1,Medium
151067fbbe,0.06115913474140976,0,Low
1510b426b7,0.07837574879645057,0,Low
1513014b2f,0.08563636850561303,0,Low
1513e75d27,0.041812725894712896,0,Low
15140e9ee8,0.15588110648766532,1,Low
1514b9dd8b,0.13961942323091142,1,Low
151a266727,0.13755209223746145,1,Low
151cef894a,0.15834290709500146,1,Low
152153d934,0.42035926652514255,1,Medium
15216a9b11,0.04286543335358655,0,Low
15233ed160,0.10660644709054314,1,Low
152807c867,0.06465876967940425,0,Low
1529634c7b,0.07238666392839758,0,Low
15298b7c47,0.03897000763467762,0,Low
1529b9c947,0.07100473076865299,0,Low
152a810bc1,0.14491164208493915,1,Low
15361557a6,0.06842375040035743,0,Low
1537131679,0.0490222100291169,0,Low
15379575da,0.2618633963598193,1,Medium
153805450b,0.05161454627499407,0,Low
153962b4e6,0.04653062110490289,0,Low
153d85a066,0.11126940426090644,1,Low
153ef41d7a,0.12160342109517769,1,Low
153efd9ec0,0.12867475761490038,1,Low
154065558e,0.21177001300905648,1,Medium
154106c9f2,0.23845800428178443,1,Medium
1541647a7d,0.02749189786514293,0,Low
154729f679,0.02296436913866511,0,Low
154bf9097e,0.04127918998269205,0,Low
154d142bbe,0.12572401631580793,1,Low
1550cfb62c,0.19725839013563123,1,Low
155425235b,0.22143739442116153,1,Medium
1554bb4ab3,0.08884574694646392,0,Low
15571e51c6,0.053377436547591986,0,Low
155a8d2e26,0.2251739199366583,1,Medium
155eb74a61,0.025293224810480637,0,Low
1561c51ab2,0.21680069680159805,1,Medium
1561e372f4,0.06177809592232384,0,Low
1561ef594f,0.046695412563212926,0,Low
1564030290,0.10363662362119366,1,Low
156a886847,0.0760097798936585,0,Low
1576a1d9a0,0.06170441675783408,0,Low
15792a756e,0.115007976003124,1,Low
1579bd25eb,0.03472573267277001,0,Low
157b117bfc,0.09096759754516086,0,Low
1587bf2e32,0.10655489299574612,1,Low
158efbdda3,0.0967643361685668,0,Low
1598b76034,0.028667397037418423,0,Low
15a1b660e2,0.134473077008143,1,Low
15a2329771,0.10378177170874403,1,Low
15aa3814b8,0.4360603570052425,1,Medium
15aa820d07,0.11614700713312211,1,Low
15ac3a2d9a,0.11250791781703906,1,Low
15b68fca6b,0.029818184792178553,0,Low
15ba42816a,0.27982988002972337,1,Medium
15bd83dbcc,0.26105616597316217,1,Medium
15be516c4e,0.02751049756421879,0,Low
15bf0599d9,0.044019697924012675,0,Low
15c009a8c7,0.29580729506019365,1,Medium
15c70f35bd,0.13823517413771982,1,Low
15c7e19b7a,0.11892560577177194,1,Low
15ca039b15,0.12566167850287385,1,Low
15d2c5b21b,0.0678529303349649,0,Low
15dd1edf6f,0.058457313716243686,0,Low
15e102687f,0.040498701284592584,0,Low
15e1489e34,0.09472819901851379,0,Low
15e3d299e3,0.3104352706772217,1,Medium
15e6743afa,0.06199022725983148,0,Low
15e6a02fea,0.13439862776500694,1,Low
15ee2dc2f2,0.04055652850329478,0,Low
15f2231fbe,0.0920291245779246,0,Low
15f5a49a5f,0.049366836727008735,0,Low
15f9ac0fc2,0.5651696654309591,1,High
15fbdb968f,0.13882043289787885,1,Low
15fc080171,0.026603058781218006,0,Low
15fd09909c,0.05838492630825513,0,Low
16027d3968,0.06707810594598114,0,Low
160487b741,0.10543990337048646,1,Low
160532037d,0.08573181083774131,0,Low
16069d0e89,0.10485843439734553,1,Low
160a432511,0.05398765750637945,0,Low
160d11bfc6,0.17193101975500485,1,Low
160e506957,0.1328135207200909,1,Low
160fec6777,0.1579067478914968,1,Low
16125d063b,0.09642789115907002,0,Low
1612f09b9c,0.04988530798421409,0,Low
16130209eb,0.15319209150643978,1,Low
1614c95b38,0.08928911676753948,0,Low
16164b42ca,0.11296514000524978,1,Low
161fe1153d,0.18283659746950628,1,Low
16269962e6,0.14704462523270553,1,Low
16290c1b4e,0.2720768389449073,1,Medium
162d86fe51,0.19192918245367166,1,Low
162de1bcb9,0.27205547077720277,1,Medium
162e3ec5b2,0.035608266687966086,0,Low
162f7ad3ba,0.07355525508649706,0,Low
163164f758,0.04432204998834747,0,Low
1631aafbc5,0.11874494589355095,1,Low
1636dac91b,0.2057070916543308,1,Medium
1637347377,0.09111082787499655,0,Low
16388c20b6,0.09054258138000673,0,Low
16439ea5e8,0.05217981808378702,0,Low
1648fadc28,0.02861684446767894,0,Low
164cdb92fa,0.07844068780989055,0,Low
164e769963,0.15619438273485145,1,Low
165484d91a,0.07143642616253373,0,Low
16584eb337,0.5233756383486854,1,High
165df2cab5,0.21308760207944205,1,Medium
16617641db,0.1292061806605167,1,Low
166285d988,0.06011775465715489,0,Low
16694a4ced,0.11884471171666373,1,Low
166a4d9cea,0.1671820000667438,1,Low
166abd2beb,0.15647671871205165,1,Low
166accd941,0.2077265191651334,1,Medium
166e81c1a5,0.03226703243548346,0,Low
166ef8a73f,0.1642051685026447,1,Low
1671a6e913,0.09145368613700414,0,Low
16720d2bfe,0.1766963931790455,1,Low
16753d3aeb,0.45215747529934713,1,Medium
1678445c7b,0.065090256397962,0,Low
167dd701cd,0.07171820329622121,0,Low
1680db8f59,0.06925484980169605,0,Low
16812e930c,0.5048767595976664,1,High
1690ea33ed,0.10559231020096842,1,Low
16936a5e5f,0.04204383001195422,0,Low
16948f7823,0.08373378241229441,0,Low
16957dbad4,0.12898476853608698,1,Low
169aef8285,0.16828085015355893,1,Low
16a1a15160,0.2902669603378616,1,Medium
16a1f60a69,0.5787588631661167,1,High
16a2fc7658,0.13292097365866487,1,Low
16a98f56d1,0.25838749853445786,1,Medium
16b0fffa1d,0.19361736427235332,1,Low
16b1a571b1,0.07155723727864381,0,Low
16b9cc8261,0.16455900027356796,1,Low
16bbdd47c9,0.037109006863991975,0,Low
16bc69b80a,0.025754102338058877,0,Low
16bc980389,0.045052255597457104,0,Low
16bf09a918,0.1502145651531584,1,Low
16c77cdcec,0.6292269795392048,1,High
16cb1a9ca3,0.138329345114666,1,Low
16ce9cb9f9,0.12511869673315765,1,Low
16de0171d8,0.20365051939884857,1,Medium
16e2fffba6,0.04122094495636607,0,Low
16eea5a3e6,0.11531319148564334,1,Low
16f1adb859,0.04265684812456554,0,Low
16f34eba15,0.06970954766475869,0,Low
16f90a4cd0,0.10685494332331578,1,Low
16fefd1ef1,0.10383152491352948,1,Low
16ff28d937,0.240608505459063,1,Medium
17078b8c54,0.12766429049614927,1,Low
1708228d6f,0.035673764419969285,0,Low
170f415c3f,0.44191498430093756,1,Medium
17174a5d94,0.1394444097795188,1,Low
171897fe13,0.045148282046067106,0,Low
1718f55219,0.16784827118348497,1,Low
171b5d7dc4,0.2367581222667303,1,Medium
172e05c5d0,0.03425796018994767,0,Low
172ed9c67e,0.029155646273262614,0,Low
172ee16eb7,0.4404762130326734,1,Medium
17304ce46b,0.04617691340609234,0,Low
173f6d5222,0.2828163661467533,1,Medium
17405a0d42,0.15958813111348422,1,Low
1741691ce5,0.12262516684883552,1,Low
17423f7ba4,0.09742298986444714,0,Low
1744716c7e,0.2676301108468324,1,Medium
1749f84518,0.12682142920434594,1,Low
174bf31055,0.08021298625217443,0,Low
174df53fd0,0.17216914712086068,1,Low
174e9892e3,0.10460571793470831,1,Low
174f4da6e5,0.019746362048154074,0,Low
174f82881a,0.024421888448030626,0,Low
17515dabc3,0.03384154106441079,0,Low
17587fb338,0.2066675962794219,1,Medium
175c451fe4,0.18029485660701008,1,Low
176683ba83,0.13473783735181646,1,Low
176692fc5b,0.26679414554273356,1,Medium
177ed10589,0.0975584470604188,0,Low
178a8cb7d8,0.05889199185001949,0,Low
178bfe9a01,0.04387126165130029,0,Low
178cc03ccc,0.1333333510600273,1,Low
1799f74617,0.20832924099653716,1,Medium
17a21e224d,0.04749492119717824,0,Low
17b739e3e4,0.33077467758255974,1,Medium
17b8be64c2,0.24744228166134008,1,Medium
17b990bd08,0.11982450890226144,1,Low
17ba6d9016,0.07592533336116625,0,Low
17c1fba75c,0.3475000025381592,1,Medium
17c390d76c,0.2164788388636152,1,Medium
17c943393d,0.05897233033510181,0,Low
17cbbdb2b8,0.09940648914026036,0,Low
17cf37a252,0.21942487963882049,1,Medium
17cf637d31,0.1319090350874425,1,Low
17d055e348,0.1060591383999733,1,Low
17d5bee49c,0.03922266793202193,0,Low
17db1f4196,0.09173098260751002,0,Low
17e0a24061,0.0846171674612742,0,Low
17f39b48f3,0.10775247139478282,1,Low
17f6b0b9dd,0.07906146404780856,0,Low
17fa356335,0.16841503334256452,1,Low
17fc15f760,0.14444168355529788,1,Low
17fc53128e,0.0732313148286209,0,Low
180147e33b,0.027799856927427494,0,Low
1807b0e0d3,0.022835322673752233,0,Low
18091c5c8f,0.25354482975121284,1,Medium
180c67cf84,0.07590913607114741,0,Low
180ca4efb0,0.07344666706162956,0,Low
180d972dd3,0.1694933596065856,1,Low
1817d566bb,0.07041366592110153,0,Low
182e9266b6,0.15729707259050113,1,Low
1831bf529d,0.2643860460627255,1,Medium
1838bb7e68,0.12215387066814352,1,Low
183af00034,0.2718302626255635,1,Medium
183c40e61d,0.13062835572423684,1,Low
183ccc45f5,0.1930401597120898,1,Low
1840014bd4,0.04542169814031571,0,Low
1844d33e1c,0.06133111075223682,0,Low
1845006ffd,0.18438259539740748,1,Low
184526faba,0.12773899139261224,1,Low
1847554238,0.06106145977358382,0,Low
1850c2752c,0.08781782004584641,0,Low
185a751cf2,0.20228190214756828,1,Medium
185d9df6c7,0.12816554572202177,1,Low
185eba49f6,0.18098382122902665,1,Low
1861c4e94f,0.14005990493524764,1,Low
186577b0b9,0.0367969257807375,0,Low
1868603da6,0.0865580129109025,0,Low
1872ed3aa3,0.10505338754419434,1,Low
187cb655dc,0.07853396508492838,0,Low
187d14e1ff,0.2152457994821942,1,Medium
187fa01bbd,0.14272054181826394,1,Low
187fea7197,0.05095785021857433,0,Low
188397450b,0.05813418488169796,0,Low
188404e132,0.16250687665128538,1,Low
188c50dafa,0.03378390518639566,0,Low
1892f25955,0.10712751159069173,1,Low
189338144c,0.11580237772823788,1,Low
189709f241,0.060449600899650534,0,Low
1897db126f,0.02481454018276758,0,Low
189a3f8dfe,0.23202044671122954,1,Medium
18a116da86,0.09318311765264141,0,Low
18a502ee4f,0.038386602009776616,0,Low
18a6d1edb2,0.15650378398101983,1,Low
18aae2b9b2,0.5102667338804122,1,High
18ac5986cd,0.04609924578090751,0,Low
18acd8e0d0,0.1906100225897372,1,Low
18ae1b64f5,0.0382067992470374,0,Low
18b801a1c1,0.0825034917399501,0,Low
18bbd79a17,0.07494660846983438,0,Low
18cd04833a,0.16209431987823406,1,Low
18d0b5132d,0.09742370072605029,0,Low
18d556c8f1,0.15018206282077967,1,Low
18de55036c,0.12375070702475831,1,Low
18dfb1d86e,0.1103707751071685,1,Low
18e3c76dea,0.14882805466012478,1,Low
18e8732b8f,0.04935387048972716,0,Low
18eafefd26,0.12482215739233422,1,Low
18ebb42bc5,0.07106815750700081,0,Low
18ed60eaeb,0.2975709449836984,1,Medium
18ee03b043,0.04689033589110614,0,Low
18ee6c425a,0.2851144192483319,1,Medium
18ef82700b,0.2229146316693929,1,Medium
18f1a557cb,0.11768223268803989,1,Low
18f85bff3c,0.07528429960554385,0,Low
18ffd91ece,0.09561683973267791,0,Low
1901f3c828,0.07701502950713575,0,Low
19023648ff,0.2306811081636552,1,Medium
1904c74b78,0.03740034567890494,0,Low
19070cfa21,0.20124002873691704,1,Medium
190737fb88,0.10442747322431488,1,Low
1907fd45cd,0.023341985227158118,0,Low
190b4f9c70,0.0331668172913248,0,Low
190bb05def,0.032889421747683126,0,Low
190bdf7b08,0.04854829838901753,0,Low
190be23cf6,0.3591447559408953,1,Medium
190d2886f4,0.2347717530715294,1,Medium
190eee6efc,0.3974656562042845,1,Medium
190f4782c4,0.14036036907072114,1,Low
191a83b497,0.02795141425247161,0,Low
191c67ac65,0.029170656320496837,0,Low
1921b11aca,0.06881377881055807,0,Low
19281122ad,0.03011622766603311,0,Low
192cd374c0,0.1345108112606307,1,Low
192edfe831,0.05166854353456143,0,Low
1935bff3fe,0.1173864333213305,1,Low
19387d1fd2,0.12370833100429802,1,Low
19413ad172,0.17802699344385806,1,Low
194411ef6d,0.021651159138722637,0,Low
194a545747,0.19357569971546046,1,Low
194cacee64,0.20915535345036945,1,Medium
195385335a,0.1271294204439982,1,Low
1959faac93,0.25357672517283336,1,Medium
196146f330,0.03061980362301825,0,Low
196153b65f,0.03428950071059271,0,Low
1966d23547,0.05993354668503482,0,Low
19697ac870,0.14912171167711188,1,Low
196c3607ac,0.01673949257035827,0,Low
196dec7791,0.17756603465002244,1,Low
19743fdef0,0.08506425001026233,0,Low
1977e6651e,0.1834204637779738,1,Low
197f17bb34,0.23900091209899715,1,Medium
1983198b4f,0.1830096326906375,1,Low
19889ab710,0.14879947041755084,1,Low
198a0fd0e1,0.17792796113536585,1,Low
19910010db,0.11086554922299606,1,Low
19912d624a,0.13473701186834253,1,Low
1992d58d6e,0.04207754058839541,0,Low
199409c36a,0.03200954625881121,0,Low
199dbbc930,0.30340697480808504,1,Medium
19a56a49ca,0.19556709755787893,1,Low
19a5a67594,0.21106218733523247,1,Medium
19ae1f580c,0.1223774337930615,1,Low
19af249989,0.14757593120465953,1,Low
19af982d65,0.116831155276807,1,Low
19b4211594,0.04054892987578572,0,Low
19b63b4491,0.06803584831634057,0,Low
19b9d84c2a,0.16511128053353957,1,Low
19c0032f0c,0.14970994884810587,1,Low
19c211e692,0.17197278111596856,1,Low
19c8d7bc63,0.175742960516533,1,Low
19c8d9f6c3,0.13812841734501405,1,Low
19cf3e0c73,0.09243897509822611,0,Low
19d4616d73,0.2147645558029742,1,Medium
19d8bae8ab,0.16555547325714143,1,Low
19d98c4f4a,0.20799685407499893,1,Medium
19e081a2e8,0.041475781952033004,0,Low
19e5109a7f,0.10309897607305918,1,Low
19e7180aed,0.571015624421039,1,High
19efc5e4d5,0.1800540660414557,1,Low
19f04cdf57,0.14568388241493346,1,Low
19f077613a,0.0598850301181949,0,Low
19f32750da,0.05907054388568102,0,Low
19fa7b8795,0.10462899194952009,1,Low
19fb60ed15,0.15345415268973386,1,Low
19fba7cab6,0.5103779482759049,1,High
19ffe5ddd3,0.4187466162033704,1,Medium
1a016611ce,0.03743498203309686,0,Low
1a0303c41f,0.1520526947635334,1,Low
1a041aaccc,0.12176344926921442,1,Low
1a067c826c,0.10516875735585837,1,Low
1a11c1d6d8,0.08720052384070734,0,Low
1a152d101c,0.08503700412588469,0,Low
1a1590678e,0.045027411827193865,0,Low
1a1679b80e,0.17564880859343357,1,Low
1a181a5deb,0.08033856487508616,0,Low
1a1ada19ec,0.3202757485573331,1,Medium
1a1d826f2a,0.14485872133272434,1,Low
1a2094fa9c,0.18691783699269376,1,Low
1a232fa911,0.16358768924129047,1,Low
1a240ac358,0.039954341784783055,0,Low
1a2759d343,0.09609645499447506,0,Low
1a277616f2,0.13453279567663642,1,Low
1a33f6dad6,0.2181377743866428,1,Medium
1a34478171,0.12749636065624348,1,Low
1a36979b06,0.03164151275770902,0,Low
1a378a812f,0.04224506084157865,0,Low
1a3823dbe3,0.081595070943253,0,Low
1a39757cb1,0.07901594690220892,0,Low
1a39890a5f,0.029693713577965887,0,Low
1a3c6405c2,0.0356012458795554,0,Low
1a4281d814,0.043244512061305244,0,Low
1a457b354b,0.06499975785325016,0,Low
1a45b11c80,0.0555690693388592,0,Low
1a45cb6fa9,0.04780171862620202,0,Low
1a482801e7,0.18227934387805728,1,Low
1a4ce60bf8,0.0748517743632479,0,Low
1a4fe205a8,0.24084924960647675,1,Medium
1a50715a71,0.2067042799366247,1,Medium
1a509dab27,0.22004274225437082,1,Medium
1a56d09df5,0.1607512157557215,1,Low
1a57a55314,0.08938380361499025,0,Low
1a5b28706d,0.46988712159775614,1,Medium
1a62ffc704,0.04984832142852708,0,Low
1a631ced1f,0.35789690733815466,1,Medium
1a69c38abf,0.20637031380461876,1,Medium
1a6bb158e9,0.15495708571917574,1,Low
1a706a81a1,0.12983423779794195,1,Low
1a706dcdf7,0.12546754180692693,1,Low
1a751d92b6,0.053912380839418385,0,Low
1a75716ce4,0.2771612650119207,1,Medium
1a77fbae08,0.07181757056088883,0,Low
1a7a01b657,0.07381772088138268,0,Low
1a7a4ab6d5,0.03117466600111016,0,Low
1a9155a415,0.5100582959719424,1,High
1a93af935f,0.030077528700933217,0,Low
1a99b5cdfa,0.10124958979811353,1,Low
1a9e8bcdb4,0.03517887219537405,0,Low
1aa364f333,0.03803033531037731,0,Low
1aa9344cd7,0.0774107910015828,0,Low
1ab4d8a599,0.2938965508453925,1,Medium
1ab51766d0,0.14863948629718,1,Low
1abc88d63a,0.16166963811313345,1,Low
1ac1069d3a,0.021366126334166253,0,Low
1ac5a5e8b9,0.05802415939067251,0,Low
1ac6d83d75,0.041360855929278906,0,Low
1acb1eaf4f,0.0557256140521553,0,Low
1acce3da79,0.13194152169947693,1,Low
1ad382d3b8,0.06358428999519501,0,Low
1ad778d885,0.0971879198509531,0,Low
1ad920d35c,0.0827743309298842,0,Low
1adc34bbb3,0.15348440372146255,1,Low
1adcaabe64,0.4702041060374097,1,Medium
1adcd542f1,0.030855345018279027,0,Low
1add222039,0.08642301486397919,0,Low
1ade54475e,0.09670837532847672,0,Low
1ae8114b5d,0.08806097171956845,0,Low
1aebe7d03f,0.0203196074842372,0,Low
1aed433953,0.03162222883706613,0,Low
1aef1f6adb,0.09162048569859298,0,Low
1af3bd1c52,0.16279371920067362,1,Low
1afe5d908e,0.03426016156264303,0,Low
1b0044bf56,0.13367717920392808,1,Low
1b0777564d,0.12388549763668286,1,Low
1b07e4d5e9,0.1049665504253273,1,Low
1b0da3aa87,0.19960740365624624,1,Low
1b105d2190,0.2757719704456176,1,Medium
1b1387c1fe,0.06399765507893891,0,Low
1b15ef5de0,0.28796455141793276,1,Medium
1b197a85d5,0.10832301931060859,1,Low
1b232f6984,0.4456590874989758,1,Medium
1b2863675f,0.05022788067978672,0,Low
1b2ade92f7,0.09330032791041472,0,Low
1b2c05b4a2,0.16191852524327477,1,Low
1b311cb266,0.03907423132891567,0,Low
1b32645abb,0.05433176374884617,0,Low
1b32e8aedf,0.22664680266262918,1,Medium
1b3366e989,0.057225694157069455,0,Low
1b3a020a04,0.10240406997955952,1,Low
1b3ea70798,0.22762483948520204,1,Medium
1b3f564677,0.20097513136916192,1,Medium
1b3fdf1cd9,0.10495959670661684,1,Low
1b41786d37,0.2748327885056483,1,Medium
1b49968b7e,0.11619875228420824,1,Low
1b509aba9c,0.1068199106317175,1,Low
1b514f13ef,0.13313609587584008,1,Low
1b57945485,0.20008832865395007,1,Medium
1b588f9284,0.06571231206528867,0,Low
1b592771b8,0.3429594865716155,1,Medium
1b5aa00392,0.07831180564808889,0,Low
1b5d86a669,0.06089736774308682,0,Low
1b6244d774,0.09261212894862203,0,Low
1b6433b3d7,0.49305814806418646,1,Medium
1b668b065b,0.08257339531893378,0,Low
1b6e905a86,0.0522573942547304,0,Low
1b734637d5,0.1834431211425584,1,Low
1b744cd9c2,0.0682021546857135,0,Low
1b79473179,0.3987962155522602,1,Medium
1b7966120f,0.25718027714913533,1,Medium
1b8213e149,0.02520031622101787,0,Low
1b88c59132,0.1114447175820622,1,Low
1b8ad6ce6e,0.15490812999765496,1,Low
1b8b25aa99,0.14011459555750486,1,Low
1b8b4e7e91,0.03978621557820077,0,Low
1b8ec35a1a,0.16486436277755168,1,Low
1b8f781388,0.05912733251817264,0,Low
1b95441b40,0.03276992962958131,0,Low
1b994227c5,0.05318927279680327,0,Low
1bafe76a39,0.14591567901731806,1,Low
1bb05de245,0.13867738383444916,1,Low
1bb5ef5eae,0.08531658312359486,0,Low
1bb945ddef,0.18732905309648762,1,Low
1bb9e8187f,0.06970743747064521,0,Low
1bbc0add29,0.154548451579927,1,Low
1bc21f0969,0.38339996688509353,1,Medium
1bc2a68f26,0.10664832605787501,1,Low
1bc794300d,0.07611897418308784,0,Low
1bd12d74fd,0.5683995682063737,1,High
1bd21c0ac4,0.08514952641427176,0,Low
1bd344e866,0.11339208909217452,1,Low
1bd6e6d2b4,0.04462601813620479,0,Low
1bdbeb2c1a,0.046378034345541275,0,Low
1be314e5bb,0.13093008858799338,1,Low
1be672d40b,0.28761244699032523,1,Medium
1be76207d6,0.12662626212573447,1,Low
1bfa47310d,0.08569618318145368,0,Low
1bfc90d62e,0.1386227369054216,1,Low
1bfd6db1af,0.14667953006168502,1,Low
1bfe20dc44,0.2699307663425003,1,Medium
1c08c3f7a8,0.13064342079912772,1,Low
1c0e9fc74a,0.02888318007268508,0,Low
1c0f518586,0.05933595086246285,0,Low
1c1bba238f,0.05586602451873176,0,Low
1c1ef252be,0.07381041841476328,0,Low
1c1f1be0e5,0.024557284655593366,0,Low
1c2287c16d,0.06052963399128762,0,Low
1c27f5a205,0.1295042504423196,1,Low
1c2967529b,0.1416236163750374,1,Low
1c2a7e600d,0.1672210711403091,1,Low
1c2d1aaf3d,0.028519827926932778,0,Low
1c2d328d88,0.1468948433991029,1,Low
1c308c3f45,0.06835193953240895,0,Low
1c32bed628,0.11212343898778795,1,Low
1c32c6d985,0.08888851829055543,0,Low
1c36a1937a,0.038902212867508536,0,Low
1c39078b7f,0.4083942932538136,1,Medium
1c41ce2279,0.2430273962206476,1,Medium
1c48cca9da,0.2900981107541904,1,Medium
1c4c2f1e45,0.030715460184529517,0,Low
1c4c93223f,0.20324712591455207,1,Medium
1c4eaa1217,0.21977416835899824,1,Medium
1c625a8ab5,0.3017129602110519,1,Medium
1c6aa8d33d,0.041121009011370384,0,Low
1c6aebf013,0.18904144474824952,1,Low
1c6b14ed47,0.03936453319883995,0,Low
1c6b570e7c,0.1383925994706235,1,Low
1c6b6c11de,0.016692936848889083,0,Low
1c6f803a0a,0.05356804561087968,0,Low
1c71318a97,0.07353764369661746,0,Low
1c71a8e405,0.0902418700648723,0,Low
1c7e17ee33,0.13708035910817432,1,Low
1c7e8b9741,0.1452039601524019,1,Low
1c7ea1868e,0.0534067306600316,0,Low
1c827fd3d6,0.11539856020243333,1,Low
1c8b9cb8c4,0.13866720840652513,1,Low
1c8de59c63,0.2153159285398912,1,Medium
1c8f0f87a9,0.024604979145519314,0,Low
1c91c94803,0.053369835896104674,0,Low
1c9328edc4,0.02764939408790958,0,Low
1c937e06fe,0.5572616280512829,1,High
1c9383efa1,0.06061371332534336,0,Low
1c94782e87,0.23702131365989604,1,Medium
1c95becf6c,0.022736355674973688,0,Low
1c96b29c6c,0.034552613167476445,0,Low
1c9d75b943,0.12742659900284609,1,Low
1c9fb48c5b,0.1239552446910397,1,Low
1ca1ecef1b,0.16366569217458496,1,Low
1ca7db7848,0.09555881412854747,0,Low
1ca8142518,0.032063575334242714,0,Low
1ca95f0597,0.18253076128982468,1,Low
1cac13550e,0.06707590953055928,0,Low
1cadebd5c0,0.3989652364345903,1,Medium
1cb48c337f,0.09182822988120017,0,Low
1cb5050cf8,0.2755228351847754,1,Medium
1cb7eeb59d,0.17093092480642733,1,Low
1cbb1e9cd5,0.037494884249722304,0,Low
1cbd41115a,0.19951340776123216,1,Low
1cd206917c,0.10577566144512612,1,Low
1cd7b52d50,0.021781223801941633,0,Low
1cdd747991,0.20333990921472817,1,Medium
1cde13b446,0.08094056532908782,0,Low
1ce20465cd,0.031668556505241516,0,Low
1ce31b187e,0.021133842964611845,0,Low
1ce5aafb19,0.06138704812449297,0,Low
1ceb262575,0.12678705770041593,1,Low
1cee419e25,0.02557108406593685,0,Low
1cf4a1c35f,0.2327399302362626,1,Medium
1cf6f08578,0.05182423384068016,0,Low
1cf96a94f1,0.43676603150541343,1,Medium
1cfb8e01ac,0.08229494254163738,0,Low
1cfd6b5562,0.1363412150903587,1,Low
1cfe2b6720,0.026977996441311256,0,Low
1cff096673,0.11467796214381736,1,Low
1d0113063e,0.12173932931041617,1,Low
1d076e6932,0.11982991602854264,1,Low
1d0a17b0ee,0.039850267269105864,0,Low
1d0a718cfc,0.03283540321736341,0,Low
1d0b538fd8,0.10910740411321632,1,Low
1d0b68e191,0.15241402046172003,1,Low
1d134b2a99,0.042993011699800854,0,Low
1d1b876e73,0.037685063607838666,0,Low
1d24f074d9,0.29076214903693354,1,Medium
1d28fb4591,0.09554015082410944,0,Low
1d30a852c7,0.4372902052011032,1,Medium
1d328e2864,0.02562283219095754,0,Low
1d33c3437b,0.19682727465797026,1,Low
1d38f8cbdb,0.056129704461711866,0,Low
1d3e56ddcd,0.025561714172202335,0,Low
1d40d2aa43,0.18103425894684438,1,Low
1d429a4676,0.10802209459279054,1,Low
1d4351da62,0.11036179753057292,1,Low
1d44983bfc,0.13270611910339716,1,Low
1d48bd5392,0.16425009829788176,1,Low
1d4fd01b3d,0.14736581164332213,1,Low
1d52424bce,0.07071863929903434,0,Low
1d52b8a20e,0.4946113842195219,1,Medium
1d56a719f0,0.1916843813696304,1,Low
1d57ddf918,0.1976447075328845,1,Low
1d5a4494ff,0.2802506369689838,1,Medium
1d5df2bffd,0.09165941363090845,0,Low
1d5e345531,0.25143730845533624,1,Medium
1d5e98b330,0.04482080611833025,0,Low
1d5f5ff2f3,0.053674632556993895,0,Low
1d61270fa6,0.12033233577927673,1,Low
1d667171b4,0.05254655978472369,0,Low
1d68022d13,0.14423446274214688,1,Low
1d68548e1f,0.0609851327382284,0,Low
1d6e8956eb,0.025616178572142167,0,Low
1d7a8f1d9c,0.12569360386997483,1,Low
1d7cc02419,0.13681015361270996,1,Low
1d7ce600f1,0.08905500856525436,0,Low
1d7cf80c19,0.2078777681941891,1,Medium
1d84dd360a,0.20800291303190666,1,Medium
1d8c0671b3,0.10889951570037587,1,Low
1d8debbed3,0.038570392890904755,0,Low
1d8ea878b5,0.268164487554056,1,Medium
1d92ca9ad3,0.11187549408182347,1,Low
1d944a2d87,0.12715737409241512,1,Low
1d948fa20c,0.1670267528220096,1,Low
1d949da1d3,0.29554423291844856,1,Medium
1d99dcd8df,0.25676066536879033,1,Medium
1d9fa4f5cb,0.11170737558279341,1,Low
1da1939f82,0.030320174616750357,0,Low
1da37cd5e9,0.08173721790742015,0,Low
1da5e91167,0.043803123640293706,0,Low
1dac0ca811,0.1929635884787284,1,Low
1db058dfef,0.13530538607391632,1,Low
1db5a7dc0f,0.14964689592896394,1,Low
1dbe0143de,0.04406873013343407,0,Low
1dbf808da1,0.15596753044301745,1,Low
1dc16c837b,0.1438830269726956,1,Low
1dc429e556,0.06014004155626335,0,Low
1dc6ad20b5,0.024574753892244793,0,Low
1dd0573f51,0.28810482457364645,1,Medium
1dd2904e34,0.080908106656874,0,Low
1dd6fadfbb,0.1854161753190088,1,Low
1ddb328631,0.07660424148471363,0,Low
1de1775e81,0.05281410659928573,0,Low
1de27f17bb,0.20385897715922996,1,Medium
1de328dd65,0.24695636792824088,1,Medium
1de5082b0c,0.02386223194090586,0,Low
1de6449440,0.1612916246566599,1,Low
1de72bade0,0.09863539583785977,0,Low
1de81f8625,0.045196878596646436,0,Low
1de9e03175,0.0986684732148432,0,Low
1debc6535f,0.264281708989147,1,Medium
1decaae79c,0.07583598671846732,0,Low
1deec5eb76,0.19201899643961562,1,Low
1df882dd51,0.047598843516319274,0,Low
1dfdbf9a11,0.08852737373476183,0,Low
1e02c2ba0b,0.23109108788549326,1,Medium
1e03ebf5ad,0.12301207519217297,1,Low
1e0be5096b,0.02614862250649557,0,Low
1e10ed8652,0.16353305811134125,1,Low
1e1194a103,0.051770769124677755,0,Low
1e11f368f1,0.19397753602869378,1,Low
1e184ca10c,0.04905804065626578,0,Low
1e1a7725b6,0.24419921771094938,1,Medium
1e1ba75710,0.15767940659495558,1,Low
1e1d115284,0.08662774153779716,0,Low
1e20388806,0.06320527980276047,0,Low
1e22039c7d,0.3362419907721049,1,Medium
1e2205bf73,0.051748125391014636,0,Low
1e2222f683,0.09080633234028544,0,Low
1e223ef89a,0.12262932362155275,1,Low
1e239cfa72,0.1119965982077875,1,Low
1e2703f563,0.02438510885763906,0,Low
1e2bca6909,0.06445414248101083,0,Low
1e30819f6d,0.1611386294216257,1,Low
1e3409e3f0,0.21592963331164602,1,Medium
1e36ec579d,0.1814796460568407,1,Low
1e3aaae645,0.12087012260105576,1,Low
1e3c2942f9,0.09790495647129929,0,Low
1e40e192dd,0.0899734738354254,0,Low
1e4404f041,0.03553715952442185,0,Low
1e44c80649,0.09735693274586688,0,Low
1e45ae204a,0.12773225055139206,1,Low
1e56c2471a,0.1302637466773364,1,Low
1e576e803f,0.22170312183311452,1,Medium
1e5a8a8127,0.07632160037245976,0,Low
1e5aacfde9,0.2103966608872658,1,Medium
1e5ae91372,0.084547720027605,0,Low
1e5fbe3d47,0.15135094977895017,1,Low
1e614da989,0.3452170907952941,1,Medium
1e64bc2b70,0.09945761219070987,0,Low
1e6c4ea277,0.0176435498194853,0,Low
1e6fea2e43,0.2863968725118092,1,Medium
1e7214e6bd,0.07729924370079665,0,Low
1e73b7770f,0.09970784400645909,0,Low
1e79b4b64d,0.13457758471784487,1,Low
1e80082863,0.16238286066014604,1,Low
1e806796ae,0.1936940074117186,1,Low
1e82ab21e4,0.22438022575305633,1,Medium
1e87c58f33,0.16569951156869675,1,Low
1e8d9f0b7c,0.06855351170846259,0,Low
1e90b124c4,0.045932588017520655,0,Low
1e9743c57c,0.10468382031961936,1,Low
1ea5702f83,0.11201008603832831,1,Low
1eb13dd5a8,0.061647498699151065,0,Low
1eb2caa3c0,0.151313747595295,1,Low
1eb3280121,0.07975433926471825,0,Low
1ebaedf104,0.10907902398865722,1,Low
1ebc4fb83d,0.03784099646491111,0,Low
1ebcbedde8,0.07480888690073677,0,Low
1ec1404a05,0.3216039872361712,1,Medium
1ec35ac21c,0.1620189708102128,1,Low
1ec7185421,0.03062353960406595,0,Low
1eca375544,0.36939774219015065,1,Medium
1ece43114d,0.0642454283154918,0,Low
1ed20337e3,0.14723317669998173,1,Low
1eda65aa5d,0.08271483289036514,0,Low
1edcb66aff,0.14530398952648194,1,Low
1eddd00d77,0.09240305082104287,0,Low
1edddb5f66,0.15301132978054263,1,Low
1ede93ec2a,0.24239038538572996,1,Medium
1ee0458edf,0.10712341738936856,1,Low
1ee34f96f5,0.08759243617385648,0,Low
1ee84a8585,0.049537811941876606,0,Low
1eea638892,0.0632594282135814,0,Low
1eeb797744,0.18990815642381,1,Low
1ef80c46e7,0.2052950407008701,1,Medium
1efa6df3c4,0.14947806355465645,1,Low
1efbac6e1a,0.11127949475975393,1,Low
1efc8fe380,0.05994235661743679,0,Low
1f05319e8e,0.0856416894851198,0,Low
1f0ab5cf19,0.10272936621321417,1,Low
1f0fb6e0a3,0.3386408262047699,1,Medium
1f10b17de0,0.1325189718958893,1,Low
1f14754bfa,0.04530686947510232,0,Low
1f157ca3dd,0.1579711187862292,1,Low
1f161b136b,0.2713005881435895,1,Medium
1f165a6a70,0.42967249323205525,1,Medium
1f172fd15d,0.028756827359371892,0,Low
1f1883018b,0.031329257428966514,0,Low
1f1c302ba4,0.13745326405291558,1,Low
1f1f7d8e81,0.1777096966562091,1,Low
1f214305d6,0.3339448703575833,1,Medium
1f2143df7c,0.22734698556746485,1,Medium
1f220fe1c4,0.04684186608953446,0,Low
1f2dbdd1fd,0.2264821732746817,1,Medium
1f30886c4b,0.20922846319378768,1,Medium
1f3345f232,0.06541006659776102,0,Low
1f363e329d,0.12257716692850305,1,Low
1f39c62129,0.06381752671423785,0,Low
1f3a0416bf,0.08029993045892106,0,Low
1f3ba420f1,0.11917214670027602,1,Low
1f3f877e07,0.10545094689792059,1,Low
1f45bf82cc,0.05974108740810498,0,Low
1f4a6d7df3,0.18559492188209242,1,Low
1f4caf240a,0.09428368964906482,0,Low
1f4f4f6382,0.07822360980118585,0,Low
1f51c1e1f1,0.2547027572015246,1,Medium
1f57192b05,0.028261009850848718,0,Low
1f5f5bde26,0.04678561655983271,0,Low
1f5feafffb,0.02253460378924907,0,Low
1f66b1b3c9,0.03906586161692557,0,Low
1f66b80e56,0.044164221910946246,0,Low
1f6d2af26f,0.10660945051563646,1,Low
1f6eb31a40,0.059722489300050495,0,Low
1f7369a8ee,0.07101744738819708,0,Low
1f7a0160fe,0.05015559143568724,0,Low
1f7d22c2c4,0.09010357520604081,0,Low
1f7e5493d6,0.028800317921515498,0,Low
1f81f7a277,0.0642778826682199,0,Low
1f8219ca69,0.09628536237151968,0,Low
1f884be93e,0.2489460029058341,1,Medium
1f8891005a,0.1055171681828597,1,Low
1f8af0b346,0.07888370051640071,0,Low
1f8fe211a4,0.21535105336450136,1,Medium
1f900a939d,0.11713776707935081,1,Low
1f95352e0f,0.14580768684811635,1,Low
1f97724588,0.18032849069665502,1,Low
1f9a220ed1,0.2472088810575951,1,Medium
1f9e64f971,0.04655400217894356,0,Low
1f9ed14beb,0.08012305913333259,0,Low
1f9fa2a3bc,0.08621389293168785,0,Low
1fa143a20a,0.01994279070327457,0,Low
1fa43d90d0,0.0813097245573642,0,Low
1fa5ea5478,0.19810791061944077,1,Low
1fa98d14fb,0.05784999557399871,0,Low
1faae872e9,0.1140843376884452,1,Low
1fae9d0d92,0.5597614623112207,1,High
1fb24d7a02,0.03434611012806159,0,Low
1fbd457095,0.14527444758281047,1,Low
1fc0f08b90,0.062252642723376,0,Low
1fc5228448,0.08457833453554038,0,Low
1fcb1a8b78,0.04069817646939286,0,Low
1fd31838b6,0.19200597525666946,1,Low
1fd7379bbf,0.04561916959993271,0,Low
1fd93c72dd,0.08051673495196043,0,Low
1fda8c550c,0.18475125084714045,1,Low
1fe087c5f8,0.03610855265367369,0,Low
1fe8ef8d9a,0.2105536711123743,1,Medium
1fe93b5b23,0.16919126560142123,1,Low
1feb7d7a0e,0.14427297302419984,1,Low
1fee32c3f3,0.25012779930764967,1,Medium
1ff28dfc2c,0.2464855752998185,1,Medium
1ff2bb4c4a,0.20778638705093533,1,Medium
1ff31f51fd,0.09269821433576685,0,Low
1ff3f2781b,0.08353024900517751,0,Low
1ff525d7bc,0.05154615062060237,0,Low
1ff6852c00,0.0915378601226523,0,Low
1ffa0185da,0.214278120353111,1,Medium
1ffc401c7d,0.1299422536453215,1,Low
2004fd1dfe,0.06233773368923929,0,Low
201201fda5,0.11335112380002094,1,Low
2012548e31,0.07717848671742479,0,Low
2015bfd33c,0.09285082001981387,0,Low
201a65dde3,0.12599880255996848,1,Low
201e077f28,0.3117103477754772,1,Medium
201ffd8c72,0.44156376645864526,1,Medium
20272d63e3,0.024586877639956636,0,Low
20291fcdb8,0.2003381180957668,1,Medium
202acb7dfb,0.08697539027004123,0,Low
202fd74018,0.15889325016866612,1,Low
20362022af,0.055293869994850406,0,Low
20362ffad3,0.06465399557433549,0,Low
20366e1e90,0.02876034969986336,0,Low
203d165ac7,0.7485593881467274,1,High
20406ea17e,0.044208295276818355,0,Low
2047b0d3b8,0.10680106696894598,1,Low
204ae2bb7e,0.22502535066966517,1,Medium
20536f51f8,0.0925681162571155,0,Low
205400bb43,0.10884604197398041,1,Low
2059aa47d5,0.09977075672081405,0,Low
205b41b64f,0.07351628757801193,0,Low
205f20f06f,0.026958623922594644,0,Low
206076c5eb,0.29589617054841477,1,Medium
2063e31b82,0.11552931363704733,1,Low
2065759e43,0.4074602269889983,1,Medium
20665f65f7,0.129696492118473,1,Low
206e4b1eaf,0.047146913089283336,0,Low
2082f77da4,0.017155528669086012,0,Low
20845e21b0,0.04156118705802364,0,Low
20890c9e9c,0.18511946595386072,1,Low
208bdb297d,0.03922329268794714,0,Low
2094cff8c1,0.11501069547657491,1,Low
2097f51c10,0.06491964268530234,0,Low
209841ce1b,0.06565383285269313,0,Low
2098889648,0.16519216143224533,1,Low
2098d5f2b0,0.08424760373279501,0,Low
209b10c26f,0.08500383827169211,0,Low
209c95548f,0.04709513716011359,0,Low
20a14bbc45,0.11710810672173788,1,Low
20a65e67f0,0.07059742044459866,0,Low
20a6fc0597,0.1126007042836307,1,Low
20a769016b,0.49738758910089886,1,Medium
20aa1f107b,0.11145870575599658,1,Low
20b5d65296,0.08701773044418736,0,Low
20bb8e5f85,0.09806056225942905,0,Low
20bfda27db,0.09257522686598435,0,Low
20c0c9aa2d,0.027129901263609413,0,Low
20c14671ea,0.1299244788354796,1,Low
20c3bd8865,0.0515765201637126,0,Low
20c4eafc65,0.0362213664607711,0,Low
20c63cbc50,0.04554784730220748,0,Low
20c7180575,0.06381721207913948,0,Low
20c775bc49,0.145734481891498,1,Low
20c90973c5,0.08408983296599325,0,Low
20c98cdefb,0.16656216845755473,1,Low
20cdd575c1,0.058079429814764424,0,Low
20d675533d,0.2948846201335064,1,Medium
20dbaa79a4,0.041648221464735534,0,Low
20dfc8abc6,0.0672866693218354,0,Low
20dfc9743e,0.07111216299911735,0,Low
20e0f50703,0.09233389964533693,0,Low
20e1c999a5,0.3848388937305413,1,Medium
20e35c0297,0.08111080686897355,0,Low
20eae67d62,0.39506931653777627,1,Medium
20ebb45883,0.04898504079116325,0,Low
20ede1c698,0.24460956442513473,1,Medium
20ee2ad086,0.13732880004352205,1,Low
20f7901413,0.054749219156937465,0,Low
20f9984c43,0.07044506717909703,0,Low
20fb48cd64,0.45357003481980634,1,Medium
20fb9413a9,0.2805557418404652,1,Medium
210347a004,0.09277954304150228,0,Low
21039c62e7,0.03684378313969361,0,Low
21059ef9cc,0.05063989175196733,0,Low
2105d79413,0.05177479862560512,0,Low
2105fd5301,0.038331324150035914,0,Low
2106e961cc,0.017336347177800554,0,Low
210cef544f,0.04554682821619996,0,Low
2116b23afe,0.030146820327899785,0,Low
2117c4196f,0.13910517647336545,1,Low
211edcafa8,0.043978351806244584,0,Low
211f07eb8a,0.06073217470662528,0,Low
211f1c774d,0.03461656783580165,0,Low
211fc07c51,0.05283480087998695,0,Low
2124a2a6e8,0.0957152856316939,0,Low
2129abd2bb,0.05158953593545199,0,Low
212fcdf185,0.12823107787159996,1,Low
2130665ef6,0.1848399916352487,1,Low
21324c8e7f,0.09747673062914937,0,Low
2132f044b1,0.25551390322082185,1,Medium
2138849020,0.057116635546378136,0,Low
213fd769c9,0.09445037721705782,0,Low
213fd9b619,0.043192850885170796,0,Low
214056a739,0.08177022362921471,0,Low
214b46966d,0.15516896806676436,1,Low
214ce469e1,0.633746127899093,1,High
215185750c,0.041323059621278406,0,Low
21534ed660,0.03911094746520354,0,Low
2158bf1897,0.28783981650748575,1,Medium
215b48ecb6,0.06635737071393058,0,Low
215d01acc1,0.0253187174842251,0,Low
215e542692,0.2606729258807433,1,Medium
215e727aad,0.3365538177236253,1,Medium
2169c5b952,0.39157111044057596,1,Medium
216a5b096f,0.04486709063851034,0,Low
21751e78c8,0.03305062837347325,0,Low
217a4fe30a,0.2582474522632002,1,Medium
217a65f990,0.031799766897730945,0,Low
217d760ae8,0.08649739947765883,0,Low
218ad355d6,0.1590028670204653,1,Low
218bf9a60e,0.057907642427137765,0,Low
218d4c2cc8,0.04549873795068736,0,Low
218d50ac42,0.14997062534763478,1,Low
2193b30dab,0.06274893744049295,0,Low
2196558253,0.08888859484947699,0,Low
2197291f24,0.0659359463140391,0,Low
219d5e4c03,0.30768488022248663,1,Medium
219e2ceeda,0.29903880931837834,1,Medium
21a2d33a12,0.16531722814552152,1,Low
21a2fada4e,0.13677267187506717,1,Low
21a4694ca8,0.15082258630188108,1,Low
21a6e8bb46,0.2797443307965894,1,Medium
21a89bb064,0.021940816171075878,0,Low
21a8fd32bf,0.10267010171816703,1,Low
21a9863380,0.29928697208036614,1,Medium
21bc9a5974,0.03449179536882156,0,Low
21bd5cccc0,0.26371042292780894,1,Medium
21be8ff5e4,0.06270776087050772,0,Low
21c2f8bf9c,0.052035136269368266,0,Low
21c80e1dda,0.1364927901396027,1,Low
21cb67fafa,0.08229446479066264,0,Low
21cdb6d360,0.3099114422123231,1,Medium
21d08fe42c,0.03691079997054032,0,Low
21ddbac686,0.12842162070609,1,Low
21e266f786,0.04584557178380557,0,Low
21e2907b9a,0.14773327245783713,1,Low
21e5876dd7,0.09639119502098407,0,Low
21e5c77b0b,0.2705583835525023,1,Medium
21eb746b6a,0.15682885336266636,1,Low
21f94063fa,0.036303772816111024,0,Low
21fc7b4604,0.4327364425895267,1,Medium
22029d38b4,0.031156609557112226,0,Low
22029e9d69,0.13357324705141502,1,Low
22031ffc7e,0.276350698817261,1,Medium
220d3675ae,0.030648778730558494,0,Low
22105fdca4,0.09863776532278211,0,Low
2211878749,0.15411179936008912,1,Low
2211abf368,0.1791797961548401,1,Low
2214197d1d,0.027178270964714493,0,Low
2214f03362,0.09700526115751404,0,Low
2218bc13f9,0.10706670199551513,1,Low
2219d8d98d,0.19419719174102917,1,Low
221b30a1b7,0.17861469111400494,1,Low
22219354fd,0.09293047201302615,0,Low
22249a6b2c,0.08870509444965521,0,Low
2227ff6659,0.03965216571295928,0,Low
223af8af58,0.10541624336226077,1,Low
223fb8bf39,0.2526709901555168,1,Medium
2240a23b4b,0.21678292935324536,1,Medium
2242a30cb4,0.053099738507724766,0,Low
224784d161,0.04634140400541361,0,Low
224950cd3a,0.22508360752445566,1,Medium
224ac34667,0.03705886135895651,0,Low
225082b70f,0.031449979076469625,0,Low
2250a38983,0.056066356768689485,0,Low
2254dff701,0.09447069989516502,0,Low
2255701b9a,0.10209259906081523,1,Low
22591377a7,0.2159862171988968,1,Medium
2261e22b75,0.16563724229163718,1,Low
22625f6ac7,0.2474400378814001,1,Medium
22692377c7,0.26324893341454325,1,Medium
226c193da6,0.16394021111499735,1,Low
226f3081e8,0.05382949968145605,0,Low
226f46d54c,0.15059940885842785,1,Low
226ff2748b,0.12181280680105293,1,Low
22703ef75b,0.11984618878708998,1,Low
227314712f,0.06228387997786995,0,Low
227a7ad667,0.19036755907685537,1,Low
227bc2fb5f,0.12291790492079074,1,Low
22864d1925,0.25602535782280317,1,Medium
2288de8170,0.03621970410135064,0,Low
228c626e8a,0.09595762495143734,0,Low
228c8704a6,0.23542542072575923,1,Medium
228cfbaa09,0.35950536284451023,1,Medium
228e78c4aa,0.06841122810013373,0,Low
228f797a65,0.15326034242745065,1,Low
228f872fac,0.07218941366231052,0,Low
22906354e9,0.16567195412623112,1,Low
2297f5ad40,0.04285641676774654,0,Low
2299c5bbe2,0.32600883881576836,1,Medium
229da43b43,0.1846607587446689,1,Low
22a1b0905e,0.2725755843160873,1,Medium
22a1e5f957,0.1010917486781438,1,Low
22a25f01da,0.5031251766045117,1,High
22a5f17b57,0.09642664341210071,0,Low
22a92ac058,0.1264689996804332,1,Low
22b8bb8036,0.4262741823837969,1,Medium
22be1c1ad0,0.3632145317429556,1,Medium
22c42c4315,0.21170439773997615,1,Medium
22c7182a54,0.027841913547560528,0,Low
22c9129c59,0.18581390401143863,1,Low
22cc4792f1,0.041083488623389036,0,Low
22cec470f0,0.03813070516746288,0,Low
22d52ca1a3,0.21734525327986082,1,Medium
22d92ce742,0.18534917822546945,1,Low
22d96e4357,0.11495104512232229,1,Low
22e279004e,0.041850579822479035,0,Low
22f0aa9ed6,0.1799999388707585,1,Low
22f19b1c80,0.052378302300657285,0,Low
22f4afb148,0.24428641201045181,1,Medium
22f52437e5,0.09278040256303918,0,Low
22f9c7b35d,0.06714260180406235,0,Low
22fd029b3c,0.2576332097487964,1,Medium
22fd15e759,0.10259122486750143,1,Low
22fd651741,0.04024965068701684,0,Low
22fe2111df,0.11578225141218011,1,Low
2303249451,0.04067346396007355,0,Low
230391ff74,0.1136982279797406,1,Low
23077bc941,0.08774670397719249,0,Low
23088376e8,0.13439541194321244,1,Low
23089bcf6a,0.0601631451911114,0,Low
2309d1729b,0.08918219387704639,0,Low
230ba5b90f,0.19993873323539166,1,Low
230ce6d90b,0.027067499069477398,0,Low
23114e44a8,0.1718216674805289,1,Low
23147c40f0,0.10763714859808766,1,Low
231b64dfa9,0.10585840265185434,1,Low
231c68c2e0,0.09370292464541655,0,Low
231d19abcd,0.071351417759747,0,Low
231fcc6ec9,0.02440950882093703,0,Low
232016a0e2,0.0908367320438892,0,Low
23265425fb,0.19760245975630736,1,Low
233433784c,0.029708802274026596,0,Low
233627225f,0.024982049429443928,0,Low
23373763ea,0.07567081120930612,0,Low
233ae66e34,0.04685539607651517,0,Low
233dd56121,0.036887886164132744,0,Low
23402c521c,0.05853500949905575,0,Low
2344b11bc2,0.10112877505599673,1,Low
2344c28446,0.09398627717712127,0,Low
23488dfcd8,0.05477593871669812,0,Low
234be68928,0.021228619779723335,0,Low
23505bb655,0.13765441523557698,1,Low
2357f8f6bc,0.1559321918513687,1,Low
235a30948e,0.27766062075021547,1,Medium
235bb428dc,0.05327134079124018,0,Low
235d7ac51e,0.2720631450176978,1,Medium
235deb1b38,0.052400937196765446,0,Low
236151d207,0.12286715847627416,1,Low
23620d8592,0.1670014478198543,1,Low
23627a238a,0.022175183351228842,0,Low
2362d32d16,0.036489847875475274,0,Low
2363189c48,0.2437931358299476,1,Medium
23643fff87,0.04802371250783166,0,Low
23659743b5,0.30681338035235106,1,Medium
236760caec,0.17052012753333318,1,Low
236dac58ea,0.10694012769296288,1,Low
236deb71e7,0.03761645080311452,0,Low
2370649fdf,0.1040767696711653,1,Low
2371025cbf,0.03549472830439531,0,Low
23758bdc02,0.10641926460683443,1,Low
23774b4945,0.23084336631731373,1,Medium
2381a542fe,0.30048250021512385,1,Medium
2382324470,0.06272697059949359,0,Low
23828f4185,0.11086944881940512,1,Low
23832d2c82,0.1008949685693307,1,Low
2384d2d6f3,0.2947322043759299,1,Medium
2385ce4597,0.05225277886432554,0,Low
2389c28aad,0.26945208460059944,1,Medium
238c66ece4,0.14343753808086143,1,Low
238ef478c2,0.19903248498513093,1,Low
238f290b8e,0.5916523872466027,1,High
23900a9ece,0.05258536203771608,0,Low
239316dab8,0.1316331735232125,1,Low
239c5fb75e,0.05882702652573351,0,Low
239d9ee78c,0.12189594983795993,1,Low
23a064dcc6,0.028826806301735116,0,Low
23a5d86a93,0.05982844719792709,0,Low
23a72c3569,0.08529058004894972,0,Low
23a8780bdd,0.028439444569401093,0,Low
23ad335a66,0.09175234820259956,0,Low
23afe42cf6,0.2225336423786687,1,Medium
23bb24f5d7,0.04358914500339309,0,Low
23bfc8911a,0.04392884637982423,0,Low
23cdcfa2e7,0.06532526158821692,0,Low
23ce70f3c4,0.4042530175300321,1,Medium
23d3953124,0.10082367205822126,1,Low
23dc1513ac,0.1746850294612721,1,Low
23e7a2623b,0.1593521052404666,1,Low
240a8599a7,0.1525443529432842,1,Low
240d6dcf4b,0.04220741782736276,0,Low
240f6cfe16,0.08091574227621476,0,Low
24107e57c5,0.08937941561155845,0,Low
24139ef41e,0.05070931038014249,0,Low
241592be4c,0.5518609927167788,1,High
24178d27c8,0.02328140002958334,0,Low
24190858e3,0.03550625074826669,0,Low
24196c3166,0.08771450155480875,0,Low
241bb20cc5,0.08886155828911536,0,Low
241c3d0b9c,0.24958247414791873,1,Medium
24209b3466,0.08913030922928816,0,Low
2421b5c2eb,0.04055562211066269,0,Low
24233942dd,0.15107908673826492,1,Low
242c6ac108,0.11093755626724983,1,Low
242d9f2272,0.20508895358310936,1,Medium
242db0a980,0.23477070582048046,1,Medium
2439cce2a1,0.06459628591878476,0,Low
243e9d0251,0.1135817498435337,1,Low
2447489fa5,0.01681801195828758,0,Low
244aea1a7a,0.08256667869472141,0,Low
244dee7fa8,0.07995479920018961,0,Low
244fbd2001,0.17908220897756713,1,Low
2450b4b226,0.043193685791410065,0,Low
2451f48a24,0.0377540141871007,0,Low
2452022a7a,0.19305638571916617,1,Low
24550df963,0.04189674310862654,0,Low
24579e530c,0.14051518153523598,1,Low
245a32d7a1,0.5057480603662271,1,High
245d2f59b7,0.1049647667588656,1,Low
246058e149,0.09529761469200027,0,Low
24628fbbe7,0.07378138698374247,0,Low
246334b022,0.10588960123204998,1,Low
24681f3c44,0.15003360472584057,1,Low
246a5a7409,0.09050024253110565,0,Low
246b868ddb,0.04318356545061262,0,Low
247098636a,0.05958009293729784,0,Low
2470a79877,0.08396736087533262,0,Low
24718bb98c,0.10350226121322952,1,Low
2472ce3357,0.035870670910682835,0,Low
24744b4811,0.1273724267947103,1,Low
24757373ba,0.053367898392062324,0,Low
2475ca2247,0.20504801085400853,1,Medium
24774573e9,0.029284807090762286,0,Low
247a5fa010,0.21318931578675165,1,Medium
247d0dd758,0.24861886958593699,1,Medium
247d9241b1,0.23832717352397262,1,Medium
248005d9aa,0.14738347203945965,1,Low
2480235efd,0.09541189464637474,0,Low
248248d0ea,0.09461861869616184,0,Low
24857c1088,0.04528488244762423,0,Low
248672a600,0.02283908123616652,0,Low
2488ef4619,0.23819001119792116,1,Medium
248920f1a2,0.25876327672408833,1,Medium
248bc3b21f,0.05402447315021538,0,Low
24929ab384,0.13156266696206007,1,Low
2495fb8b36,0.10786607091880487,1,Low
2496fb080d,0.13046924128130635,1,Low
249aee1558,0.04011838680324267,0,Low
249c3551bd,0.131300723743659,1,Low
24a0ce80ce,0.08955170914002863,0,Low
24a2031332,0.026959108025803324,0,Low
24a37eb8d4,0.1744251701900338,1,Low
24a4ab2464,0.03293512081956262,0,Low
24a6eed1a1,0.03750216601704164,0,Low
24a7323969,0.3808525134232049,1,Medium
24ad296dd0,0.31828413460584276,1,Medium
24ad528f6c,0.047973017068580245,0,Low
24ad7f6524,0.21789175476715283,1,Medium
24ae21a047,0.13440373747011897,1,Low
24b0d9192b,0.3768321914071643,1,Medium
24b9335c70,0.21826394932858423,1,Medium
24bb86fe33,0.07614971395166328,0,Low
24bddb7111,0.1910811459743524,1,Low
24c293f21d,0.2001887871348812,1,Medium
24c3765dbb,0.017383458853431087,0,Low
24c816631e,0.09554311323314392,0,Low
24cc76938e,0.09294268474815069,0,Low
24d85513fb,0.1759616471600037,1,Low
24da0aea59,0.09993278226564953,0,Low
24da99aa80,0.06085453808460457,0,Low
24dbc6bbe7,0.05174566796731849,0,Low
24e221fa7e,0.07612835861158358,0,Low
24e5fa29e5,0.030212191623425637,0,Low
24e7d7c331,0.06656528849601559,0,Low
24ea6c796c,0.06905017218996289,0,Low
24ec9ede7d,0.023246679589476012,0,Low
24ecb54f9e,0.1127560951057353,1,Low
24ed0ebe6f,0.7724280981881003,1,High
24ef7353c9,0.027844349101641977,0,Low
24f2b09928,0.15029926575674038,1,Low
24f5a53934,0.09859486214922246,0,Low
24f690d20a,0.12894236330454933,1,Low
24f8c543ab,0.11426321993230334,1,Low
24fd450a47,0.04422933990649127,0,Low
24ffdcb275,0.08319497768118693,0,Low
250024e836,0.06017263696463305,0,Low
2500dc96b7,0.12331151839910866,1,Low
250a49b379,0.17887129578495664,1,Low
250d14c1f1,0.1504475472706992,1,Low
250d2757d9,0.08758486183757899,0,Low
251fb20b03,0.0650012623520401,0,Low
25202ccb81,0.01679687564045879,0,Low
2520ea71a8,0.11119832481982575,1,Low
25241a8ece,0.09793136536007876,0,Low
2524b82716,0.42294044139379405,1,Medium
2525382eb5,0.052628100911707644,0,Low
25269ea816,0.22098183686004103,1,Medium
252873b126,0.04609440527678327,0,Low
25328f5b2a,0.03731514560971838,0,Low
2535eb9c93,0.2836391429584206,1,Medium
2536c3ea68,0.03780281560263162,0,Low
253851bd57,0.15911790905746379,1,Low
254204e5bd,0.06296894461625108,0,Low
2543e1e3f1,0.04693432267457739,0,Low
25467db0a3,0.07512409827467274,0,Low
254744b020,0.05500675174979949,0,Low
254c3cf8f4,0.2638984314898372,1,Medium
254ee4a45e,0.1721810942944342,1,Low
2550c73abb,0.06839456924238065,0,Low
25567b7a81,0.1010918357166769,1,Low
255ece8546,0.1474038067493608,1,Low
2560a3ac05,0.31056018011021,1,Medium
25638dec99,0.19874425100550677,1,Low
25644d9d41,0.1720195848469852,1,Low
256573434d,0.12471479704018387,1,Low
25673df75d,0.07158467496927359,0,Low
2567e8bdeb,0.2444848100047639,1,Medium
256e7744e8,0.08577849252820138,0,Low
2577c34eac,0.2115427468041938,1,Medium
25910b8e46,0.30565294319366354,1,Medium
25979fe4d6,0.3826830602282518,1,Medium
259ee1a668,0.07964536109543784,0,Low
25a06f63aa,0.20779170579597792,1,Medium
25a4140388,0.012115686961069235,0,Low
25a47f7304,0.03222024103909447,0,Low
25af76debb,0.11826375707568998,1,Low
25b2d64681,0.07749889989230402,0,Low
25b7ab4dda,0.09239815783342845,0,Low
25b9945636,0.1212561785181348,1,Low
25be11b59f,0.16992589812250414,1,Low
25c5f4ee6f,0.38118931928289534,1,Medium
25c6b8b0e2,0.15098513428200425,1,Low
25ca1de54e,0.29422073281658695,1,Medium
25d10a07b3,0.10720663497181901,1,Low
25d8cff119,0.07218232050870262,0,Low
25dd71778e,0.2087060411904051,1,Medium
25deaa21ff,0.1606790225394699,1,Low
25def7a25a,0.044283042951803374,0,Low
25e0653065,0.05043878799153217,0,Low
25e3b01ee9,0.14961848266063854,1,Low
25e403ad71,0.10880633685498865,1,Low
25e7a5e27a,0.0677318438091592,0,Low
25ef3c7d4b,0.01870152068799015,0,Low
25f2a0b74b,0.32951352723352945,1,Medium
25f95f3eb3,0.0523791937675826,0,Low
25fb16b0b3,0.07118173791531669,0,Low
25fe59f056,0.11336793389605927,1,Low
25ff165718,0.05966359454366634,0,Low
2600898776,0.13682784073173296,1,Low
2600e7b6d9,0.0717742501479931,0,Low
2603f94621,0.11423380264409454,1,Low
26077d9b6c,0.050590361337066125,0,Low
26086586e0,0.061110280539895485,0,Low
260ee8499c,0.056108547671939,0,Low
2610822b0b,0.13170899785559137,1,Low
2611359fec,0.09460092214833832,0,Low
2615375a3e,0.04754119532759349,0,Low
261af60f37,0.04559388918357183,0,Low
261cba804b,0.1341271745982459,1,Low
26201e16f7,0.08150954153680769,0,Low
26209b9d68,0.030106980772957277,0,Low
262475b3ad,0.10855585591908297,1,Low
26296291f3,0.05490644658184552,0,Low
2633cca5d8,0.10260763552816535,1,Low
26362afeee,0.08757467650840597,0,Low
2638798687,0.20119840465963382,1,Medium
2638b91154,0.12282017198883041,1,Low
2639192ae2,0.46801300903394305,1,Medium
263bb5de9b,0.07673814742430322,0,Low
263dd688e0,0.08068442099964965,0,Low
26417540bd,0.2284606521387324,1,Medium
2653719b0e,0.576711466604704,1,High
26553aa1e2,0.039207986915296325,0,Low
2656bf5879,0.27207531598673607,1,Medium
2659100521,0.18866498648221178,1,Low
265c4ee0bc,0.25234903328845015,1,Medium
26607b0af6,0.0735252570544513,0,Low
266466f473,0.07600105318175616,0,Low
266533663a,0.04928111507099112,0,Low
2669aae110,0.05011764772165357,0,Low
267556cc6f,0.21942940539618436,1,Medium
2675e6e39b,0.06295947850109765,0,Low
2676dbae40,0.09081258278918491,0,Low
2679031277,0.07535731573595121,0,Low
267dc56295,0.19919360194052757,1,Low
2682c83519,0.22471030889429194,1,Medium
26848f3662,0.031253157870188106,0,Low
2687a92cf3,0.19027129064918472,1,Low
26893f6f55,0.1375461292361964,1,Low
268db434f7,0.08073726827382263,0,Low
268de2bb9e,0.03097714261066746,0,Low
268fc471ee,0.09172996793189656,0,Low
2694c257e3,0.08197897076224489,0,Low
2697eb3480,0.046114944471289304,0,Low
2698891e79,0.13894467936950752,1,Low
269cabdb0d,0.09565798115760453,0,Low
26a74000c9,0.12967047318666505,1,Low
26ac893dce,0.062476452109369536,0,Low
26af532249,0.07620942785402159,0,Low
26af60dedc,0.11024986439912145,1,Low
26b0b6018b,0.05867934016144359,0,Low
26b6fb1651,0.0427488140315417,0,Low
26b9cfb950,0.07297466169551797,0,Low
26c119eec3,0.06268652052697522,0,Low
26c2c6802d,0.02751540193622393,0,Low
26c683ce28,0.09978274648637812,0,Low
26c8e4cd8b,0.16852585929649966,1,Low
26c96ab046,0.518702477512419,1,High
26cbd17398,0.0804864568794075,0,Low
26ce5f80a3,0.10248748775842102,1,Low
26ceb90f97,0.11645778181454067,1,Low
26d0b6a609,0.031917524968928385,0,Low
26d7ca3a97,0.09565663545417079,0,Low
26d9f6ab72,0.22589675562153985,1,Medium
26dcbcbba2,0.3487447759227424,1,Medium
26ddec7bb0,0.15620389585308214,1,Low
26ddf44843,0.11048470912339693,1,Low
26def29607,0.024324972923015605,0,Low
26e17da359,0.09822026709774073,0,Low
26e312dff1,0.08750215832391518,0,Low
26e6932514,0.1576083640577583,1,Low
26f27fa22e,0.09730526892737054,0,Low
26f3400a26,0.19760491498141006,1,Low
26f76d0060,0.7222332361292965,1,High
26fdfbb275,0.14978579660426625,1,Low
2700c18cee,0.4928187869806837,1,Medium
270a7088b3,0.24996179440506713,1,Medium
270bc3c837,0.08933745856671686,0,Low
270c8a11da,0.02218783416493382,0,Low
270c948210,0.11186654100452649,1,Low
2712bd8cfb,0.37926251976257624,1,Medium
2712d9a1c8,0.09191253735353953,0,Low
2714d48fed,0.16172476320274667,1,Low
27158c75e0,0.3825958627885497,1,Medium
2721293fe4,0.1260239938669336,1,Low
272391c798,0.0750248192601366,0,Low
27241c44e7,0.04794322289112661,0,Low
2724d80a10,0.051038125277938766,0,Low
272641f5f4,0.12238315129974207,1,Low
2727ca2137,0.13651840312018768,1,Low
27317f2ce4,0.3076720202168439,1,Medium
273212e205,0.22713609810798463,1,Medium
273227b5ca,0.10906322078390188,1,Low
273501a812,0.19265747595428456,1,Low
273653b564,0.10991861584094005,1,Low
273b715b00,0.1485537571271225,1,Low
273f94a434,0.3303654388463014,1,Medium
2744f47df8,0.0414212187398667,0,Low
2748b76741,0.06956516939514966,0,Low
274dfd4b0b,0.16212186833141495,1,Low
2756e1c6c0,0.16332957059091996,1,Low
275b185bb9,0.09982099543391998,0,Low
275d968090,0.05098745820565105,0,Low
27682a9092,0.2692229098470872,1,Medium
27683244df,0.031183549651707623,0,Low
2769b648f2,0.13793810108149668,1,Low
277982ae55,0.04221194036224479,0,Low
277c731809,0.0796733396535346,0,Low
2781279014,0.32679280087532175,1,Medium
278741047f,0.5734133546389224,1,High
2788dc4b40,0.1168610125985365,1,Low
278c7a621a,0.238980958374202,1,Medium
278d38d98a,0.1858749343875129,1,Low
27939d06ae,0.026977385507144312,0,Low
279efe1a7c,0.1389155094978777,1,Low
27a4af190c,0.045920001868958775,0,Low
27ab7395db,0.32898851080926467,1,Medium
27ae2fb865,0.046456007939074694,0,Low
27b391f9fa,0.04778131587723813,0,Low
27b588cffa,0.050960920745639356,0,Low
27b65f2e19,0.4574759561040421,1,Medium
27ba5bcbad,0.057502810643388885,0,Low
27bb26fb5a,0.026108680958501558,0,Low
27c1acb23f,0.04090644699796827,0,Low
27c2c2cc10,0.07649583313099731,0,Low
27c3e8e554,0.03512556226896715,0,Low
27c3ec4189,0.06618205334889725,0,Low
27c6f5f8cb,0.23047151894839837,1,Medium
27c9858617,0.15756024643702168,1,Low
27d3cbe6b5,0.10844097543147431,1,Low
27d762df1e,0.14391363144945765,1,Low
27d92e2cac,0.2798988043201006,1,Medium
27de0f2c35,0.05159198967953034,0,Low
27e4a68f20,0.04410091224153878,0,Low
27e55af9a3,0.14975373293496516,1,Low
27ed34c680,0.11761882725052772,1,Low
27f225474b,0.0882199115324146,0,Low
27f423c085,0.12800373305869708,1,Low
27fac3965a,0.04892155968876891,0,Low
27fcb83eea,0.2593182002354247,1,Medium
2804e1871c,0.2059421224947971,1,Medium
2804f73178,0.053226264404908054,0,Low
2807b62a8c,0.07038258053198868,0,Low
280a19aa46,0.10091124251012208,1,Low
280e229f00,0.22692888302469094,1,Medium
28119167df,0.07751074959576171,0,Low
2811d094d5,0.07331374659124702,0,Low
281247b6d3,0.03449507898599913,0,Low
2812e09194,0.09030580515408655,0,Low
2815e98571,0.04091094879311784,0,Low
28201924cd,0.08159701982674444,0,Low
2822b49223,0.10216123502057502,1,Low
2825d84160,0.06178198802158213,0,Low
28261fe8fe,0.08003741066024346,0,Low
282acbfec1,0.028610576452903453,0,Low
283da59026,0.09518249844276984,0,Low
2840b0762f,0.2225366858418249,1,Medium
28442a9b3b,0.2623630458706798,1,Medium
2848db461d,0.1330091303400482,1,Low
284aeeca7c,0.20139433573093513,1,Medium
284d5a69ea,0.031289330654432373,0,Low
284e4bb1ab,0.14307045791393183,1,Low
2852ab7714,0.03484088345771417,0,Low
28593b19e0,0.03338375310891843,0,Low
285b29b11f,0.150974055623041,1,Low
285b90e7e2,0.10702776521278481,1,Low
285f56f59b,0.16145156077577466,1,Low
286388c01e,0.10455654133108776,1,Low
286ddc401b,0.14379751837273855,1,Low
2873734f58,0.18094900052224921,1,Low
28846152b0,0.09080076077662544,0,Low
288643bf43,0.31314289344913154,1,Medium
2888169ed0,0.13850654096273016,1,Low
288d12f864,0.07440985925633348,0,Low
288d84ff8b,0.0321649788533642,0,Low
288ea2ac38,0.16646542380774362,1,Low
2890748d55,0.2665640696658593,1,Medium
289810de5d,0.08786650394990167,0,Low
289cac60b4,0.13267888172847625,1,Low
289efcd3a3,0.035193789726024806,0,Low
289f46d083,0.04234095098972014,0,Low
28a031020d,0.11201739913811726,1,Low
28a08b4f8b,0.10513136577430443,1,Low
28a9a9bbe4,0.0791469634711622,0,Low
28ae200a2c,0.21962464558212366,1,Medium
28b50a2040,0.04126124373473244,0,Low
28b51c3b3e,0.3350314447937123,1,Medium
28b54f9e4d,0.048029247567185664,0,Low
28b5e1cc67,0.03607634832220415,0,Low
28b738dbd0,0.11195233217267132,1,Low
28b9639f09,0.05297856748852584,0,Low
28bbc4d411,0.20229349088474272,1,Medium
28bdc10a87,0.04533921867746408,0,Low
28be945a21,0.04350525691220051,0,Low
28c21ea268,0.11151504414398165,1,Low
28c6ae6673,0.2938694049752498,1,Medium
28cc1c3dbb,0.2568904865934319,1,Medium
28d55cf351,0.07817764194688451,0,Low
28d62ba557,0.07427769873380805,0,Low
28d9220a86,0.22872472781218905,1,Medium
28d9a607bf,0.06676792626998611,0,Low
28dcd427ba,0.11311828214929043,1,Low
28deaee2e4,0.5063701452009709,1,High
28e1142f61,0.037948277479631205,0,Low
28e591945e,0.057988939553005756,0,Low
28e9b902a4,0.2481629327349065,1,Medium
28edb2a5ea,0.019733964535855675,0,Low
28f12b090e,0.09643795911739039,0,Low
28f389831c,0.042984582236736964,0,Low
28f3cf1e93,0.5277029210575336,1,High
28f70d74e4,0.3384647731106057,1,Medium
28f8764c8c,0.07215193321749395,0,Low
28faaf1edf,0.0551172783920415,0,Low
2906d5da4d,0.02716260468680235,0,Low
290e597270,0.2557417907993933,1,Medium
2917148e25,0.1947433663320931,1,Low
29184c50f5,0.14958772605755494,1,Low
29185bc987,0.33438506509168003,1,Medium
291aaefdea,0.3064372288904425,1,Medium
291b9f3131,0.056616887897074406,0,Low
291bfd0f7d,0.19971845989236886,1,Low
291cbc5383,0.07161573950136446,0,Low
2920954f78,0.08858908456177904,0,Low
2921a7d5fe,0.20527484152186887,1,Medium
2921bc468f,0.062368592960318874,0,Low
29222b95a3,0.08457164269852031,0,Low
2922756f35,0.7402203256408776,1,High
29251a6adb,0.19064535916985403,1,Low
29290efb0a,0.023285515228523505,0,Low
292dff4525,0.13629680782277376,1,Low
2932dd682b,0.039999830207729174,0,Low
29352b0f56,0.04639965752598673,0,Low
293d84c51c,0.11439266882314046,1,Low
293ea3650e,0.4896026184590645,1,Medium
2941f86c45,0.17440844168351602,1,Low
2944666322,0.08916810713220322,0,Low
294c975ff9,0.06987425827640893,0,Low
294ee6902d,0.054781516093436275,0,Low
294fb17ceb,0.02800871922656364,0,Low
295446e578,0.1411682353468654,1,Low
29555577b4,0.0819376607804828,0,Low
2955e52d2c,0.21416119132739958,1,Medium
295ba34814,0.03363385235130389,0,Low
295c4ce22c,0.17912580145765375,1,Low
2961cd3b6d,0.07048783233409633,0,Low
2964b4c51c,0.04130378590182954,0,Low
2965bcb235,0.1508300650860339,1,Low
296f9b88f4,0.116170538293953,1,Low
2975a7236d,0.08759454740602561,0,Low
29795df365,0.05453768753378863,0,Low
2979dbee29,0.13764060760264485,1,Low
297dce5e82,0.07273728245797643,0,Low
29829cb65f,0.09875183535412017,0,Low
29857cb5cc,0.031137069075329163,0,Low
2986b581a0,0.06633865464952471,0,Low
2987c81537,0.16260802634938817,1,Low
298aefe790,0.04260141097084726,0,Low
298b56d448,0.023799031898227085,0,Low
298c1eb7cf,0.05269666445791003,0,Low
2992602949,0.11916853720338735,1,Low
29948c5d56,0.05639108492442646,0,Low
29974f1a79,0.13472727855108385,1,Low
299770ed83,0.12948654622535177,1,Low
2997eb3b9d,0.04037674862878093,0,Low
299b4d3fe3,0.36057083205674956,1,Medium
299de7ba2d,0.029910066537224098,0,Low
29a257b70e,0.053493755027948016,0,Low
29b168a498,0.09195167243335749,0,Low
29b3111b9a,0.07021041300542614,0,Low
29b74fd8c2,0.2624056745895705,1,Medium
29bb52b86d,0.026164960450238375,0,Low
29c080b03e,0.062469461991256754,0,Low
29c1682c6e,0.1376666795486905,1,Low
29c770aa0f,0.2875494512066591,1,Medium
29cb25f699,0.40755578153045785,1,Medium
29cb56f693,0.09079688156838701,0,Low
29cc54aa37,0.05703872110043702,0,Low
29d0317c51,0.26546744946194184,1,Medium
29d1e30d1f,0.09715810280929872,0,Low
29dcc898cb,0.32169174263892536,1,Medium
29dd6c9fee,0.14343451822884185,1,Low
29e0edff5a,0.05872430858137364,0,Low
29e2caf582,0.07610513257354515,0,Low
29e6f8909b,0.036817345100803915,0,Low
29e768d19a,0.09245595896274682,0,Low
29ec75fb47,0.038159882611264705,0,Low
29ee7b55ee,0.05301063276897462,0,Low
29f41a9627,0.0969022857292141,0,Low
29f55252dc,0.10382447986915677,1,Low
29f593995e,0.05796725812458359,0,Low
29f77c4fb5,0.12144377310731949,1,Low
29fb3c8608,0.10205827305154344,1,Low
29fddb5d30,0.23898946764454443,1,Medium
29fee2f0c8,0.1475948049853407,1,Low
2a00c14ae7,0.08151084987002452,0,Low
2a070f4d46,0.05855694814382466,0,Low
2a07aa05a0,0.16423967240258147,1,Low
2a0a4102aa,0.24723099832400205,1,Medium
2a0a815a0a,0.03226204640856928,0,Low
2a0c22e3b7,0.0647427657303896,0,Low
2a11f8aa85,0.11335792794120562,1,Low
2a1273a5fd,0.12858299789531144,1,Low
2a13857dee,0.33253789389944516,1,Medium
2a14c13802,0.02502216943257031,0,Low
2a151300b3,0.04682505681190253,0,Low
2a23e57ab0,0.06690491113087864,0,Low
2a2a03b8d7,0.03613693661360773,0,Low
2a2b0458ce,0.09175644531921451,0,Low
2a2c3c753e,0.12769681103348804,1,Low
2a2ff3f95b,0.18088527300203736,1,Low
2a37b6e889,0.05585838072950557,0,Low
2a433abac9,0.14334235611088397,1,Low
2a4780b662,0.03784457806033398,0,Low
2a4b6ad423,0.18765870169543233,1,Low
2a4c55f1d7,0.10962424019788752,1,Low
2a5b418e4f,0.025013054538833818,0,Low
2a5bd96f3d,0.02695770393370897,0,Low
2a5c14d4b7,0.12197986195304202,1,Low
2a5e4a3c26,0.09100968159505937,0,Low
2a6147a61a,0.03371562402260484,0,Low
2a6c43e2ce,0.1415149167653973,1,Low
2a743fbb2f,0.17056200015920128,1,Low
2a764b0994,0.10524027824647693,1,Low
2a7ab6b8c7,0.04973286031613627,0,Low
2a815dd62a,0.06981700818380195,0,Low
2a857ba216,0.28887737149404835,1,Medium
2a865adbd4,0.0313716927110061,0,Low
2a88af0102,0.05021313032954849,0,Low
2a890e6710,0.18548708041904172,1,Low
2a89f45871,0.15741638610072242,1,Low
2a8ca92d0c,0.03156875034841642,0,Low
2a92e86143,0.06816459679352393,0,Low
2a95b1039c,0.1016629777512298,1,Low
2a972fad4f,0.026361554348340446,0,Low
2a9bd08b80,0.10170204573191771,1,Low
2a9d2f809b,0.08590094008693344,0,Low
2a9fc302b5,0.10879493127286621,1,Low
2aa2c64d25,0.09312758042479131,0,Low
2aa3f63d11,0.2488328450409327,1,Medium
2abfff4973,0.047471976864050296,0,Low
2ac4cbbc53,0.1646493110945685,1,Low
2ac893cb2d,0.06413026942165416,0,Low
2acb1ef5d8,0.1039174629642796,1,Low
2adaf73b28,0.07764060183416106,0,Low
2adc93e3b0,0.20506785722561738,1,Medium
2addbc73ec,0.0870987116533751,0,Low
2adf4e5068,0.12281231079795689,1,Low
2ae2d6e70f,0.14490328341892797,1,Low
2ae59c3a0f,0.045120402709504785,0,Low
2aec14a52c,0.09425265505324838,0,Low
2af435971c,0.0684068868849832,0,Low
2af796208d,0.028046865283600446,0,Low
2b075258c3,0.088839488736363,0,Low
2b07b3a6d3,0.3834535843329975,1,Medium
2b09ceea68,0.0930772476811906,0,Low
2b0c9eb6f4,0.11412965481346997,1,Low
2b1099ca2e,0.30338779511362124,1,Medium
2b14b362cd,0.321860279851946,1,Medium
2b15bec218,0.15310824036494053,1,Low
2b1f58d931,0.1833455275485747,1,Low
2b21b9406e,0.19565900519199617,1,Low
2b223f7886,0.042386785377299736,0,Low
2b2258853f,0.33004070105831107,1,Medium
2b2947b297,0.21774890416541046,1,Medium
2b2ae08441,0.11790464265948652,1,Low
2b2d4ab1d7,0.026207487483050483,0,Low
2b2f4c34e1,0.07355644674342345,0,Low
2b359860b4,0.0393210030351277,0,Low
2b3a13711f,0.13352653313906795,1,Low
2b3fbf6d67,0.019658012526748776,0,Low
2b3fff9cec,0.0794836130108285,0,Low
2b4018d0c7,0.7784267243655179,1,High
2b4a12f62d,0.03451515551315172,0,Low
2b4f00ed1b,0.01938173959387343,0,Low
2b55d329e0,0.2390961893693223,1,Medium
2b56407cbe,0.24892336426266243,1,Medium
2b5e953444,0.027022863209709713,0,Low
2b6a208c1f,0.07502413564472848,0,Low
2b6a2dd303,0.14323612841895758,1,Low
2b6d9ca1b6,0.12373326734466462,1,Low
2b6df491f8,0.14086394806393437,1,Low
2b6e8aa94a,0.0924681338528313,0,Low
2b7157e189,0.244943084220589,1,Medium
2b7764a25d,0.0574616942673771,0,Low
2b7b53dbc4,0.0989223092558609,0,Low
2b7c42750e,0.30689232154673735,1,Medium
2b7f1ae0c6,0.20124583366419074,1,Medium
2b7f652cbf,0.06606638925329525,0,Low
2b861567d4,0.21254668284140438,1,Medium
2b90a6227b,0.08873109649103891,0,Low
2b9745053f,0.12123603189462194,1,Low
2b98480b58,0.0870966834651881,0,Low
2b9cfb9e39,0.12325508220359987,1,Low
2b9e6f8bca,0.06832329742181875,0,Low
2b9e7f2be7,0.0334971328707025,0,Low
2ba70ca50b,0.10606389064575791,1,Low
2bacfd589d,0.03201632115253705,0,Low
2bb4f9e00a,0.3233630053884535,1,Medium
2bb89d0988,0.0351493914807522,0,Low
2bb9e4aff7,0.4493536631542117,1,Medium
2bbf734da1,0.06250041747969554,0,Low
2bc0fb724f,0.05090254426148294,0,Low
2bc81a70cd,0.03256967307987042,0,Low
2bcdabf88d,0.1255587560600125,1,Low
2bd0d5bcdb,0.6464962149609124,1,High
2bd9b7ca19,0.09728587363938257,0,Low
2be4788aa5,0.044708683817480166,0,Low
2be48648a2,0.07231423044940816,0,Low
2bebf8b4cc,0.023447133604463582,0,Low
2befe47626,0.3060518038398869,1,Medium
2bf8358557,0.019259765396064513,0,Low
2bfac81bb9,0.1108849268325334,1,Low
2bfddde7b3,0.039216017426815686,0,Low
2c006cc326,0.06823618337710244,0,Low
2c039abd79,0.10289390171457237,1,Low
2c07bf8658,0.05606347256145287,0,Low
2c0a42fdb2,0.6721892514756154,1,High
2c0c1a9170,0.12079820518062734,1,Low
2c0c8b604e,0.034864723908475274,0,Low
2c11a5c350,0.0846088727532114,0,Low
2c120efaf5,0.1362459224076019,1,Low
2c142d01ef,0.18630314897233657,1,Low
2c19fe58d8,0.2621364580824066,1,Medium
2c1dafe460,0.16715446905431033,1,Low
2c1dd0e051,0.10110432580355172,1,Low
2c200671da,0.10515654908762795,1,Low
2c248a9c9a,0.10484724543979881,1,Low
2c3138ea11,0.030602400195472924,0,Low
2c3174bddc,0.14856807729699997,1,Low
2c336653cb,0.04324628827639182,0,Low
2c3c645fcd,0.028231431778644234,0,Low
2c3e1244d7,0.13853792119630975,1,Low
2c400630f6,0.09642663290414415,0,Low
2c42790121,0.3027574313090032,1,Medium
2c4568ff38,0.762100059881038,1,High
2c45b80cb6,0.18088111845324922,1,Low
2c46ba10f7,0.0389737905532838,0,Low
2c4b5c7ae6,0.6890829353803334,1,High
2c4e40a106,0.029377733734630623,0,Low
2c4e6c1e17,0.06991798881482257,0,Low
2c4f1237a0,0.19982028111045258,1,Low
2c55e875bd,0.14866359938790094,1,Low
2c57a5b8f5,0.03183777475483437,0,Low
2c5ebd1313,0.09512153371197246,0,Low
2c5f1cf120,0.7333416284981882,1,High
2c64efe476,0.025338295365912405,0,Low
2c6f0b45f7,0.10025397622200007,1,Low
2c6feac6e3,0.02635151074672945,0,Low
2c70cca786,0.11008481909563038,1,Low
2c72e4a31d,0.11304784685655374,1,Low
2c74bed74c,0.09820004150360741,0,Low
2c7512603b,0.1747628398263232,1,Low
2c776b4438,0.04604056118601559,0,Low
2c78586737,0.046479013671809594,0,Low
2c79895970,0.27532055204626754,1,Medium
2c7dab2d10,0.10593405829795594,1,Low
2c7e5bf767,0.25221722957400755,1,Medium
2c821de290,0.09728118696972472,0,Low
2c8a245dc4,0.05423495049993078,0,Low
2c8b31cc2c,0.039483595550727696,0,Low
2c96aed8db,0.12868193624694538,1,Low
2ca15a7b24,0.11914505537149557,1,Low
2ca358059c,0.14867089979465187,1,Low
2ca710004c,0.03482664849735218,0,Low
2ca7dbe3b5,0.04960198891909031,0,Low
2ca950117b,0.10573126031256636,1,Low
2cab28cd66,0.32019702782719006,1,Medium
2cadb8bfd0,0.11485511108955314,1,Low
2cb8fb2a63,0.04916516311627069,0,Low
2cbeaa703d,0.044677837773313085,0,Low
2cbfcd3c1a,0.18038248715498711,1,Low
2cc3d36a1d,0.0400622152827105,0,Low
2cc84a7949,0.13560987717600423,1,Low
2ccadd3400,0.06995121204383101,0,Low
2ccde62be1,0.29308168026110165,1,Medium
2ccedb4d29,0.18075816688469704,1,Low
2ccf20fdf0,0.14591250716385457,1,Low
2cd47f8751,0.07201672497850958,0,Low
2cd87b8f44,0.03581593308156833,0,Low
2cdc5d79a1,0.07387280049346312,0,Low
2cddcd2652,0.18561187076035007,1,Low
2cea157a6b,0.027523292497513365,0,Low
2cecb3217d,0.12303746458709511,1,Low
2cedb201a3,0.13456549803907836,1,Low
2cefeb7c54,0.1433798625364182,1,Low
2cf07175e3,0.10443602923068909,1,Low
2cf37638ec,0.03828109033186879,0,Low
2d01e3b089,0.28633179180372537,1,Medium
2d01e76826,0.07410655271032367,0,Low
2d029536b4,0.4127350892721793,1,Medium
2d05c4d121,0.17334176006595184,1,Low
2d0c293a36,0.22851848396121313,1,Medium
2d10560f9d,0.12406365908491422,1,Low
2d11105f11,0.2345974321081128,1,Medium
2d12ca4323,0.028188098156956953,0,Low
2d179cb8d3,0.059848856137187455,0,Low
2d1cab6b89,0.15661697641378056,1,Low
2d23133332,0.17154592537568225,1,Low
2d2904cd38,0.1396435726965297,1,Low
2d293862f6,0.46831572350827483,1,Medium
2d2b3fee6d,0.17345350424365125,1,Low
2d2bf9fb46,0.09832658268214368,0,Low
2d320c6e96,0.1223010927310524,1,Low
2d33f965d4,0.2763874862216962,1,Medium
2d342ff66f,0.45592801442022723,1,Medium
2d34ffe1b8,0.05952812083818944,0,Low
2d42a62569,0.15991282257253966,1,Low
2d42dc329d,0.14392200587440618,1,Low
2d45cd42a2,0.062411868858601435,0,Low
2d497a6511,0.04924554379958408,0,Low
2d497ad7bd,0.03160342375341837,0,Low
2d4bb5ab1d,0.10250390133501862,1,Low
2d4d678667,0.06366129397632378,0,Low
2d4e9f189d,0.05416084593563681,0,Low
2d55410f02,0.0476886281994611,0,Low
2d57e80f11,0.05680710650886592,0,Low
2d5f97cf5d,0.07540532174478934,0,Low
2d616280da,0.16180896490089555,1,Low
2d62804642,0.06927866672818336,0,Low
2d686561d9,0.09348686304511582,0,Low
2d69580469,0.10646189299066136,1,Low
2d6a7a9b9c,0.0670958264761511,0,Low
2d6b7ef20e,0.25177288646492213,1,Medium
2d6c4593a2,0.051361085167251394,0,Low
2d6ce36cd0,0.29563918060172767,1,Medium
2d6d2b237f,0.1654758354174338,1,Low
2d6d4423ab,0.09671583398953565,0,Low
2d7219aaee,0.12186031531036015,1,Low
2d756f0d8f,0.3439153204206177,1,Medium
2d7701f48d,0.07708111757396381,0,Low
2d7a6622d6,0.0913970712101334,0,Low
2d8276044c,0.16630729895984675,1,Low
2d85da9cde,0.04296328256970129,0,Low
2d85ff229f,0.14999264611186716,1,Low
2d87207943,0.0791305432084233,0,Low
2d89a9612d,0.3152755022864989,1,Medium
2d9123fb4a,0.0648621889403386,0,Low
2dab0dc088,0.5826702716201689,1,High
2daeb19e78,0.1750644417797744,1,Low
2db137058c,0.38643252316317006,1,Medium
2db7cbc3b5,0.14983449493435907,1,Low
2dba5e61e3,0.062213620996235924,0,Low
2dc76e192e,0.1404626124257823,1,Low
2dcbd342ec,0.11609831365156685,1,Low
2dcfa794ad,0.03994130578300024,0,Low
2dd106e801,0.8132592964471774,1,High
2ddc4f8133,0.14298915894818418,1,Low
2de18255eb,0.28937545697842104,1,Medium
2de26b200d,0.06257218643065404,0,Low
2de2b41b00,0.050078660665736595,0,Low
2de912a5c8,0.48724480441595164,1,Medium
2de95b8f8d,0.0744412534451508,0,Low
2dea5be7d4,0.1345405369569289,1,Low
2ded29968c,0.0865358135218817,0,Low
2df0093888,0.14135504758683462,1,Low
2df150ae0c,0.2658283396193499,1,Medium
2df196e241,0.055970533618480714,0,Low
2df76072ac,0.05177449131455664,0,Low
2dfa39ecdb,0.21929947794732624,1,Medium
2dfb31a05a,0.3660405762232532,1,Medium
2dfe11ae99,0.04075591370044469,0,Low
2e00e8e266,0.10485916112519356,1,Low
2e02a8128d,0.5095946904212149,1,High
2e08f928dc,0.05793613749288879,0,Low
2e0a7460f2,0.050973534334375944,0,Low
2e0b41c308,0.22603861494190797,1,Medium
2e0fbdc75b,0.07463840744664867,0,Low
2e109ec7ea,0.05190956044912762,0,Low
2e10bdb55f,0.016683473170899465,0,Low
2e13da9edb,0.05452597285971316,0,Low
2e1516aeec,0.05306994948321822,0,Low
2e17c769bd,0.08107931055092372,0,Low
2e1ff76d29,0.04572884974467085,0,Low
2e2303d0cf,0.12843163454901477,1,Low
2e26b7d2bf,0.17847575323665887,1,Low
2e295dd906,0.049596652676679454,0,Low
2e2c7f99f1,0.1297487783048484,1,Low
2e3342f38f,0.07485156234165435,0,Low
2e35d7a028,0.15168948204945648,1,Low
2e35d893b7,0.08759555278109112,0,Low
2e39dbb155,0.14034524265430748,1,Low
2e3d48d58e,0.16513183695180367,1,Low
2e3f2b2c0c,0.09502206525750541,0,Low
2e43474b8e,0.17701113527597265,1,Low
2e4393a8ef,0.10416308739981153,1,Low
2e4aaec4d7,0.057558132542271226,0,Low
2e4b0e80a6,0.1182067565314777,1,Low
2e4d4cae12,0.13046018894167563,1,Low
2e4e706860,0.15806540784249473,1,Low
2e512c172f,0.5875674648677268,1,High
2e518a9208,0.5742499188606434,1,High
2e5b9ad289,0.10943474617831561,1,Low
2e6070ddef,0.0730261813602813,0,Low
2e6197da38,0.05205079820189481,0,Low
2e621ab3bb,0.13620419241098614,1,Low
2e757e2fcb,0.04524323398636889,0,Low
2e77568a2f,0.0347412746054755,0,Low
2e7767bb12,0.05042897810288163,0,Low
2e7c3aa258,0.036225033827416236,0,Low
2e7da095bb,0.15706668930869444,1,Low
2e807b016f,0.15672350837877064,1,Low
2e81e1c58c,0.08931059893491225,0,Low
2e8721727f,0.13242106502748655,1,Low
2e89b87742,0.10240665538080594,1,Low
2e89e572ad,0.10936847914149081,1,Low
2e8c71565f,0.16024689464574796,1,Low
2e8e01a29a,0.09326181847447478,0,Low
2e963cb89e,0.1655905869817946,1,Low
2e9873f0ab,0.0552244650125701,0,Low
2e9f379ce4,0.20105220912031768,1,Medium
2ea405409d,0.06935445670597286,0,Low
2ea7befef2,0.06447563800518531,0,Low
2ea88e8333,0.23332719078917505,1,Medium
2ea9bd8082,0.15099199780640019,1,Low
2eab9dab70,0.10508272542332664,1,Low
2eb9a7fc1c,0.2914191028541716,1,Medium
2ebf6e9336,0.1268219665716649,1,Low
2ec223573a,0.1653187913972441,1,Low
2ecb7d9273,0.25730359505098804,1,Medium
2ecd7481f1,0.17369050289780508,1,Low
2ed0b942da,0.0910186520511092,0,Low
2ed159081d,0.060892729241110825,0,Low
2ed3c97aed,0.12739380491031171,1,Low
2ed42bb169,0.3376417200715613,1,Medium
2ed9d7f294,0.09406346908982241,0,Low
2edfa72127,0.28684694787377507,1,Medium
2ee056e9e5,0.15757912944591934,1,Low
2ee4bddda4,0.06443403363891036,0,Low
2ee656a343,0.2533364189885981,1,Medium
2ee94354b6,0.0692787718144872,0,Low
2eedf482f0,0.048899720728808396,0,Low
2ef672fbd6,0.0667050071578746,0,Low
2ef8492bd0,0.19686140496375912,1,Low
2efa1055a9,0.15593708083820337,1,Low
2efc87571f,0.13420780834091595,1,Low
2efea25a36,0.10452018221374833,1,Low
2f017d3de5,0.17078621084083034,1,Low
2f01e33ced,0.1730672048459883,1,Low
2f0c3019d6,0.05005952161829397,0,Low
2f1685e0df,0.032003228336050744,0,Low
2f1783e05e,0.2600475663058155,1,Medium
2f19a7df5d,0.08559243913803356,0,Low
2f1d5527da,0.13142666542609152,1,Low
2f1e85c0df,0.53980713230798,1,High
2f20332e66,0.22041365304370897,1,Medium
2f2d446e7d,0.03068712098959449,0,Low
2f388b792a,0.0763881177697815,0,Low
2f3ae3fef4,0.04856921131875338,0,Low
2f3bbff9cd,0.030768382199415713,0,Low
2f3c93d422,0.2384776727849154,1,Medium
2f40ea410e,0.14473064632612856,1,Low
2f4616e6d9,0.04008688632872133,0,Low
2f4834f354,0.06948495779808503,0,Low
2f49f77922,0.15105955826655382,1,Low
2f4b75c223,0.05458212912297243,0,Low
2f4f84c0c9,0.13644883087557752,1,Low
2f59cf37f4,0.040046093007265235,0,Low
2f5a4f15de,0.10991506175973867,1,Low
2f5ac44b7b,0.12263994008742742,1,Low
2f5cf0facf,0.5164156200913222,1,High
2f5e073fd7,0.2050826507336543,1,Medium
2f5f202a5a,0.04535787713506574,0,Low
2f61d57cd5,0.038036598917315236,0,Low
2f6529bb98,0.36297293789712415,1,Medium
2f6a3f86a3,0.2143280918916004,1,Medium
2f6e1ffa1c,0.0340501737846881,0,Low
2f756c41d2,0.1693590439760504,1,Low
2f757a5639,0.2515397423027714,1,Medium
2f78021a17,0.1532961612461503,1,Low
2f7bb038cc,0.2738760069411514,1,Medium
2f7e50ec29,0.08662855986779118,0,Low
2f82493282,0.0786523923194201,0,Low
2f83cc0f76,0.12349339300207746,1,Low
2f84b1967f,0.10371210156725418,1,Low
2f85a97405,0.03563479162504966,0,Low
2f8bb82f2e,0.05159077161086608,0,Low
2f92488757,0.2966486476471792,1,Medium
2f93a67714,0.038473464542732476,0,Low
2f93aca02f,0.15349780533466856,1,Low
2f943d02ee,0.24724000718073905,1,Medium
2f96c55e32,0.08422959820505753,0,Low
2f9ca9220e,0.32221589425945846,1,Medium
2f9fc8f38d,0.11341396255524157,1,Low
2fa3495b4b,0.07638576003428939,0,Low
2fa36a4111,0.3327237868104562,1,Medium
2fa36bbb55,0.17165169827316637,1,Low
2fa4310a62,0.37250910303433005,1,Medium
2faaf6af71,0.15734773412452974,1,Low
2fab51c406,0.10987809603243186,1,Low
2faee20bb9,0.02698411602133986,0,Low
2fb177a327,0.12292840357067969,1,Low
2fb221f30b,0.06172917664886294,0,Low
2fb6761537,0.2306561377950238,1,Medium
2fbe62ba6d,0.11783549817770021,1,Low
2fc18b3842,0.13662193002114953,1,Low
2fc6a13225,0.05715514736854873,0,Low
2fc79bcc21,0.14243466415080078,1,Low
2fc9d83b0e,0.02254300966098879,0,Low
2fcab27a4a,0.08903629989595477,0,Low
2fd044601e,0.1521663340032408,1,Low
2fd3ad145b,0.12721590939819313,1,Low
2fd49bfc5e,0.04884714264316546,0,Low
2fd5c08246,0.09681311315080976,0,Low
2fda11126e,0.034084052811823556,0,Low
2fdfb52e3b,0.343634014448072,1,Medium
2fe40c8940,0.02782152613625707,0,Low
2fe46d1e93,0.2259014490731478,1,Medium
2fe5b4e876,0.01197942929917965,0,Low
2fe609d972,0.30528823544574624,1,Medium
2fed703448,0.06619526212575148,0,Low
2feed7c080,0.516593534805062,1,High
2fef7aeb20,0.05531799151868469,0,Low
2fefc3faf0,0.030557593265854662,0,Low
2fefdca5b1,0.26749094343473284,1,Medium
2ff6fa3cca,0.21862260339424586,1,Medium
2ffa14bd1f,0.04519414158151168,0,Low
2ffb9e697c,0.08048381253512976,0,Low
2ffe1d9b42,0.08881413755096837,0,Low
3001b1e832,0.07844753769913228,0,Low
3005d17a6a,0.21569417674830738,1,Medium
300762dee8,0.1449632711105481,1,Low
3008cf1909,0.09952182120176895,0,Low
3008d3d9d3,0.03730586860965407,0,Low
300c7898ed,0.5313610412327988,1,High
300faf687e,0.29225808801615105,1,Medium
30160fedde,0.11185829593223809,1,Low
301746cef8,0.14568838358229558,1,Low
3017ce6bea,0.14097640932729757,1,Low
301ade70ec,0.022797638878832932,0,Low
301d34d477,0.2842052291660415,1,Medium
301f1d6952,0.1705477097658289,1,Low
301fd2b097,0.1257746689342207,1,Low
30263f426e,0.13655277084905523,1,Low
3029557c49,0.187174730163992,1,Low
302c0c5565,0.4658041057431393,1,Medium
302d8369b6,0.2490546013405242,1,Medium
3032296713,0.08662616183563757,0,Low
3038064944,0.086364262827514,0,Low
3040be600e,0.03404112409890896,0,Low
304508cf8b,0.09883399654341014,0,Low
3045772118,0.07601862737803342,0,Low
30495c2d8c,0.2342231116486282,1,Medium
304d9ff3de,0.31060018498686154,1,Medium
304ded4667,0.23492777409067792,1,Medium
3050f46905,0.07804954572824023,0,Low
30524e44a0,0.1023877786500893,1,Low
30567ec7b1,0.0354602447219572,0,Low
305c4e5eba,0.02186081418315113,0,Low
305df9bfd7,0.2896767124903631,1,Medium
3069f3f16c,0.050869620687954094,0,Low
306f11107c,0.07255833535644546,0,Low
306f48d515,0.7030697666576141,1,High
308374a4de,0.36982433348481125,1,Medium
3086478c4b,0.15501296154276412,1,Low
3086777489,0.1370762087521871,1,Low
30883260af,0.137923430369429,1,Low
3088401edf,0.02288518903088619,0,Low
308a5fb673,0.07234005071164823,0,Low
308d7dfdf1,0.0739714927968407,0,Low
308fa403c1,0.03859998341358594,0,Low
3093aa56a3,0.10339737422260407,1,Low
309956ccef,0.03558715239633333,0,Low
309d330344,0.15377640004639398,1,Low
30a18f5bf4,0.18515312233524406,1,Low
30a19df261,0.10870362613037335,1,Low
30a4faa380,0.05668792857096396,0,Low
30ac11b2ba,0.29454366013989436,1,Medium
30af4d1216,0.09690577224544025,0,Low
30af5381bd,0.03418559022868911,0,Low
30afbd9c9b,0.10485278909692922,1,Low
30b2205b82,0.1211961201550374,1,Low
30b5c4c905,0.15144429753660169,1,Low
30c30193d5,0.0903166214001566,0,Low
30c3536ca9,0.13360857916639526,1,Low
30cea0d7f2,0.03353560873937709,0,Low
30d6988d47,0.036400809160643706,0,Low
30d6ca932f,0.07194904116452551,0,Low
30d6d1a775,0.03001643181169889,0,Low
30d7ff537c,0.2622977242573086,1,Medium
30daf33e60,0.03849249958916332,0,Low
30dd4215c1,0.03785118905921058,0,Low
30dd6d5742,0.027425595858907192,0,Low
30e0ac2247,0.07135076422728942,0,Low
30e0b7ab1a,0.04508133065872675,0,Low
30eb140713,0.44538537318561827,1,Medium
30f213ac96,0.06084637364868332,0,Low
30f567af30,0.21127489933883412,1,Medium
30fa07ee98,0.15565151661848461,1,Low
30fa0b6102,0.0567496078482108,0,Low
30fc579a24,0.18793568065036176,1,Low
3102628ba6,0.1890407343330052,1,Low
3102ecc2af,0.07260911730509731,0,Low
3104eada50,0.19439970963483338,1,Low
310a1ab1c7,0.0878555940924897,0,Low
310d6bb7de,0.16956205821159231,1,Low
3112f53935,0.092074558447086,0,Low
31186e57d2,0.2826275828137596,1,Medium
3119810f15,0.10781729058225809,1,Low
31261b4a5d,0.032049865786510305,0,Low
31273a3b9c,0.11699048941406417,1,Low
3129f4c9a5,0.047505102445448776,0,Low
312ae85453,0.1584680507118418,1,Low
31329768da,0.044069982090725,0,Low
31354cfd6d,0.15816446408248416,1,Low
313b5a9150,0.04956671271968875,0,Low
314400cc0c,0.2510648162748293,1,Medium
3144078132,0.3242578355579278,1,Medium
314646d688,0.14644079669465543,1,Low
314ce33263,0.09084386781537408,0,Low
314ce89584,0.0968485966973361,0,Low
31504684d0,0.19936653859858314,1,Low
315251ada5,0.04864546391231541,0,Low
31572ab061,0.23795201315469705,1,Medium
31581421bc,0.04759610528596831,0,Low
315ad9ae6d,0.05167664605320339,0,Low
315c388194,0.14549326710987456,1,Low
315c64c021,0.08893811994126398,0,Low
316149de17,0.020994942331722756,0,Low
3161bb2788,0.12387451986754688,1,Low
3173716fa2,0.03906916373600553,0,Low
3173f78eff,0.21564655848018086,1,Medium
3174dca5b7,0.08522992976399385,0,Low
317887ef53,0.46088529590744326,1,Medium
3179153f6d,0.13853700851441925,1,Low
317ba8321a,0.08906254805893596,0,Low
317cd89051,0.061376182831824395,0,Low
3184838c52,0.10164902203329589,1,Low
318e500c4b,0.050788620360109026,0,Low
3190bfdfe4,0.04386417568681583,0,Low
31a03c4230,0.0695045039638866,0,Low
31a2557919,0.13223104531803048,1,Low
31a60e6c8c,0.10851307186071495,1,Low
31aefe8fb2,0.05187595250711209,0,Low
31b37f123d,0.13547031263374218,1,Low
31bb56f56e,0.035806377614822096,0,Low
31bc2d9be9,0.08155817662574782,0,Low
31bfe862df,0.1616405194994203,1,Low
31c5fc8e22,0.5891359757942108,1,High
31c7e1ab01,0.1550500066202246,1,Low
31cb0260c1,0.09574541643591336,0,Low
31cd254f41,0.06023700747521742,0,Low
31cd668fb5,0.09130348203495124,0,Low
31cde45c77,0.14213701263096182,1,Low
31cdfc7462,0.05979908161364259,0,Low
31d2669643,0.050311946237462116,0,Low
31d2a25ae1,0.08281880587532077,0,Low
31d307db2d,0.07174962020073578,0,Low
31e974ea16,0.2506317024988206,1,Medium
31ee185d03,0.09700831417897468,0,Low
31f5c4dcda,0.2002394370837877,1,Medium
31ffe4ca6a,0.04228628322306389,0,Low
3200c42916,0.06506818478427161,0,Low
3200e2a2b3,0.09544062557137482,0,Low
3200f9cd0b,0.03597875093078822,0,Low
320135a774,0.040039722307497715,0,Low
32057ffe76,0.04218306974925809,0,Low
320698e757,0.05782247700021037,0,Low
320858bcac,0.20803153400516794,1,Medium
320b12cf22,0.09071368181856768,0,Low
3212bc51da,0.12713757258696903,1,Low
32139016a4,0.2573109182598005,1,Medium
3214ec3a9f,0.037717136639240624,0,Low
321638b304,0.17564602611832825,1,Low
321dbbb8d4,0.058579426255691756,0,Low
32216da317,0.5391699249084982,1,High
322287737e,0.15401283308665326,1,Low
32236e2a36,0.04107539571633119,0,Low
3224df0b85,0.13338755040926087,1,Low
3228205a1d,0.043572575962084685,0,Low
322a4ace27,0.03858443484969905,0,Low
322b5de363,0.07759031900715205,0,Low
32348e179c,0.09314658537953828,0,Low
3240ffb3bd,0.1264719543354837,1,Low
32454742f2,0.4532096462394633,1,Medium
324aaadc27,0.2114681066550983,1,Medium
325321d07a,0.057036497016196536,0,Low
3256f07c9d,0.11314864556794901,1,Low
325db1ec27,0.13397747450902775,1,Low
3263ba53b3,0.09619987247024693,0,Low
3265856648,0.2048090684315278,1,Medium
3273c0e550,0.13077766893663675,1,Low
3274b1d0cf,0.030252528084514434,0,Low
3274b7b637,0.1496208901365892,1,Low
3279f23efe,0.04593685823718809,0,Low
327b2c7f2c,0.041377478548744795,0,Low
327c6d1cbe,0.12135177940263883,1,Low
3282069c94,0.047741969093347374,0,Low
3288134a50,0.022260485911476093,0,Low
328ae613c0,0.11839996772937554,1,Low
328b49f1bc,0.0595768177425535,0,Low
328fe5b67e,0.17287524322050482,1,Low
329023b1e1,0.2196376258713851,1,Medium
32947f3d80,0.07503370352619053,0,Low
3294f5b080,0.1434019729491983,1,Low
329ce72e9f,0.16957201336295372,1,Low
32a48e39f5,0.18726231928539086,1,Low
32a6cfb728,0.013686523944852147,0,Low
32a791c393,0.10046979122075221,1,Low
32adab4de0,0.02149233880515222,0,Low
32b162bf09,0.14653523532489418,1,Low
32b34b0676,0.042831107864805894,0,Low
32b58904aa,0.29366035439768357,1,Medium
32b9ac71f6,0.5953152647241947,1,High
32bcc7b170,0.025511314264945604,0,Low
32bcf62c49,0.14765719330678131,1,Low
32c0841f73,0.15345125958593042,1,Low
32c4ff62c9,0.2630173218573773,1,Medium
32cb2b6cf7,0.0342446991154965,0,Low
32cff821da,0.03624184520275147,0,Low
32d3d64ccb,0.16733547022095333,1,Low
32da2f0082,0.03110252445938803,0,Low
32e2c0edb7,0.07710590024659941,0,Low
32e61d38fb,0.09911416828521129,0,Low
32e71d341e,0.06705910022328314,0,Low
32eb66071e,0.14777150976431133,1,Low
32eccc1e8f,0.10935558561881582,1,Low
32f3525b04,0.13762111036469854,1,Low
32f49b9832,0.12421221887252808,1,Low
33073f5da8,0.38830517011415283,1,Medium
3307a70fbf,0.02523363592056564,0,Low
3308c47018,0.024630134019251366,0,Low
33093cdba8,0.05611063627805106,0,Low
330b8b1234,0.07624501667380379,0,Low
3311b66af0,0.18906197640724917,1,Low
3315424650,0.04388958536915322,0,Low
3315df6981,0.140777458810667,1,Low
33170d1dee,0.043197329871629594,0,Low
331a343b86,0.14713893309777482,1,Low
331abfe003,0.3265771758732111,1,Medium
331b5caaef,0.15683900497097117,1,Low
332c69ebe1,0.08067760711716679,0,Low
33301674ba,0.34920860949750715,1,Medium
33316fd203,0.08487570221518025,0,Low
333769f4a2,0.32121119652993146,1,Medium
333c9f95cc,0.051561514880039405,0,Low
3346125a5f,0.26360409826654957,1,Medium
3348ab3579,0.08432634712606539,0,Low
335015276b,0.10402862875836862,1,Low
335290d478,0.02423506970185079,0,Low
33566c425c,0.03889126205031611,0,Low
335c2d707e,0.24127916568505264,1,Medium
335daedad7,0.13240860510727331,1,Low
335dbc3c6f,0.1291675779556341,1,Low
3360cb326c,0.14078172944228734,1,Low
3361b19014,0.028044710701463398,0,Low
3363d82215,0.043632325963687914,0,Low
3366115674,0.12821451350891,1,Low
33685b0702,0.14497721351326617,1,Low
336cd582a2,0.14645063623745655,1,Low
3370d62c3e,0.1270403624035317,1,Low
33773bbfab,0.10628914333188279,1,Low
3377f0d723,0.035008628266385323,0,Low
337803145a,0.013914377214861407,0,Low
3385dc11df,0.01701901361979303,0,Low
33875522ca,0.04627799676570245,0,Low
338eb5f223,0.1920819275288885,1,Low
3396c4414f,0.15788672896364012,1,Low
3397b20e53,0.1462390070973458,1,Low
3397d3ec14,0.03475331661844549,0,Low
339e9ca8bc,0.07965868427410742,0,Low
339ee6cfe7,0.13198256017562265,1,Low
33a19d621b,0.06698182837208042,0,Low
33a46f5a3a,0.07579089171343767,0,Low
33a48100dd,0.11303565992471526,1,Low
33a95aa9e2,0.08475641784923098,0,Low
33af0a5d56,0.01638620170816991,0,Low
33b116b79a,0.13719798361908653,1,Low
33b3c2f1c5,0.030267963827149538,0,Low
33bef3e00e,0.03926340458972768,0,Low
33c0747b75,0.10222199805811387,1,Low
33c968c7f4,0.17316450249348295,1,Low
33ca1851ec,0.6158134588946401,1,High
33d37a6a8a,0.08560598775474927,0,Low
33d4caba43,0.21872511681063764,1,Medium
33d873e2a4,0.07735496748866061,0,Low
33d948551b,0.07790436365064131,0,Low
33da1415c9,0.261434897933717,1,Medium
33da8d9144,0.04494921578702155,0,Low
33db0967e6,0.028957627393991065,0,Low
33dca443bd,0.07304447621844451,0,Low
33dee31493,0.2750523881399411,1,Medium
33e27bdc37,0.07390207524963063,0,Low
33e4b29e02,0.06896598209157458,0,Low
33e71e712d,0.04640022951535149,0,Low
33ea5d3e67,0.38050007068927805,1,Medium
33eab8c6fb,0.03667359113371728,0,Low
33ec8048c6,0.12702976521334702,1,Low
33ee110f46,0.14918481836414513,1,Low
33f44b35d7,0.060128941098214324,0,Low
33f64ff59b,0.033855841779486195,0,Low
33f68ac395,0.021477683616505587,0,Low
33fa4fad71,0.0853449598704622,0,Low
33ff0c6f79,0.09757974301354273,0,Low
33ff427d3a,0.11615031874329285,1,Low
3401e53543,0.2521820427326816,1,Medium
3401eba6b7,0.0673318631927306,0,Low
3408ccbad6,0.21369103330464945,1,Medium
340b7213d6,0.04915444983776731,0,Low
340b728b0d,0.11318198917408147,1,Low
3411a0df23,0.6068043169435704,1,High
3412b10eee,0.14611904608659898,1,Low
3412f21730,0.06433699789884927,0,Low
341300a73a,0.059006605657224646,0,Low
3419a2e80c,0.16390935337893983,1,Low
342145b663,0.04259765680953506,0,Low
3421783ed5,0.075469419335624,0,Low
34263a9263,0.05214229023422436,0,Low
342fa726ee,0.0754624454798503,0,Low
3430735192,0.07484629683227795,0,Low
34340b8626,0.0616559542138499,0,Low
343509bcf6,0.119049946929972,1,Low
343957b8ff,0.25068829352086724,1,Medium
343cb8f972,0.13177883918550423,1,Low
34421cb048,0.24140347706285653,1,Medium
345097d8ad,0.17360058901825173,1,Low
345129c551,0.054819468886601566,0,Low
3458f9c5d3,0.06214397233407337,0,Low
345b66502b,0.5690408018689714,1,High
345dbda0da,0.10330850250260629,1,Low
34670e49e6,0.12247949909402682,1,Low
346c4edaf5,0.018400509112627486,0,Low
346d9ac001,0.24654251131604885,1,Medium
3473f6a13e,0.08089426929753027,0,Low
3476604a7b,0.18064026367803734,1,Low
347da572be,0.20212139739280754,1,Medium
348081e8d3,0.02698526705495486,0,Low
34821e395b,0.05950497208596794,0,Low
3482801d9a,0.08993832236144753,0,Low
348d59b478,0.07161602046139018,0,Low
348ec9249f,0.14027150773650385,1,Low
349326d56d,0.17017786697605608,1,Low
3496512c2b,0.1431677547750072,1,Low
3498a27c78,0.17988090276386595,1,Low
349a2a1d1c,0.5568952847827768,1,High
349a313886,0.0432632941856858,0,Low
349baa626f,0.1075727583593845,1,Low
349ef1c0d5,0.18918037039043922,1,Low
349f97d20f,0.0895794474345821,0,Low
34a6e07676,0.10794184517385978,1,Low
34b15676ff,0.05090720212962882,0,Low
34b22842eb,0.19019110193939032,1,Low
34b2da2426,0.3498805567310916,1,Medium
34b35489d9,0.107288683131611,1,Low
34b5ffd7f4,0.09856512718500438,0,Low
34b6e7886f,0.2137055357373474,1,Medium
34b98a0b4f,0.04448049795412469,0,Low
34c3023f98,0.20037657039915963,1,Medium
34c3b387e2,0.09594735138106304,0,Low
34c65cb95b,0.08642165815720912,0,Low
34c8256640,0.36181016393041926,1,Medium
34c9ad284f,0.10888381708678468,1,Low
34caf93a78,0.018874127263008585,0,Low
34cf629e71,0.2195964185290222,1,Medium
34d89809bd,0.19329267787538845,1,Low
34d9164c5d,0.18243393626911192,1,Low
34dcf24360,0.1462652401959877,1,Low
34ddcbd6c3,0.052625026607143,0,Low
34df2efe9a,0.04810812197556089,0,Low
34e2271bbe,0.06070764386830562,0,Low
34e7678369,0.0557460235158214,0,Low
34eb8e132b,0.20466841416986045,1,Medium
34eef437fe,0.13017984970824412,1,Low
34f0c6ccba,0.03556068751726159,0,Low
34f600ecb6,0.07200115525840865,0,Low
34f71d2cd5,0.1709298606355762,1,Low
3508756b13,0.05237060000884754,0,Low
350dc0a692,0.11787807475176586,1,Low
35108c8abe,0.09748568310003146,0,Low
3510fb63c6,0.12391719878742492,1,Low
3511e0315f,0.07817768374130647,0,Low
351bd2c00b,0.12159647137105331,1,Low
351dd5b165,0.04790384052755405,0,Low
351ecdee45,0.03418818668768619,0,Low
3520fc75d6,0.2708059982737953,1,Medium
3524ef4d88,0.11166384425903456,1,Low
352519018e,0.0713750477495881,0,Low
352a0fd36f,0.03550800688631772,0,Low
352ab0911c,0.24652631100842554,1,Medium
352b6e0da5,0.07801519111451617,0,Low
352e0d64dd,0.2194396174739784,1,Medium
352fd5df8b,0.0419460613729859,0,Low
35322befcb,0.07017051260341745,0,Low
35390037a8,0.18987740245476362,1,Low
353a2a3291,0.1477666464501029,1,Low
353fd1fd65,0.5789645362473618,1,High
35406c9342,0.1956400075297877,1,Low
3540a925a4,0.5042355574992139,1,High
35418fab86,0.030556601182712417,0,Low
3543b9f69e,0.17189404380417023,1,Low
3549dd4aac,0.5850560699959902,1,High
354aa6b66e,0.19754419253858585,1,Low
354bde4d14,0.10188811683004899,1,Low
354c5a3b56,0.10476277476975035,1,Low
354e0019e6,0.27538175381682095,1,Medium
35528540d8,0.11202588583918588,1,Low
3553777b0c,0.2202394105771497,1,Medium
355d9c7ace,0.08750955721876726,0,Low
355f282348,0.030955028077305335,0,Low
3568477768,0.11649488557685247,1,Low
356d905a35,0.09029202295451677,0,Low
356ee3feda,0.04051660749101942,0,Low
35730f9908,0.032969028512946655,0,Low
35798a2d1a,0.06038051746990453,0,Low
357ef2e441,0.43845517271189344,1,Medium
358dcc83e1,0.33326753748619753,1,Medium
358e16db1d,0.11830300763236669,1,Low
35946446f2,0.19113771555456902,1,Low
35958f078b,0.10861042023376331,1,Low
3595debeae,0.24194858975766342,1,Medium
359880d4fb,0.17094503579568662,1,Low
359c2aae01,0.18015259049349439,1,Low
35a28e511b,0.25255179420127893,1,Medium
35a5ada056,0.27168481076353196,1,Medium
35a7551899,0.12272076984226313,1,Low
35aacbee2d,0.5630355166757843,1,High
35accae892,0.08306865014194473,0,Low
35ad9fe446,0.07853133215827492,0,Low
35af79a5b4,0.37778011930646194,1,Medium
35bb5623a6,0.3024848253783126,1,Medium
35c00bca4f,0.4208234100882028,1,Medium
35c03725a1,0.22659642399601515,1,Medium
35c28ddf5b,0.045457956538875584,0,Low
35c4e7b2e1,0.018115156086529804,0,Low
35c6d1ea13,0.05145404431611738,0,Low
35c9cbc3ce,0.39849956631421163,1,Medium
35ce460d6d,0.08955909815986517,0,Low
35d26018c5,0.1566391970055603,1,Low
35d71847d7,0.04383177364360001,0,Low
35d8ad3fa6,0.28564531579851965,1,Medium
35db1bc832,0.22481083591740622,1,Medium
35e3065726,0.06771951335129588,0,Low
35e756d77e,0.18647032038181785,1,Low
35ea13c570,0.24677625576215745,1,Medium
35eb8c084e,0.1439559031253803,1,Low
35eba040b9,0.2171362411279253,1,Medium
35f2196fe7,0.2874045288856042,1,Medium
35f22979d1,0.9480517367945291,1,High
35f25e2359,0.19252002683102185,1,Low
35f51bdb8a,0.06946204231929246,0,Low
35f743315e,0.3302547380507277,1,Medium
35f8ab4247,0.044088542206753255,0,Low
35fa02db10,0.04612876153752687,0,Low
35fb0b382a,0.07807306126362895,0,Low
35ffab6c8c,0.020295561475846925,0,Low
35ffc68c73,0.056995241298227015,0,Low
36059c2559,0.028936193944771777,0,Low
36069b5afd,0.14849968504195732,1,Low
360a422bc6,0.1573124725840085,1,Low
360bddd11a,0.08758340498777072,0,Low
360e40d00b,0.2019512497203875,1,Medium
360e9c4f79,0.05498013990958493,0,Low
3610684a94,0.0959767370703454,0,Low
361792fccd,0.046673704869586385,0,Low
36198f2809,0.04289432244382157,0,Low
361b4c0751,0.08701423078084747,0,Low
361bbb32c0,0.0549298046162859,0,Low
361e7abccd,0.12881796563501566,1,Low
36210ef9e0,0.10618477435572672,1,Low
3623658130,0.037153472752869746,0,Low
36237990e5,0.48312914383967576,1,Medium
362c5b2b53,0.11811730388961356,1,Low
36302e2919,0.16012701087203265,1,Low
363b9c2005,0.23469095550955765,1,Medium
363c4a7a59,0.05027731036411365,0,Low
363f193847,0.47264172887847117,1,Medium
36410bfecc,0.051521752245848644,0,Low
364584bac7,0.06811706772995613,0,Low
36467a2e12,0.12598688929861981,1,Low
3656333fc4,0.2727637557843516,1,Medium
365b202bef,0.22269944341133183,1,Medium
365ca33fdc,0.12144480926497639,1,Low
3664972de7,0.24473952456215342,1,Medium
36654a5903,0.15134503042531258,1,Low
3669459af1,0.15282138013199006,1,Low
366cb4876c,0.1090829273809479,1,Low
3672c0ada6,0.5497361000000571,1,High
3677579e94,0.048566646082875066,0,Low
36788b95cf,0.04280636207760421,0,Low
367cfaa669,0.031238797908752523,0,Low
367e6a5145,0.16716744347117435,1,Low
367f5b6ba7,0.027478038388107168,0,Low
368045cb1c,0.26859908915822084,1,Medium
3680bf1bc0,0.10875381484171266,1,Low
368a688eca,0.037959472917005674,0,Low
368c579a2f,0.0779444891846751,0,Low
369d395a1e,0.2421887625562413,1,Medium
369ea0b468,0.12234035645098432,1,Low
369f6381d0,0.049761893993030604,0,Low
36a05716c9,0.20866990197267418,1,Medium
36a06cba98,0.10593186390662417,1,Low
36a935c907,0.16551387878366858,1,Low
36acee7216,0.18352714804079243,1,Low
36b0cd0034,0.14405600139591102,1,Low
36b51fe5f7,0.06429586046299184,0,Low
36c35d78ef,0.2318329973785641,1,Medium
36c4b17694,0.05235876699132606,0,Low
36c5340f07,0.05298706954580428,0,Low
36c6842035,0.18366700378319922,1,Low
36ce9b2695,0.12615653665532459,1,Low
36d64586d1,0.10816335201702806,1,Low
36d7b6636b,0.11238625080854048,1,Low
36da197af9,0.04723746216141587,0,Low
36e109958c,0.3410215081586669,1,Medium
36e2e3baf2,0.28523366018773283,1,Medium
36e42affce,0.15720771897961677,1,Low
36e65e02dd,0.05224111197700657,0,Low
36e6a186e6,0.07753022381977083,0,Low
36e941db13,0.036212398787854476,0,Low
36ea75004f,0.06501746216213511,0,Low
36eea3ecff,0.17080532968362788,1,Low
36efc11045,0.0638135693847957,0,Low
36fbfcf1df,0.06234125037966393,0,Low
36fd7265e7,0.10824329868148765,1,Low
370128930e,0.1091306710444225,1,Low
370361f6de,0.07449848264296041,0,Low
37047d575b,0.04385860168248751,0,Low
370ee29bdd,0.05565429252031627,0,Low
3718c4af2b,0.04842671534898064,0,Low
371a07defb,0.1704137466554269,1,Low
371b85f1f5,0.24055275459787565,1,Medium
372307fa24,0.08193622074337781,0,Low
372387ddf3,0.05275654843379596,0,Low
37269d3525,0.18488278336863714,1,Low
372852a4ec,0.22837368580009096,1,Medium
372929b80a,0.10766325782162742,1,Low
372c07b4f4,0.017442138921494335,0,Low
372e947f47,0.02153690738507272,0,Low
3734bf170e,0.15776293152288773,1,Low
373d3a515a,0.03623936992416644,0,Low
373eaf3346,0.13209027461135917,1,Low
373f6de8b0,0.0785894915460806,0,Low
37450e06de,0.21202668901425809,1,Medium
374bee2106,0.09975179554986857,0,Low
374dcac627,0.1695034102435592,1,Low
374f4ff8ed,0.2812194731239389,1,Medium
3753691fad,0.1248846959429132,1,Low
3754ce6e08,0.0572907421148928,0,Low
3755f6d8ae,0.17759686525993193,1,Low
375b4d593f,0.07704650158693413,0,Low
3761befb11,0.179442962287929,1,Low
37657ce3f1,0.09622067827141072,0,Low
37683e192b,0.022640342006765263,0,Low
3769517d9a,0.12156106316615968,1,Low
376c4e37c9,0.19215550640021561,1,Low
376f766682,0.2017773735456122,1,Medium
376fd76dfd,0.15981632703204965,1,Low
3773b49811,0.17417131123518098,1,Low
377820e0cc,0.07450403894943695,0,Low
37785dc90b,0.05241339022748934,0,Low
3779caa8eb,0.07760889658238414,0,Low
377a62a3b1,0.16218138833886742,1,Low
377c9958fc,0.039083604294924475,0,Low
378174e36d,0.16354154021967138,1,Low
37857a2b36,0.10408501149566866,1,Low
378883c6ec,0.18795723741307593,1,Low
37903aba55,0.0803429446777173,0,Low
3791214b44,0.03474266928567329,0,Low
379504be02,0.048106678038696865,0,Low
3799c8a301,0.6136087241126593,1,High
379c416cb6,0.07847913833689321,0,Low
379de3897c,0.3069641462441654,1,Medium
379f3f92f3,0.06626512453257297,0,Low
37a330292d,0.07171757896507693,0,Low
37a358104e,0.24415869119789757,1,Medium
37a66d66e1,0.07609156969776876,0,Low
37a7bee12d,0.14114435985532472,1,Low
37b04490c7,0.2852993466442703,1,Medium
37b49d1991,0.04686219263859734,0,Low
37bae9a4cb,0.17261106520396263,1,Low
37bbe622cb,0.49893830437406195,1,Medium
37bfc5e332,0.3828508894857526,1,Medium
37c18d9ba8,0.2905642708231008,1,Medium
37c2191c38,0.12148644650825846,1,Low
37c2dd262f,0.2028600793254031,1,Medium
37c35aea11,0.08000706607740667,0,Low
37c5f2fc43,0.09414607489535508,0,Low
37c63fbddb,0.09680844259605835,0,Low
37cdd28ccc,0.03438549839377824,0,Low
37cf1d8cb2,0.10588393170393497,1,Low
37cf7bd5c2,0.16550526262216872,1,Low
37d0076120,0.05883193629820047,0,Low
37d55e6631,0.035308259324981224,0,Low
37db03b589,0.04394120549890631,0,Low
37de5ae8a2,0.048223261072347874,0,Low
37e3e1d5d2,0.10016107504372873,1,Low
37e4517815,0.2226241423109999,1,Medium
37e9448d99,0.01821885975797041,0,Low
37f1f4697c,0.08217527658177218,0,Low
37f221c806,0.14650837527022412,1,Low
37ff03a2ff,0.08240463135383458,0,Low
38030e5fbe,0.16814896123043135,1,Low
3804ef5298,0.12286173218521691,1,Low
3807bcde34,0.21220459241776465,1,Medium
38081eea00,0.04740071873117804,0,Low
380d8b1be3,0.06453764635103668,0,Low
3813b1043f,0.06804415562970392,0,Low
381a38865c,0.03074636541373556,0,Low
381b3d38d0,0.11781462731461101,1,Low
38213f536d,0.08573458356754252,0,Low
38227bdf24,0.0923136584834795,0,Low
3824a06d5a,0.09823268379610371,0,Low
3824d871ba,0.10204741041779809,1,Low
382637eddb,0.4700428963584036,1,Medium
3829e114c3,0.04312503774440122,0,Low
38341810f8,0.12188554879150014,1,Low
38394ac95d,0.17822725219520205,1,Low
383b913c4f,0.19991684836460025,1,Low
383c39ba26,0.20982786797656947,1,Medium
383c82a431,0.06281627318611892,0,Low
383cbafb29,0.16779887758606807,1,Low
383f8f881e,0.11355133693632158,1,Low
3842c2e59d,0.0509217909890211,0,Low
3846334599,0.06899948986247954,0,Low
3848690c1d,0.1541530148905495,1,Low
384910060d,0.09941354163723698,0,Low
384a7e9386,0.44544161303451774,1,Medium
3857946f45,0.10885254371243311,1,Low
385cf7a484,0.3573047758858255,1,Medium
3862501a0a,0.11922397683989942,1,Low
386559b627,0.20240994238834986,1,Medium
38691fbdeb,0.23560668953383432,1,Medium
386a463833,0.09715754834783129,0,Low
386aa582d8,0.3667852532064102,1,Medium
3871e44b73,0.08280865139048665,0,Low
38744d1aaa,0.127808444201267,1,Low
3877fea76d,0.05020163362205738,0,Low
38797978dd,0.13958685999328097,1,Low
387d03c49c,0.07922347714752977,0,Low
387d8e2aa6,0.025713851163272624,0,Low
387da0b525,0.2002298286768591,1,Medium
387dc4c02d,0.13820918311011324,1,Low
3880f6a687,0.12456558702559402,1,Low
38865ce0ba,0.04655983254653927,0,Low
38871d699b,0.0625765877137371,0,Low
3888e8b4c3,0.03883824812994355,0,Low
388dd2be62,0.1265334538834214,1,Low
3893bf521e,0.0955231079305316,0,Low
3893dd9cf8,0.03537265360569202,0,Low
389693553b,0.02830917704235597,0,Low
3897e30efb,0.2115180331692728,1,Medium
3898724550,0.17548532938904982,1,Low
389a38c4a7,0.04945189706335325,0,Low
389bd782b1,0.03276987085778841,0,Low
389c087a40,0.15769706348065457,1,Low
389f5c7b3c,0.07255654778177067,0,Low
38a1409709,0.07820113096490244,0,Low
38a148f589,0.03659899465924695,0,Low
38a522902a,0.08434867446224933,0,Low
38a5b34371,0.1387625636644139,1,Low
38ad468ffe,0.11566868511184294,1,Low
38b112ed66,0.19879265371636404,1,Low
38b5ab96d1,0.04892740994726267,0,Low
38b681e302,0.03304477892135134,0,Low
38b731873c,0.20297782439694906,1,Medium
38b746d09f,0.06688836319361424,0,Low
38b75b9ebd,0.12566789345422577,1,Low
38b796e3ac,0.07178461287490895,0,Low
38ba2811c5,0.1094612372234459,1,Low
38c0bea0e0,0.38541084218007676,1,Medium
38c164d536,0.033407448841883056,0,Low
38c5480e31,0.11745550907923095,1,Low
38cbf71edc,0.07751514219137602,0,Low
38d121e044,0.08748391487566642,0,Low
38d5d4c7c7,0.24895456408375838,1,Medium
38d7a4094d,0.040444657229424,0,Low
38da31e53a,0.412975020078995,1,Medium
38db0d0c12,0.22625215772676646,1,Medium
38eb0cc536,0.03289159808570294,0,Low
38eef3300a,0.17641812789353678,1,Low
38f50f3d19,0.07633555303507998,0,Low
38f5d6ffa8,0.14408463020751436,1,Low
38f9b4f0d8,0.15436488692286598,1,Low
38fe23c531,0.24616567371361112,1,Medium
3900b9d1f0,0.13968589767954137,1,Low
39045ba047,0.04323372455523607,0,Low
390b6b2752,0.14394004404447802,1,Low
390d5aa01c,0.3198193360902028,1,Medium
3912b40768,0.03162130384205603,0,Low
39131d3d79,0.14937517921889723,1,Low
392419030c,0.08287429887815513,0,Low
39371b2bb3,0.037032257645541036,0,Low
39398869e0,0.22315587692304426,1,Medium
393a7c0b83,0.09210277351552927,0,Low
393c1283c8,0.036153236047537625,0,Low
39447caaad,0.18108541315111912,1,Low
3949dd5449,0.042745000083063076,0,Low
394aeaf15d,0.12398020447232565,1,Low
394cfa1507,0.2452565696046423,1,Medium
395164d057,0.0513032226332475,0,Low
3951b60c8e,0.07354186091598262,0,Low
3953619fab,0.1560743818773858,1,Low
39547cffb8,0.2614717277351031,1,Medium
3956790c81,0.06411361976707106,0,Low
3957178cbf,0.14247896178923397,1,Low
395c0c6b4e,0.17164335905878167,1,Low
395d0b222b,0.39548639582904843,1,Medium
395df382c4,0.10655177471801179,1,Low
3968a0b272,0.10110317655545069,1,Low
3968dce0c7,0.12435238701524545,1,Low
3969f53404,0.17957393203394809,1,Low
396b6b0021,0.08066622626059482,0,Low
396c810856,0.14433816076330813,1,Low
39738a9bd6,0.087067803731054,0,Low
3973a8a212,0.024047648400141734,0,Low
397bb4e7be,0.04702687186975769,0,Low
397f13a979,0.07422308744275465,0,Low
398313951d,0.06187045584168,0,Low
39872d880c,0.051729641083903065,0,Low
39875ca24d,0.12375218310293283,1,Low
3989c9a322,0.027289360741974165,0,Low
3989fa23ff,0.1096645877740428,1,Low
398d3cccfc,0.044109307529938226,0,Low
3992048edb,0.10178749101988363,1,Low
3994490bd8,0.12317007652123868,1,Low
3994c276f0,0.1140746096612552,1,Low
39979dda1b,0.11269879203921566,1,Low
3999119c0d,0.630645890035709,1,High
39999f1fad,0.04176489046109092,0,Low
3999b70e21,0.10922001809835269,1,Low
399ab3d294,0.06765721075145767,0,Low
399c093fa6,0.12163816878006052,1,Low
39a13d85ee,0.055326085225595366,0,Low
39a6abd0c8,0.15073131030160383,1,Low
39a9a1ab00,0.13386688286905024,1,Low
39ad55434b,0.13866052861857045,1,Low
39af346a06,0.07698054166967838,0,Low
39b1e1676c,0.2535727359851438,1,Medium
39b43ac338,0.1750528822496419,1,Low
39b7e8edd2,0.03907099965768046,0,Low
39b80d6c19,0.09522206311731814,0,Low
39b9ef2e60,0.23711995516076975,1,Medium
39bc5d2a4a,0.03609039233981764,0,Low
39d67e59f3,0.08607777318058028,0,Low
39d9f31f9a,0.028091572130940302,0,Low
39ea844777,0.07871734494454145,0,Low
39efc5e515,0.05630756200836581,0,Low
39f53c3754,0.12157112771133854,1,Low
39fe157de5,0.2560236955183822,1,Medium
3a04d96102,0.21457564631908105,1,Medium
3a0c45b98f,0.10062740620635469,1,Low
3a0eb31a5e,0.04736667655286383,0,Low
3a11db0fd2,0.019088388844855787,0,Low
3a154d1efe,0.12114345427036886,1,Low
3a178a038d,0.3236744450918266,1,Medium
3a1982be77,0.13911438646758736,1,Low
3a1d6d5dbb,0.5388994127723264,1,High
3a1e1d0f2c,0.20617499373950554,1,Medium
3a1f36445b,0.39260270464197555,1,Medium
3a23458ef2,0.12244117455047437,1,Low
3a269a5c3e,0.11230406880248525,1,Low
3a3398850c,0.09989172310378748,0,Low
3a383e3445,0.11691077341261906,1,Low
3a389e7c07,0.6443681623527369,1,High
3a3ce0f537,0.12757333500776272,1,Low
3a3da7b6bb,0.0362213664607711,0,Low
3a42e18cd9,0.06095257849118484,0,Low
3a4cac1c5d,0.05329467556832271,0,Low
3a510a6433,0.056860260424869975,0,Low
3a532aab1c,0.04686565953363939,0,Low
3a55a9c3f0,0.0895240530299741,0,Low
3a62e9ba13,0.2066742715324557,1,Medium
3a64991ffd,0.017793116912824807,0,Low
3a6ccfef46,0.17677865160039855,1,Low
3a73a777ff,0.33924754374822197,1,Medium
3a7678ce5e,0.041556493933608336,0,Low
3a77579d67,0.028344699021354197,0,Low
3a7bb0cfe7,0.037655884289434956,0,Low
3a7c1837a4,0.05530134278815311,0,Low
3a87766175,0.17988935297074463,1,Low
3a890d952d,0.02698252313593955,0,Low
3a92f602e9,0.10129392141969738,1,Low
3a94c82166,0.330312112578426,1,Medium
3a956b81df,0.05450937925321234,0,Low
3a9588059d,0.105146260918164,1,Low
3a95988352,0.11112978012879628,1,Low
3a9909de54,0.33513212766228034,1,Medium
3a99f64bf9,0.10485821207970547,1,Low
3a9c856afa,0.02958417437695161,0,Low
3a9e23e290,0.046754459277543806,0,Low
3aa47d7e49,0.04563608484015748,0,Low
3aa6b7d890,0.07352341836358145,0,Low
3aa78df1bc,0.4930810456175083,1,Medium
3aaadafa39,0.04272171127379105,0,Low
3aaaeed2e3,0.13451001712321742,1,Low
3ab0f5b858,0.1499483582093676,1,Low
3ab21920eb,0.6696991052493648,1,High
3ab439e685,0.05637766201653362,0,Low
3aba3699eb,0.03662474498192846,0,Low
3ac3f65de0,0.3762949719180493,1,Medium
3acfc3f288,0.06898526289842263,0,Low
3ad36e4290,0.040705288778776355,0,Low
3ad67a9257,0.30391743055308557,1,Medium
3adb97b78b,0.04983624163307023,0,Low
3ae0a4f38a,0.03480975632282402,0,Low
3ae388c11f,0.2937145215203038,1,Medium
3ae976e94c,0.4185486288953374,1,Medium
3ae9b957a6,0.19998749274958494,1,Low
3aea13564b,0.06494678660508431,0,Low
3aea3e9d8b,0.11353447103630089,1,Low
3aed445b19,0.2302975302922205,1,Medium
3aee1978e5,0.10966160875035867,1,Low
3aeee56a4a,0.40142711591435093,1,Medium
3af7551cab,0.07466068774295177,0,Low
3af7b15c36,0.12195380711061853,1,Low
3af80a4700,0.12434812165280916,1,Low
3af83a2376,0.03963402683330933,0,Low
3afa0d00de,0.12881452913245475,1,Low
3b081135f8,0.07077581800448023,0,Low
3b097b8397,0.130392593312308,1,Low
3b0f71d4d6,0.13764873694525048,1,Low
3b12330c86,0.04061469292551362,0,Low
3b146c2fed,0.18082019725279055,1,Low
3b1ce53a35,0.07635596086901643,0,Low
3b2f756b46,0.0957658546503609,0,Low
3b3654f3a2,0.04807296933666351,0,Low
3b36a64cbb,0.32511395029700224,1,Medium
3b37c5819c,0.13862332168129748,1,Low
3b3ca5136a,0.33466625161541597,1,Medium
3b420c3abb,0.02728255565382236,0,Low
3b4f58d45e,0.7560895252191917,1,High
3b4fde741d,0.036782195029158096,0,Low
3b51008146,0.1416989231032277,1,Low
3b517c143a,0.027977038730700534,0,Low
3b529923eb,0.3379221085436977,1,Medium
3b5335e276,0.24177328254483513,1,Medium
3b57942a78,0.11663901711686518,1,Low
3b5dac58ee,0.09850827516701796,0,Low
3b66f4fb56,0.13566957976094182,1,Low
3b69a7f434,0.19958206275105034,1,Low
3b738a6061,0.06732726271546982,0,Low
3b73b5d986,0.1504552577573932,1,Low
3b8218eeca,0.22466853204944592,1,Medium
3b88e25f2f,0.13238942876225496,1,Low
3b8ba28bea,0.1216328659306089,1,Low
3b8f1dbe97,0.4606216625326641,1,Medium
3b9995b844,0.04654808009762418,0,Low
3b9c937a3d,0.038591678147416195,0,Low
3ba08c329b,0.09931545424436453,0,Low
3ba12096cf,0.3010641064746852,1,Medium
3ba1e3a520,0.042068487391078636,0,Low
3ba896eff2,0.04604617698665708,0,Low
3bb5ed10d6,0.0858431948336994,0,Low
3bb65a6b44,0.1545381975050092,1,Low
3bb7a9557c,0.020616372825040696,0,Low
3bb898e897,0.13298867694951694,1,Low
3bbc8622fb,0.20170687540946824,1,Medium
3bbf0f4f81,0.1857854952062128,1,Low
3bc8b16cf6,0.36802121247479874,1,Medium
3bca7d8d67,0.15346867811989082,1,Low
3bcb2c2054,0.021261539584036114,0,Low
3bcb9a31a3,0.06809751178049374,0,Low
3bcc1a6dcb,0.2104394993055105,1,Medium
3bd6e38c38,0.1917701465194769,1,Low
3bd807ec6f,0.11495474040377321,1,Low
3be4ae36b0,0.15867896948306162,1,Low
3bf15ecc7d,0.16698134576904303,1,Low
3bf23e9751,0.05050793624550563,0,Low
3bf2d4b845,0.1643780724221666,1,Low
3bf408e5db,0.12997638504604192,1,Low
3bfab67157,0.08115610977804598,0,Low
3bfd3e73aa,0.05388449376348664,0,Low
3bfeb51d14,0.1066565600436511,1,Low
3c007738e5,0.04247059358512001,0,Low
3c0da730b4,0.1084750474329227,1,Low
3c0e8bd285,0.024003005574230074,0,Low
3c10674421,0.044541293706395736,0,Low
3c11cdbd9e,0.056071434490581336,0,Low
3c11dd3667,0.09707718815708517,0,Low
3c136525b2,0.21887860199361578,1,Medium
3c1ccff307,0.2209367639749544,1,Medium
3c21cb8c32,0.4558462662367006,1,Medium
3c25c917f8,0.09942550554230246,0,Low
3c26fa4e18,0.028529142506065863,0,Low
3c29bb3330,0.1384832055155993,1,Low
3c2b639ec6,0.1865107035141085,1,Low
3c2d247410,0.6055797158760771,1,High
3c2dc43c37,0.026056193352476085,0,Low
3c333c777b,0.23590336873039192,1,Medium
3c363827f8,0.1054727767371025,1,Low
3c36b8f44a,0.0900693015251876,0,Low
3c381705d4,0.02025966738529821,0,Low
3c3a8e03ec,0.0710012302906464,0,Low
3c410f84e2,0.06050767950875229,0,Low
3c4190cfc6,0.311025110004043,1,Medium
3c42680e51,0.04111690075415114,0,Low
3c456ab4d8,0.06926001658374827,0,Low
3c47738204,0.09211230991781404,0,Low
3c4867bab0,0.09808689193039562,0,Low
3c4b615caf,0.3800903086640698,1,Medium
3c4fe3e62e,0.019909734463814437,0,Low
3c526c8bf1,0.13102965629102067,1,Low
3c57556e20,0.2682525476395788,1,Medium
3c5a962d50,0.624050271666975,1,High
3c602f54dc,0.37110722642831856,1,Medium
3c605024d4,0.12819459189635368,1,Low
3c692ba79d,0.043601272556558504,0,Low
3c6cde7d7f,0.3859065276263379,1,Medium
3c72a76099,0.07828309010861596,0,Low
3c76095889,0.025284682763203645,0,Low
3c78e9ab39,0.10977530142497115,1,Low
3c79365a28,0.18715117709646054,1,Low
3c7b065626,0.036633174185036865,0,Low
3c7d896cbb,0.3543474652753891,1,Medium
3c863d4c02,0.07235938576107954,0,Low
3c8ba339de,0.0845708472826017,0,Low
3c8dc68554,0.47618297089854744,1,Medium
3c92140a89,0.10150648690175003,1,Low
3c9628d1d9,0.062183963784964415,0,Low
3c9e585adc,0.03661714452599265,0,Low
3c9efe96da,0.253926152013458,1,Medium
3ca071f3ba,0.05032539705311842,0,Low
3ca2e73ac7,0.10766726295754234,1,Low
3ca4fe5e5b,0.04464816401427498,0,Low
3ca7db21d8,0.15842267428483678,1,Low
3caa2b7677,0.0501320573839906,0,Low
3cad0a048e,0.06969662808432439,0,Low
3cae63c9b9,0.052866815009753695,0,Low
3cb66e750e,0.17817765694047752,1,Low
3cc0f8bc85,0.04027462150030163,0,Low
3cc13bbbd2,0.12154172546472494,1,Low
3cc204e204,0.10537031561581149,1,Low
3cc46094d1,0.025335200531793438,0,Low
3cc5fc714a,0.13874411537103537,1,Low
3cc664f25d,0.07348136678935695,0,Low
3cc9d8bdee,0.25992924241648985,1,Medium
3ccaaa8327,0.1156166496361199,1,Low
3ccb7c5d1c,0.211922335471135,1,Medium
3cd2f36d9a,0.06117588535171398,0,Low
3cd3c948ac,0.16150266717572592,1,Low
3cd5ed0059,0.047945528325065156,0,Low
3cd9c58abe,0.031137815205859544,0,Low
3cdf08fd06,0.05172954733804027,0,Low
3cdf39e658,0.07702313010186274,0,Low
3cdfc66ba9,0.0960343492023488,0,Low
3ce1167fb4,0.19017723120984384,1,Low
3ce54ffa2f,0.6350647365238049,1,High
3ceac232bc,0.3341436671246227,1,Medium
3cecc4a006,0.4651445697504292,1,Medium
3cf10b5590,0.028984702888779034,0,Low
3cf2bb7751,0.13153434929963753,1,Low
3cf7eec0a0,0.05587867175786688,0,Low
3d0362bf70,0.06856333006678479,0,Low
3d062ed98c,0.18261753801967245,1,Low
3d07b54a0b,0.07271230370991583,0,Low
3d07b5a5cd,0.16373993198624545,1,Low
3d0b64a77f,0.14827451144964043,1,Low
3d0d7c87d2,0.07602623543097553,0,Low
3d0ffeb8ad,0.04710989061820074,0,Low
3d13dfd17f,0.015671583883212766,0,Low
3d22cdd875,0.1895542669967697,1,Low
3d2c17cd77,0.026893735441720815,0,Low
3d2c9e5ecc,0.03297267604466865,0,Low
3d2d568d81,0.07326870004304235,0,Low
3d2f518527,0.3973367761729577,1,Medium
3d38185df9,0.1216516598893094,1,Low
3d3bb8a7f1,0.1390634435666254,1,Low
3d3d7ba766,0.22263896734917188,1,Medium
3d4ea2958b,0.1564957989364335,1,Low
3d4fa0f2a2,0.0785626248578574,0,Low
3d52123911,0.13774771902340463,1,Low
3d536d4cc7,0.03611639321240571,0,Low
3d53ebb60d,0.09610242995941158,0,Low
3d54bae6c8,0.08293300227838452,0,Low
3d5587d650,0.09268817342254156,0,Low
3d55b0abbe,0.1562752984355074,1,Low
3d55e74373,0.05814811492490047,0,Low
3d58097c54,0.05629360102069783,0,Low
3d58b04795,0.09528968550961864,0,Low
3d5c14429b,0.08750025021529156,0,Low
3d5f1da8f8,0.029541292326991327,0,Low
3d642014c9,0.50605696333245,1,High
3d6f7b2a91,0.1693177587044927,1,Low
3d79b664cd,0.05633965648866623,0,Low
3d7cadecb3,0.02341077979717358,0,Low
3d87939b25,0.20202181289503185,1,Medium
3d8ac14279,0.2186206457768799,1,Medium
3d8ad74752,0.08892017346182447,0,Low
3d8c9abaf5,0.03777231120843949,0,Low
3d8d7d349a,0.1448032328083049,1,Low
3d8e9affc8,0.12135992629484967,1,Low
3d8f6d3d7a,0.1262631412828253,1,Low
3d95b54a62,0.10945273461672003,1,Low
3d9984769f,0.12322407166663665,1,Low
3d9b327508,0.03644269898949676,0,Low
3d9e121ee1,0.14741087471783276,1,Low
3d9e68d035,0.10398374379069598,1,Low
3da1225f34,0.18970507539242853,1,Low
3da12f78b7,0.20457333145254492,1,Medium
3da4a73c89,0.14941820104392695,1,Low
3da5116c86,0.09190135833442627,0,Low
3da6687a3f,0.0875122767631795,0,Low
3da9239601,0.03257942605364667,0,Low
3dadf6b4dc,0.06502620606572569,0,Low
3dafe2a2ad,0.20384408805586543,1,Medium
3dbbfe3755,0.16674621533244238,1,Low
3dbefc59b4,0.18754685575510102,1,Low
3dc1b5bcb2,0.09306553682610513,0,Low
3dc4d1254c,0.25236806288957186,1,Medium
3dcabf5728,0.03021674508499783,0,Low
3dcc152c3a,0.10840849268971633,1,Low
3dd3014708,0.05144082040773203,0,Low
3dd48417ee,0.06666405611378282,0,Low
3dd6709187,0.1616968775950163,1,Low
3dda5e57b4,0.02962847097998567,0,Low
3dda91c8dd,0.2533444282603767,1,Medium
3ddb21756a,0.03432348026074496,0,Low
3ddb5da7ee,0.0780025304222882,0,Low
3ded73ff79,0.042492253235940566,0,Low
3dedf2a180,0.19791446042582267,1,Low
3dee13721f,0.2727150344689458,1,Medium
3deeacdaf0,0.02231982921225687,0,Low
3df5e36b21,0.09954908301231695,0,Low
3dffb33848,0.4658814940084851,1,Medium
3e02bc3e0e,0.07676596633341648,0,Low
3e03b3a1a6,0.42485531224632705,1,Medium
3e119cac41,0.21442740864188073,1,Medium
3e161cc202,0.031030668196408533,0,Low
3e1d9ccd90,0.048568544970528364,0,Low
3e2586b63e,0.04470140717610864,0,Low
3e2e0b3c9b,0.04119259641195107,0,Low
3e32cb2785,0.16881411532053744,1,Low
3e33a78c2f,0.05644664135175145,0,Low
3e34afe8cd,0.33227998385721746,1,Medium
3e3649148d,0.38717286191909267,1,Medium
3e3c5760eb,0.04380982921341914,0,Low
3e3db0c1c8,0.45824443338726767,1,Medium
3e41d0306c,0.09724961105441544,0,Low
3e44d99f34,0.04735046884305768,0,Low
3e4903bd68,0.1865475124170301,1,Low
3e4ba53b63,0.10215465237395992,1,Low
3e4d77a857,0.04611852984414975,0,Low
3e54b8332e,0.15620572515077935,1,Low
3e5da28210,0.22011929582660741,1,Medium
3e5f83f7c6,0.031796641561398685,0,Low
3e647bf909,0.13109182617811216,1,Low
3e653979bf,0.053562725253166854,0,Low
3e692ef87a,0.06311524527071939,0,Low
3e69e86076,0.1068773315541623,1,Low
3e69e863ff,0.07376415197123469,0,Low
3e6c94b123,0.18859305957635283,1,Low
3e6d749a59,0.16211212090939936,1,Low
3e6ffd0091,0.11458819354581176,1,Low
3e7321692b,0.04562517605815874,0,Low
3e7c61ce54,0.026773186616434054,0,Low
3e7f5065e5,0.1645194144825842,1,Low
3e8041a103,0.24057433663647687,1,Medium
3e8390cca7,0.13647162693505593,1,Low
3e847135c9,0.03769140530896598,0,Low
3e85324d19,0.07197047925968585,0,Low
3e854c1146,0.04087693196447192,0,Low
3e86a7eb13,0.09447686658279845,0,Low
3e889b4dc1,0.14913205972183588,1,Low
3e8a340dd6,0.25839982775361414,1,Medium
3e8ac6f882,0.16024041376711073,1,Low
3e8d2f161a,0.13391551468403037,1,Low
3e917311a0,0.3783693644862065,1,Medium
3e95ab85b4,0.28409166499312555,1,Medium
3e9b83ca83,0.17984421232864942,1,Low
3e9c8883fe,0.026594895066931745,0,Low
3e9ebc6714,0.2621112170888431,1,Medium
3e9f16b9bd,0.071285969619432,0,Low
3eaad27337,0.054389297242919014,0,Low
3eab5cf442,0.10515884122522119,1,Low
3eb4f3df41,0.23700750589512365,1,Medium
3eb76f111c,0.013624679772826834,0,Low
3eb8b65555,0.1608959227250019,1,Low
3ec1000486,0.03158709148267299,0,Low
3ec601a2de,0.07853935668838137,0,Low
3ec7573d76,0.48483772160996697,1,Medium
3ec92b2e99,0.08237045138154955,0,Low
3ecdbb1ad6,0.029287639661288067,0,Low
3ed1c2aaed,0.2865139652733131,1,Medium
3ed2672a1e,0.09855419253242875,0,Low
3ed5c68fb7,0.034230286167100055,0,Low
3ed5ffc588,0.07282653922243994,0,Low
3eda9ab69e,0.14763275360166656,1,Low
3edd455012,0.14078188407132677,1,Low
3ee2711f2f,0.0899394501400316,0,Low
3ee3bcb9bd,0.10066996389207133,1,Low
3ee4208866,0.03770937188587845,0,Low
3ee89a63bc,0.11135081731580747,1,Low
3ef060be0b,0.1261739973369201,1,Low
3ef2835cc9,0.08419642358167866,0,Low
3ef64b01f2,0.07675767061645537,0,Low
3ef814eff7,0.12077737636016406,1,Low
3efcaf1c4e,0.4026821173906447,1,Medium
3efeb89b74,0.05054835028840167,0,Low
3f05e53001,0.17371553093381112,1,Low
3f07b5de96,0.060760787428739804,0,Low
3f09ce7f13,0.06545961572276035,0,Low
3f17ab65a1,0.038502854007199515,0,Low
3f17ae4211,0.26794856068668327,1,Medium
3f18b66ee5,0.04105640389197309,0,Low
3f197475eb,0.034260940085516015,0,Low
3f1a2dd51c,0.12421380182976588,1,Low
3f1d1a92c0,0.03714916365852078,0,Low
3f1db56157,0.12547485627725705,1,Low
3f21defdab,0.017127460141033515,0,Low
3f261a4328,0.115873991218746,1,Low
3f27f9e5c9,0.15766587395348297,1,Low
3f28ff0ee6,0.2582352345165156,1,Medium
3f2dae2c16,0.49596033386044386,1,Medium
3f30158f64,0.09925536238826063,0,Low
3f3911ab8c,0.1747818810941874,1,Low
3f3a0f2546,0.08142769848110183,0,Low
3f3d2e3d8e,0.21551052076010396,1,Medium
3f49d78cf4,0.0633152029522079,0,Low
3f4ece608f,0.05303391816296846,0,Low
3f5060c1a8,0.08383331561701267,0,Low
3f62eb89f7,0.4560317597271332,1,Medium
3f648db3eb,0.5315102289552771,1,High
3f64af0f31,0.04616066202047705,0,Low
3f6a1058ec,0.0907874847617859,0,Low
3f6eb301c4,0.07252113789222099,0,Low
3f7924a4d1,0.14958280236668675,1,Low
3f79f19c39,0.17818990013155386,1,Low
3f7ea04f00,0.24026656074848995,1,Medium
3f80013930,0.23175759641987828,1,Medium
3f81285516,0.19194325926511083,1,Low
3f818ef748,0.13703733201911503,1,Low
3f82ff4d8e,0.29037235306419007,1,Medium
3f8460380e,0.15494637806896233,1,Low
3f88c83633,0.1292068789233386,1,Low
3f8a303d88,0.44383694116844885,1,Medium
3f8d60f6bd,0.20689346612939669,1,Medium
3f948f47e7,0.0588552615416401,0,Low
3f95c4925a,0.3497291483949315,1,Medium
3f974966d7,0.22866721784101213,1,Medium
3f9c92c377,0.07941226404447532,0,Low
3fa3dcbaaa,0.16951826914349177,1,Low
3fa67691c0,0.16622793664053118,1,Low
3fa975fd25,0.055796136054971746,0,Low
3faad87608,0.7494959291057692,1,High
3fab8e63cc,0.015415305347660446,0,Low
3fad0902b9,0.04705668200630393,0,Low
3faea9ef1d,0.03952041276065311,0,Low
3fb444be01,0.0857184441131227,0,Low
3fb49d1809,0.07455887237132207,0,Low
3fb4bdd1f9,0.2387624700137614,1,Medium
3fba8a043f,0.05854526613182543,0,Low
3fc5cabb32,0.34499817099612756,1,Medium
3fc99b0234,0.12591154524795722,1,Low
3fc9de457a,0.20999357131735047,1,Medium
3fd1310479,0.05519795061748077,0,Low
3fd805508e,0.5080562323107821,1,High
3fd9dbb97c,0.15369687425867445,1,Low
3fdd3c5b19,0.22351767056511812,1,Medium
3fdd421cf8,0.061553884566699246,0,Low
3fdfa9f108,0.05917141881870927,0,Low
3fe1686179,0.04349333583422109,0,Low
3fe199beb2,0.19624896140308587,1,Low
3fe6bfefb4,0.09225747089734455,0,Low
3fe8350c29,0.047845927174473134,0,Low
3fe88648e5,0.2584065324911323,1,Medium
3fe8aff0b3,0.051357974331998124,0,Low
3fea0cc3b4,0.14585090304835502,1,Low
3fea8397a9,0.13847299957158887,1,Low
3feccfb382,0.23872547582338804,1,Medium
3fedd7ed29,0.09671761045896403,0,Low
3ffc1096f7,0.08019681327393789,0,Low
4010c210a1,0.3143234732809421,1,Medium
4012e76ea1,0.19110866600135362,1,Low
4013fd5982,0.11497956803158364,1,Low
4017d1a02b,0.0744244163911206,0,Low
4017ed8acb,0.08097592321260666,0,Low
401bca20c6,0.13278891368786905,1,Low
401e6d89a6,0.16515540071659712,1,Low
401ed7ccfb,0.06774088471465216,0,Low
401fde4248,0.08412453368789322,0,Low
40202e687d,0.1301040092413754,1,Low
4021e1fa29,0.194553867425146,1,Low
402a25df1f,0.1309487930269126,1,Low
402d1b4d74,0.1913054220015601,1,Low
4030c4aad7,0.1397559289306666,1,Low
40373fdd96,0.13383882407993208,1,Low
4037b5b518,0.10360785375607548,1,Low
4040c8e2be,0.05955052748605268,0,Low
4050d23e15,0.0934599944647498,0,Low
405310f62a,0.1261144554152987,1,Low
40557db7e2,0.08356924479757599,0,Low
40570691b9,0.02694016066730951,0,Low
406441c8ff,0.12528119216001948,1,Low
406c8cd65e,0.08938661832159271,0,Low
4070bb7fca,0.8470328300075353,1,High
40724f5347,0.3993461212120029,1,Medium
4072c3a1b6,0.1641847257645205,1,Low
40748b63aa,0.14694012474681345,1,Low
4074a24031,0.10814378399427384,1,Low
40771b87ac,0.3300836625103206,1,Medium
407a403b7e,0.22072849240340944,1,Medium
407e2d4880,0.21116602542518217,1,Medium
4085e712f3,0.12291714839450427,1,Low
4088b824d0,0.04442810657232616,0,Low
408987d5d7,0.11882734531003929,1,Low
408f508fcf,0.20259156800199618,1,Medium
40905342d9,0.07895946794168023,0,Low
40911e97ef,0.15562884833957588,1,Low
409addbc5e,0.05741341407409211,0,Low
40a67e89fc,0.02829597567296939,0,Low
40a81d4200,0.09462195155620269,0,Low
40ad8db9b0,0.04788153045299342,0,Low
40b31dfae0,0.21476260297051944,1,Medium
40b3f944c4,0.7238893305301187,1,High
40b97cf1ee,0.10696032104902656,1,Low
40ba218ba3,0.03579924403432314,0,Low
40bb24a09e,0.06128294283209568,0,Low
40bea8f71a,0.07768289262553578,0,Low
40c4499ec7,0.16550370220637767,1,Low
40ca51b8c3,0.05108330502724633,0,Low
40ceda225b,0.1559765794681728,1,Low
40d49dd308,0.1024651034206987,1,Low
40d4e2ed5e,0.07404676304320017,0,Low
40d7235d2b,0.1310077758363741,1,Low
40d87e986f,0.13772006933742753,1,Low
40de55eb80,0.06451286563539384,0,Low
40e80eec97,0.04764098199827465,0,Low
40f74653de,0.0510440376593837,0,Low
40fa107f1b,0.05293669565754333,0,Low
40ff2bf97a,0.10512641278004613,1,Low
410129af81,0.10459160077037935,1,Low
4103a9dd24,0.19210061484848076,1,Low
41055821ff,0.2709658653213554,1,Medium
41057cebe8,0.060478873089763546,0,Low
4105bdab4a,0.14639489281112866,1,Low
4105e6e163,0.07074342716396774,0,Low
4109c71b06,0.027830063048301826,0,Low
410dd73167,0.07780410602087473,0,Low
4110749e61,0.12150997627167197,1,Low
41231b32d4,0.05333655576347141,0,Low
41289e6494,0.036753163290887514,0,Low
412c2a8202,0.13904759092597177,1,Low
413103ffd0,0.2285996663090958,1,Medium
41383bf2c8,0.05116300086545615,0,Low
4138ff08e2,0.07978245743831755,0,Low
413ce9df35,0.4132410266624089,1,Medium
413f870ceb,0.048956008875929956,0,Low
414448ec6f,0.10469484677275845,1,Low
414dcd0bf7,0.15630267508329374,1,Low
4152e5bacc,0.24887789566344862,1,Medium
4152fc49be,0.2401084025270619,1,Medium
4154b6a338,0.0725261233368235,0,Low
4157e61413,0.060012053764087435,0,Low
415a455a6c,0.19053618262072866,1,Low
415c58814b,0.15258372601498962,1,Low
4161cd1c8c,0.13115167531783786,1,Low
41674bd5cc,0.587966585801357,1,High
416921a446,0.0602833039656922,0,Low
41700a4c3c,0.09910474298068438,0,Low
417596a320,0.01693378394056765,0,Low
41768dc04e,0.047323491805782894,0,Low
417a0e6068,0.15304331063979054,1,Low
417afc8f53,0.02283444497032234,0,Low
417c2b1cc1,0.10564068850243159,1,Low
417d9a0f7c,0.16872774755818268,1,Low
417f6e59db,0.16863149942402864,1,Low
418393ba9f,0.14519561066167602,1,Low
41846ca21d,0.038421494357910986,0,Low
4185b7f507,0.06397896305626993,0,Low
418b3a4867,0.2958887170154769,1,Medium
4195dcfa25,0.27608820480470847,1,Medium
41994b50f7,0.02944237658447231,0,Low
419cade4b8,0.22647453612941626,1,Medium
419fe36bb4,0.17284118336638482,1,Low
41a15b9ca4,0.08448790513366586,0,Low
41a4df9288,0.02595518684017267,0,Low
41a9505891,0.13783370787185792,1,Low
41a9be1729,0.1921699763817212,1,Low
41ad045f59,0.0965724170113781,0,Low
41ad542756,0.09806578358821642,0,Low
41b294f420,0.28225318257126136,1,Medium
41b962a44d,0.11649493682527692,1,Low
41bc2dfd3a,0.08071220267537377,0,Low
41c25302ec,0.19028548140235524,1,Low
41c418c2e9,0.1919926451168437,1,Low
41c730b13c,0.16964184112260705,1,Low
41c8a7cfba,0.020555830369069796,0,Low
41c90b93c8,0.033389413665598014,0,Low
41c97dbb64,0.03092297928510191,0,Low
41cf68e466,0.03408527846089034,0,Low
41d3a6fd7f,0.07577410369205749,0,Low
41d9dd7b13,0.03320982304460846,0,Low
41da3a991b,0.11703333568056164,1,Low
41daec3216,0.6023648652664256,1,High
41de6e89e9,0.14612480396128297,1,Low
41e0231f97,0.06255234164229026,0,Low
41e2a4be1b,0.07711129964364798,0,Low
41e8bdca43,0.6495652091983058,1,High
41f3b92dd7,0.026503430569672515,0,Low
41f3cc6a96,0.29023527589146975,1,Medium
41f4d079d1,0.08956443994380228,0,Low
41f69687ba,0.04460392636983422,0,Low
41f850527f,0.09918652021206911,0,Low
420271d520,0.06200348411539189,0,Low
420506ca5f,0.16775627488742773,1,Low
4207cd0625,0.15504751000478473,1,Low
420854304c,0.5746761303318044,1,High
42112e74ff,0.2152172740208515,1,Medium
4212c88981,0.1349835979897619,1,Low
4215a53c3a,0.18843242104992752,1,Low
421a1ad554,0.07663423313681275,0,Low
421ca0cfb8,0.1693254722681018,1,Low
421f71aff5,0.21674686987146405,1,Medium
422405c90d,0.1403094724297884,1,Low
422eebc36b,0.10966481372999275,1,Low
42304d431c,0.24591556069512985,1,Medium
423552dadc,0.04128937914598854,0,Low
423a52fb47,0.1900603227874641,1,Low
423d80f3d8,0.29167860618206226,1,Medium
4240d04e8c,0.13615788329704795,1,Low
4243ecd0a7,0.019656922780905493,0,Low
4248e64a45,0.24018020749758798,1,Medium
4248f4d384,0.1579463423367363,1,Low
424cef035c,0.12039428348303695,1,Low
425a7b0cb6,0.06678329760344924,0,Low
425a879f82,0.24434217299501787,1,Medium
425c183247,0.048809876673649305,0,Low
425d3e70bb,0.1483888942273569,1,Low
425d8f4b07,0.04375953810886226,0,Low
426170b3f7,0.0907894086455448,0,Low
4262f8e59a,0.3669164596982929,1,Medium
42639c13cf,0.04130980304824257,0,Low
426b22ff52,0.26005695229223774,1,Medium
4272ed4745,0.03632804576227213,0,Low
42754dbc28,0.02766377592491871,0,Low
4275f91fb0,0.038836847224085404,0,Low
42760cf405,0.08883112025984571,0,Low
42774b50a9,0.2733832950318612,1,Medium
428320ed09,0.3492954637575413,1,Medium
4284942a2f,0.03074317961926136,0,Low
4285273d6a,0.3647619042196855,1,Medium
428e4a580c,0.16235771133799892,1,Low
429081c44d,0.021127364949631515,0,Low
4293e8ca80,0.18585579719948453,1,Low
4298c99072,0.28131977166806604,1,Medium
429ad37cf4,0.028804727924983103,0,Low
42a1ce75e6,0.24035137161240464,1,Medium
42a482ec23,0.05788841869593086,0,Low
42a8dc4eeb,0.04054509672243865,0,Low
42b59f8fe3,0.22321802631617382,1,Medium
42b969e5d1,0.062161322022894906,0,Low
42bd83fc98,0.08898565492908793,0,Low
42c2cf55db,0.2072815541351347,1,Medium
42c74261fd,0.04540877187302363,0,Low
42c74ed013,0.16689693814842255,1,Low
42c8bd8476,0.06766515056788402,0,Low
42cf82a05d,0.14231475662474738,1,Low
42d23a7d38,0.2639101045414247,1,Medium
42d3c5fac8,0.21589961557236828,1,Medium
42d3f2fe73,0.1336678430290302,1,Low
42d4de8e42,0.13568030789312305,1,Low
42d5f25b26,0.20995446627572437,1,Medium
42d8fda5ff,0.1751226547558384,1,Low
42db86560b,0.26254392815187233,1,Medium
42dbdf0677,0.035705640050915616,0,Low
42e18410e7,0.0641072764612911,0,Low
42e34390e3,0.19558716085059594,1,Low
42e4cfcba7,0.04986721429831824,0,Low
42e82209f2,0.0245161057299362,0,Low
42e8cebd5a,0.3169866577932394,1,Medium
42ea6a0a4e,0.0533307031759629,0,Low
42f56f364c,0.4769111494525601,1,Medium
42f82fce37,0.40899297768662296,1,Medium
42fd382df2,0.04798271703052931,0,Low
42ff93264c,0.1996424457296576,1,Low
43011e89c1,0.022753170981329437,0,Low
430ecc86f3,0.26395458555950196,1,Medium
4312bc8c97,0.05283299311651782,0,Low
4313cbf561,0.020896556907397616,0,Low
4315735375,0.05345559277173955,0,Low
431f9817eb,0.09957040949154357,0,Low
43241628b8,0.14032411947889556,1,Low
43257dec03,0.39333211271894386,1,Medium
4326f07ee8,0.09539868705755053,0,Low
43290d92bd,0.09571359909051275,0,Low
432c6e9c0f,0.16021681869824608,1,Low
432d52c184,0.050552696445070426,0,Low
433197a54f,0.06386709783966243,0,Low
433402adb6,0.11383529842358309,1,Low
433ab06366,0.03129249313200649,0,Low
433fca0306,0.1790465080118657,1,Low
4349f9c4f7,0.08286710855297852,0,Low
434afb02f0,0.2625519702917861,1,Medium
434b233155,0.019303879101772923,0,Low
43544e91c2,0.03476671916117712,0,Low
4357226da4,0.07688127229071279,0,Low
435729885a,0.08611644406368492,0,Low
4363af46a0,0.24833501387528675,1,Medium
436502fcc4,0.27982709410217094,1,Medium
43687de3bb,0.05724851793876753,0,Low
436e6a35da,0.4695317938599161,1,Medium
4375563a4a,0.04270189672270557,0,Low
437ded3216,0.17157278528563094,1,Low
43864a466e,0.09787539202640959,0,Low
438cc4dd32,0.1516966438236464,1,Low
4390d1daf7,0.11627018140248321,1,Low
43948eac5e,0.04593040466564237,0,Low
4397671eef,0.06178826854764677,0,Low
439bdce4b0,0.07846708773840651,0,Low
43a17e81f0,0.11941025247743793,1,Low
43a35cafeb,0.22782306636851818,1,Medium
43aaae4fbd,0.0992137966075551,0,Low
43ac9ede70,0.19347961147646883,1,Low
43ae2db34f,0.06575944827974307,0,Low
43aeec3fbf,0.09671481605669646,0,Low
43b060d37c,0.14983839062035492,1,Low
43b4bc958d,0.03532838237355012,0,Low
43b76c0e21,0.19852449342197545,1,Low
43b929359d,0.21717520652307637,1,Medium
43bb07f39a,0.049642990527881604,0,Low
43bc442374,0.03921422586240894,0,Low
43be9bb236,0.07288823496172428,0,Low
43bffd2250,0.10303590946198758,1,Low
43c8f526ea,0.04168365040417802,0,Low
43cc9650b7,0.08625026624827012,0,Low
43d3e307d1,0.04997592861577552,0,Low
43d4839a63,0.4204988952352817,1,Medium
43d4aa355d,0.34802666566482915,1,Medium
43d89b6795,0.06809697557595214,0,Low
43d91814ab,0.2469900805115773,1,Medium
43deaff8be,0.025022751022663662,0,Low
43df95dc1a,0.10357169570218056,1,Low
43eaf2d2be,0.15311531141842807,1,Low
43ec470a63,0.1913215065936008,1,Low
43f17ee107,0.033059494668067,0,Low
43f66b8c1e,0.04143228462477374,0,Low
43fbc8bfd2,0.032332500200534776,0,Low
43fcd7b27c,0.07830197073582786,0,Low
43fea01c42,0.015666563985110706,0,Low
43ff53ea12,0.1323478075603419,1,Low
440164f1ea,0.09071525505474827,0,Low
4401772500,0.13498149572473336,1,Low
4401e8846a,0.25628476477755907,1,Medium
44051b9206,0.11266526069513075,1,Low
440815fde2,0.12392452580017617,1,Low
4409f40fdc,0.04038170018609758,0,Low
440e35219d,0.058458755927351995,0,Low
440ff35fc1,0.2415421305652306,1,Medium
441315172a,0.01785718420915349,0,Low
441aed85c8,0.0160627582880216,0,Low
4426869ff8,0.058617419607782294,0,Low
443184e3ea,0.10234255041578369,1,Low
4431948bfe,0.03727088957477953,0,Low
4432c6d17f,0.15410216617985434,1,Low
443614cbda,0.04395318831703434,0,Low
444084b2ec,0.3062034547734282,1,Medium
4442b4ab27,0.6211688247030062,1,High
444317af1d,0.05306454794602852,0,Low
4444418755,0.15016046139163647,1,Low
44486f4b42,0.11399821453730609,1,Low
44569c19af,0.13002321075760584,1,Low
4459f20ed1,0.16150957479152225,1,Low
4464b2d1e5,0.10450472239945459,1,Low
446e354e88,0.01833432696040056,0,Low
44761f1ee4,0.18975845993875165,1,Low
44769e2a4c,0.09407956838257012,0,Low
44783af444,0.06887731769884674,0,Low
447f9f63d0,0.21513014376505762,1,Medium
448459891c,0.11462414763168693,1,Low
448461badf,0.26937922346521465,1,Medium
4487d510fe,0.2577123587534857,1,Medium
4492de67bd,0.1376273909573919,1,Low
44944ded56,0.14651551086063352,1,Low
44946b12aa,0.514969899554109,1,High
449666d2c8,0.3663091789268732,1,Medium
4497452544,0.20727665758166772,1,Medium
44987184ae,0.05149808247737311,0,Low
449bd11e20,0.2427060874278808,1,Medium
44a77b20f7,0.09005632459306956,0,Low
44a7c76066,0.08649441084483742,0,Low
44a8ccf073,0.13024692167662769,1,Low
44ab1e276f,0.021079005819798657,0,Low
44b078b7f9,0.07900589975592616,0,Low
44b1b00140,0.49128854449078047,1,Medium
44b30ae055,0.11969158805784569,1,Low
44b4d8d5af,0.10415057047122389,1,Low
44b6d07771,0.07519651513897012,0,Low
44b9586760,0.4022446674258079,1,Medium
44bab70a67,0.027908963864838165,0,Low
44bbb9073d,0.05194611176115719,0,Low
44bdcfc67b,0.04209918057993713,0,Low
44c6389358,0.06066917194697573,0,Low
44c97def20,0.2300383986209904,1,Medium
44c9b7945a,0.24898763086121103,1,Medium
44caae6691,0.1561883171708735,1,Low
44cc2ab7f6,0.14132937776575497,1,Low
44ce7db9fc,0.1800546582857259,1,Low
44cea787ba,0.08696827164151523,0,Low
44d02e1962,0.0814091647279919,0,Low
44d0e725e3,0.14373621880897122,1,Low
44d6205b52,0.059605744900173015,0,Low
44d7e9ed4c,0.17090213973700574,1,Low
44d8ecb4f7,0.015250115830930234,0,Low
44d9b2d5f1,0.04948640875985473,0,Low
44d9bfd3c1,0.21386909088834463,1,Medium
44e0c6f4ec,0.2767712445771826,1,Medium
44e211b393,0.3677313631395169,1,Medium
44e339fc86,0.0757330240734931,0,Low
44e5914cac,0.639405118112219,1,High
44e8a99cf8,0.22049410421644966,1,Medium
44ecf166cb,0.10057204026807855,1,Low
44ed9f7c01,0.21889667946948482,1,Medium
44efd3544b,0.6876280751363757,1,High
44f01b6132,0.3572968659939511,1,Medium
44f4b4d2e4,0.24491046337455438,1,Medium
44f4e0e0e8,0.1744445835572427,1,Low
44fa1bf482,0.21820575138411924,1,Medium
4503275738,0.33037685790284205,1,Medium
4506646da8,0.11368976262823142,1,Low
45083e1ac1,0.062075982851907845,0,Low
45087da13f,0.14168235954994482,1,Low
450d7f818c,0.02848456979782425,0,Low
45122e63b3,0.21143986763033476,1,Medium
45172f1789,0.12604987971161197,1,Low
451a03140a,0.031175976682665578,0,Low
451b758ae4,0.2918244782964498,1,Medium
452002094e,0.09448824289347697,0,Low
45202416b9,0.1618324981094054,1,Low
4520b19732,0.2644937749649296,1,Medium
45321f6784,0.09926156904244789,0,Low
4534464acf,0.27994407854955006,1,Medium
4535985341,0.1197178422462101,1,Low
45374c0c32,0.04330983591164613,0,Low
453bf9b026,0.06383896156724651,0,Low
45411caf8a,0.03701597369212363,0,Low
454149e807,0.02915086642628403,0,Low
4542894504,0.08758437391222858,0,Low
4549de098b,0.42491493721782186,1,Medium
454b1073af,0.6126174038709242,1,High
454c16f8be,0.0327433117791789,0,Low
454e0375e9,0.06659537743894713,0,Low
45547ae6dd,0.138853926267503,1,Low
455fc50641,0.012032629613164094,0,Low
4560e9be83,0.18730759533241081,1,Low
4566d892b9,0.1351096911779123,1,Low
45676b6381,0.1140351709662889,1,Low
45724a1856,0.25289879658354675,1,Medium
4575943f2a,0.03210675488757829,0,Low
45801f0c6b,0.04667992019653244,0,Low
458315fceb,0.19800857956853524,1,Low
4584868cf0,0.14080871033943307,1,Low
4589bfc20d,0.07063768404073642,0,Low
458cb37b3d,0.03752931275355498,0,Low
458cffd4a3,0.17135814791037476,1,Low
459008c035,0.05957202036044897,0,Low
45904975d4,0.105265181144439,1,Low
459c89e6dd,0.09839610331345967,0,Low
459d0ccbf0,0.2318777209910708,1,Medium
459d19782f,0.21465497649113968,1,Medium
459d5d2fbf,0.12955553141231327,1,Low
45a305ac1d,0.3901944577297368,1,Medium
45a39d769f,0.15754281161613098,1,Low
45a743b864,0.46964023847348724,1,Medium
45b0361be7,0.17647023706144632,1,Low
45b1369e2d,0.09846210129560568,0,Low
45b2c67e45,0.053859716662663946,0,Low
45b54bcd50,0.13368857941743548,1,Low
45b77e0a03,0.13190955922291303,1,Low
45b7b8d628,0.12778777389542395,1,Low
45b957885a,0.08778708390730743,0,Low
45bf144e0c,0.19813973413560707,1,Low
45c18de7e5,0.21962799154868246,1,Medium
45c95c2657,0.08186682697379581,0,Low
45e3d1b191,0.07414591774891172,0,Low
45e8d4b251,0.028392602283434706,0,Low
45ebc4c123,0.06589769872460861,0,Low
45eddd8753,0.12268049559193332,1,Low
45f1f68091,0.037642738838881036,0,Low
45f8842bfe,0.03678870825845637,0,Low
45fc0ec870,0.026768583338700837,0,Low
4602a03b93,0.037149553765644064,0,Low
4603492682,0.15303197299286433,1,Low
46091b1f68,0.16482587477531568,1,Low
460afeb5b5,0.04519028161810289,0,Low
46105903a8,0.21358190262265409,1,Medium
4610f393c4,0.11440432366657101,1,Low
4611092b3c,0.06556456150280668,0,Low
4613507d4c,0.05948570096421,0,Low
461416ff71,0.11312106260622513,1,Low
461524f16e,0.15286558937890657,1,Low
4616362b29,0.14216973251297693,1,Low
461755e7c8,0.26064388871124544,1,Medium
4619b78a57,0.047586424164474596,0,Low
462c4eaf7b,0.019403075816827754,0,Low
462dd1fc6f,0.04070518652572937,0,Low
462f25a689,0.07788682554593981,0,Low
463116dc42,0.11086585064903497,1,Low
463546dd4a,0.1651612559405998,1,Low
4636cf5442,0.027760787850352645,0,Low
4637a8e2d1,0.10453306274837261,1,Low
4637e2a1e6,0.14574280389056915,1,Low
463819ab55,0.11179042833313992,1,Low
463819c674,0.04249804961805676,0,Low
463a5c6746,0.04991212878605816,0,Low
463c2ef359,0.03877608168982214,0,Low
463d249860,0.23504336819836658,1,Medium
463ec92b0f,0.2999176992686782,1,Medium
4643a1c9c0,0.22229125139752046,1,Medium
4644dd23c9,0.13949581872776312,1,Low
46450639a6,0.13452015143430512,1,Low
4649b269e7,0.07368041914514031,0,Low
464a73cf17,0.02539807776481769,0,Low
464d00a0c6,0.02423495239788056,0,Low
464e6d1759,0.06859718033511646,0,Low
465006af08,0.018080051144478543,0,Low
4650ed6770,0.06515991535586736,0,Low
46524a282d,0.07006981174301405,0,Low
465311e607,0.09268873618688435,0,Low
4655cabe70,0.13940270090317877,1,Low
4658e23618,0.28034082819845474,1,Medium
465b0725fa,0.04880276915800216,0,Low
465c00fe7e,0.08875267823355086,0,Low
465ce1353e,0.1708504542979529,1,Low
465d5a12cb,0.6763950867495584,1,High
465e24a193,0.1426726235720522,1,Low
4660813811,0.1533670664034398,1,Low
46671338fc,0.14964226295241279,1,Low
4667b8991c,0.07733436506574788,0,Low
46689a0105,0.1283050315685003,1,Low
466c7ff84f,0.1127688422242589,1,Low
466e907d7b,0.02647597654216077,0,Low
467398f0b6,0.05264586601290579,0,Low
4677defd01,0.5281511015385393,1,High
46798f3174,0.1425544862849994,1,Low
467a053990,0.2806118633753811,1,Medium
467ad1d25d,0.17045023080305854,1,Low
467b6c064b,0.2655979037696644,1,Medium
467e898eb4,0.06251728298350699,0,Low
46803eb991,0.033016329008233994,0,Low
468a4cb521,0.057473176286801354,0,Low
468cfc96d0,0.05841879242857663,0,Low
4691862392,0.1171249506210535,1,Low
4692ec8ead,0.03299042085601015,0,Low
4697395c60,0.16255588943117238,1,Low
469a6db8a7,0.07998444182336757,0,Low
469bf93085,0.4630001861816097,1,Medium
469bfa1e2d,0.18753232933342162,1,Low
46ab7dcd1b,0.03950272349346386,0,Low
46ac587bee,0.08689765463163505,0,Low
46af683155,0.6553158999939002,1,High
46b35e44e1,0.18722070811812927,1,Low
46b3b5439f,0.08973204755854355,0,Low
46b82d4c48,0.07944164543226706,0,Low
46b9a58d25,0.263909441672589,1,Medium
46c10249c2,0.06423427376301157,0,Low
46c7f283cf,0.07641778658844224,0,Low
46cb3b479b,0.06351135107436469,0,Low
46cfac925c,0.0317236899748484,0,Low
46d3a1f21c,0.2305586145380505,1,Medium
46d5f8537f,0.19492970377825014,1,Low
46daa3c181,0.047709823917913875,0,Low
46e1c47a84,0.04002373921121004,0,Low
46e3d9067e,0.11094156135565961,1,Low
46ecb0523e,0.1043102352514251,1,Low
46f1fa96e5,0.06195434032253068,0,Low
46f5fd341c,0.06524096510173635,0,Low
46f6fbb1dd,0.36169053029291026,1,Medium
46ff92a744,0.339644679857823,1,Medium
4701d3ce8a,0.08649843271656314,0,Low
4702bcb476,0.27716657188742977,1,Medium
4707256b1c,0.03095269807308354,0,Low
47072e88bb,0.0592924859549008,0,Low
4709793e79,0.0486692722866533,0,Low
4709c0b8e4,0.11054271833672741,1,Low
470acc37ca,0.2751386330413483,1,Medium
470aee68a7,0.09346119274970201,0,Low
470fb4dd8c,0.05391964877668021,0,Low
4711df8a1b,0.04478438650017651,0,Low
471ac4f072,0.1285931864633891,1,Low
471edfe394,0.05340518817582125,0,Low
4726bc034a,0.0972986848780876,0,Low
472d7ba674,0.04783336442524325,0,Low
472e1f1b66,0.24405441353328394,1,Medium
472e24d7c6,0.20122299394300058,1,Medium
473596e9e7,0.01022149958497205,0,Low
473759c2a6,0.08172208049159052,0,Low
4746d7913f,0.19164118233426714,1,Low
474abf0987,0.27427318423958785,1,Medium
4755e3b4b6,0.1482809369542752,1,Low
476386c20e,0.21279269435312514,1,Medium
47659f10dc,0.019710569589770438,0,Low
4768b74142,0.037428328018971106,0,Low
476a7d0f1e,0.16166836868713766,1,Low
476ce30104,0.12511462004433074,1,Low
476d643963,0.16810901007579818,1,Low
4771dd5083,0.05643829056638779,0,Low
4772fb5c16,0.03789052486065312,0,Low
47779a7b14,0.06490381600902223,0,Low
477beb6d39,0.36908171988663124,1,Medium
477f98c988,0.5059609742471098,1,High
4783970fff,0.33541553253626266,1,Medium
47871ee3f5,0.09167907389583516,0,Low
478ab9396c,0.11936137952939602,1,Low
478ded1f1e,0.06664982133369891,0,Low
4791947b37,0.02916477365417429,0,Low
47920abb25,0.08657591339870452,0,Low
4794777528,0.1883675933105745,1,Low
47973a973b,0.7798601066385076,1,High
47983ac9bc,0.07588120682738239,0,Low
479c0d7590,0.30114711729721677,1,Medium
479c63f73e,0.21643140928444518,1,Medium
47a10bd104,0.028173935878036366,0,Low
47a6b9a508,0.16143422425179352,1,Low
47a6d22246,0.024990837827141357,0,Low
47acc5635d,0.06163771776910275,0,Low
47acffd340,0.2314094464331151,1,Medium
47b0e62109,0.05350299704195609,0,Low
47b1eef80d,0.028819080037838903,0,Low
47bdb1d3f9,0.11136591545501312,1,Low
47c30f00ba,0.04680339311418831,0,Low
47cb629070,0.24439894651697663,1,Medium
47cfae68a9,0.22885026955255322,1,Medium
47d636782a,0.06979957343600907,0,Low
47d6510363,0.07091596734151985,0,Low
47deefd4fc,0.028024591862000094,0,Low
47df3c57ec,0.04069810289598136,0,Low
47e66d71fc,0.10460999520941555,1,Low
47e9ecb637,0.13341231559633765,1,Low
4807184567,0.02894164340141928,0,Low
480dae4d13,0.04468760984856907,0,Low
48175782d6,0.040371302268640066,0,Low
481bc11b60,0.04815422101226143,0,Low
481dee58a1,0.1229800376587449,1,Low
482064a73c,0.07754326180360181,0,Low
48235b483e,0.0733317653234207,0,Low
482368fb14,0.19230918095984553,1,Low
4823805510,0.07575411502379323,0,Low
4826eafafb,0.09279195008106284,0,Low
4828a4e965,0.1459331996280978,1,Low
482a612b67,0.08972408491676351,0,Low
482e7b8238,0.18700303104225524,1,Low
483180b6af,0.06614918271477077,0,Low
48399af97b,0.06449863211568578,0,Low
483f28b898,0.04080274917550986,0,Low
4841a71c48,0.08674569132009814,0,Low
4843e7936e,0.0452521344780201,0,Low
484c7d5d1c,0.12673548453620237,1,Low
484d4f4962,0.13240374067675292,1,Low
486148499c,0.07858498380064431,0,Low
4861e83de5,0.16934469064875665,1,Low
4862118e78,0.05608458347489216,0,Low
486533c1b2,0.11093384441314029,1,Low
4865461ff2,0.09308254932982156,0,Low
486a01d704,0.07909432495996382,0,Low
486b2a3f59,0.11000831743673536,1,Low
486e810c62,0.09574526660351619,0,Low
487313f9cb,0.10145423187963529,1,Low
4875cc8911,0.20034117990307815,1,Medium
48768140f1,0.08418029387781462,0,Low
4876a57c49,0.3459141038149572,1,Medium
487b6f7b71,0.09843691255116126,0,Low
4885550381,0.24644854433797023,1,Medium
48899772e4,0.05706214209064654,0,Low
488d1925de,0.108293227585175,1,Low
488dbd52c5,0.15644174433065214,1,Low
488f8b153c,0.0874531817769212,0,Low
489265c859,0.09410089940797407,0,Low
48a0c9b24d,0.10039562572072161,1,Low
48a1521a16,0.4831757350836526,1,Medium
48a952f7ad,0.15635201102735208,1,Low
48aa9a0317,0.1712360361945151,1,Low
48b20f6abc,0.022632852792646853,0,Low
48b3800587,0.22330195636904007,1,Medium
48b438c53d,0.12066300040208577,1,Low
48b727267a,0.03645251451103035,0,Low
48b84e89bf,0.07534248030204105,0,Low
48be436b00,0.11332031037901481,1,Low
48c100d00b,0.08001275655892796,0,Low
48c1407d93,0.15520533266698605,1,Low
48c3849c7f,0.04883488558284364,0,Low
48c40711f8,0.11185810609085044,1,Low
48c8614cb3,0.17867524729778025,1,Low
48da32766f,0.06889573562589052,0,Low
48e5171c14,0.2073444425155781,1,Medium
48e5bbd973,0.03594137573900526,0,Low
48e8f41116,0.06418198379118482,0,Low
48f07118c0,0.05252528008630463,0,Low
48f1b9a22d,0.18495020378606414,1,Low
48f3a03ffc,0.14426140837177745,1,Low
48fe2eec2b,0.16773675038468638,1,Low
48ff98631c,0.06495356203595185,0,Low
490530e9a3,0.25148577433942926,1,Medium
49090766f1,0.04322234125129065,0,Low
490f617dc3,0.2756896069732798,1,Medium
490f8927ad,0.06711255210407532,0,Low
49107aa860,0.11868729936055844,1,Low
491964c6a2,0.05926759592863369,0,Low
491fa346a6,0.14920321885943433,1,Low
49217f4141,0.16434553148141473,1,Low
492593ad6a,0.07314083698809368,0,Low
492790ca76,0.04148375222692461,0,Low
4928a816cc,0.11344253930640973,1,Low
4929f9cc44,0.04247749689710764,0,Low
492ef5f3e6,0.024497761698850505,0,Low
492effc18e,0.09033397003386645,0,Low
493a720cf2,0.01200773385158805,0,Low
493acd2ec0,0.07704581263194094,0,Low
493b8684a3,0.039264984051925744,0,Low
493f80a33e,0.07727772171627569,0,Low
4941ca5611,0.03648462439303991,0,Low
4945ed061f,0.22928220838674462,1,Medium
4947b3511d,0.4433476039187562,1,Medium
494b5dc935,0.14434492845022634,1,Low
494e90c478,0.04896003621031985,0,Low
49580324fb,0.15510890837364086,1,Low
4958e5cc57,0.1384889349697199,1,Low
495cfc145d,0.0881093198770911,0,Low
495dec7227,0.07903229583986959,0,Low
495fc8a274,0.22765586781989472,1,Medium
495ff94074,0.042809036987562,0,Low
4961867333,0.15698210202371282,1,Low
49652c5222,0.0719071508726856,0,Low
49655c4427,0.36819986481266975,1,Medium
49661451ac,0.04273794828495394,0,Low
496a7fd1c4,0.15439357377744853,1,Low
496c2bfd28,0.1399891006921781,1,Low
496dd007b0,0.08386919390815076,0,Low
4970b2079f,0.10746596077796843,1,Low
4970cb3ca4,0.061289655284678383,0,Low
4973091815,0.14642476407122917,1,Low
4973db33ae,0.15304381609377649,1,Low
497948f598,0.20658912226611814,1,Medium
497ded764a,0.07064144606893602,0,Low
497ef1b85d,0.03359054763239836,0,Low
497f41b921,0.04499369181329074,0,Low
4980bf84af,0.3674960427344215,1,Medium
49848755be,0.05678461319453988,0,Low
49870f231f,0.11586953297244687,1,Low
4987eff7de,0.0686355824985667,0,Low
498858be46,0.483237923943532,1,Medium
498942947d,0.038280879477588695,0,Low
498a5ea6a3,0.1404643262602225,1,Low
498afa7905,0.1320543972059708,1,Low
49929207a0,0.16154188308462042,1,Low
499e0fc02d,0.03607277716211529,0,Low
499f42c2cb,0.13787425276412352,1,Low
49a0ec0c22,0.0539632630246874,0,Low
49a472e0fb,0.1827257784978233,1,Low
49a47f8647,0.1280318520399474,1,Low
49a990ec50,0.026988639263670722,0,Low
49aaae8f89,0.058464868441837,0,Low
49aaf4bdfa,0.11619950884712986,1,Low
49af1cfd8e,0.17931351721554217,1,Low
49b1cee86f,0.04331788700311328,0,Low
49be2006b4,0.044728528162362294,0,Low
49cdb41c4f,0.04048588935292856,0,Low
49cdc9f37a,0.14543587167640995,1,Low
49cf3a3f2b,0.02352326910864168,0,Low
49d17a0ca0,0.10546018173322476,1,Low
49d9977655,0.1592823532850718,1,Low
49d9ce8f06,0.16176454220484826,1,Low
49dbbdf689,0.03401544787625338,0,Low
49e33a889e,0.10925682876914332,1,Low
49e7c40029,0.2249395207781573,1,Medium
49eaa94a36,0.1157862412789531,1,Low
49eafa7ef6,0.04493030862519659,0,Low
49eb7a6551,0.22680676144242828,1,Medium
49edb7bd52,0.44783551658236825,1,Medium
49f50b0dd6,0.0649119125288012,0,Low
49f795a9f1,0.20400416701121446,1,Medium
4a03d1a440,0.1476213238336925,1,Low
4a09bcdaca,0.04724630162866695,0,Low
4a0bb6be19,0.08384811858613393,0,Low
4a138525a2,0.044991999067989244,0,Low
4a1397ae08,0.12697064706627234,1,Low
4a177100e3,0.08047433174331858,0,Low
4a1b07f334,0.028746551979610603,0,Low
4a1beeda34,0.305790423253459,1,Medium
4a1f7b6de0,0.5150349930685207,1,High
4a1fa67583,0.09264354739626189,0,Low
4a28f6f63f,0.059139587149143566,0,Low
4a294a263a,0.09961527020572468,0,Low
4a2a0466a8,0.129674439409404,1,Low
4a2c06ab07,0.24165553679285198,1,Medium
4a3170204e,0.1752563856555492,1,Low
4a34de2d3f,0.0286341107183879,0,Low
4a3968c6e7,0.265321321630552,1,Medium
4a3fdc8a66,0.024187699805791767,0,Low
4a405b3a8e,0.07668412605377174,0,Low
4a4070313b,0.09920954775742659,0,Low
4a4241c90b,0.07280270349984062,0,Low
4a43cfa17d,0.1398416779672887,1,Low
4a469f99b1,0.07855972529044754,0,Low
4a48433d57,0.14296206970411726,1,Low
4a4a6de88a,0.3547635000246882,1,Medium
4a4b36f4b5,0.027350986355190867,0,Low
4a4c007985,0.13363283561000847,1,Low
4a4f02f529,0.1858353582939678,1,Low
4a5cca90ed,0.1480305612965979,1,Low
4a5d7bd3d1,0.11714210501102341,1,Low
4a5d7c9a8c,0.02562046160493097,0,Low
4a5ec73fbb,0.023541595490057184,0,Low
4a6377ba2b,0.08230527489521015,0,Low
4a6589e4c0,0.08259102802824372,0,Low
4a66754d51,0.06301448480169955,0,Low
4a6dc9fefe,0.10919516003544938,1,Low
4a713b7563,0.037065024537376805,0,Low
4a74728535,0.11425597807589233,1,Low
4a760cd1bd,0.17501853493985214,1,Low
4a7b11ff65,0.20471070972173777,1,Medium
4a7c93e9fe,0.05580904941915083,0,Low
4a85d54a8a,0.1671121061373359,1,Low
4a88533a36,0.37134288909553714,1,Medium
4a8c2e784d,0.07753373835367236,0,Low
4a8dee0864,0.10557989718698849,1,Low
4a915e5593,0.04482648921588697,0,Low
4a941f198a,0.11794369947972617,1,Low
4a9494adb4,0.1887735846241766,1,Low
4a9770baaa,0.1390099384935183,1,Low
4a99703ef1,0.1421976895609657,1,Low
4a9999bb1f,0.55217855217673,1,High
4a9db8e55f,0.05551491507776471,0,Low
4a9e025747,0.05564108716167453,0,Low
4a9f334a5c,0.056631251573786234,0,Low
4ac60bdc4e,0.34569472148117353,1,Medium
4ac6299c5b,0.21531925351874887,1,Medium
4ac8f80c65,0.023963673283467612,0,Low
4acb9a45d0,0.17392109583886622,1,Low
4ad170b3eb,0.08296599483519697,0,Low
4ad6ae0f8a,0.30020702878803596,1,Medium
4ae0cc833e,0.15112055021137394,1,Low
4ae319c55c,0.13090246627415178,1,Low
4ae5d5bbc0,0.08757155130937709,0,Low
4ae9fb5454,0.04195588221541297,0,Low
4af2c05d3c,0.05861104652462723,0,Low
4af2de9db9,0.17877158041947258,1,Low
4af7ac2b50,0.26442115515702874,1,Medium
4b002164f2,0.18989114218392783,1,Low
4b022853c3,0.08343468446654768,0,Low
4b03acb4bc,0.09477866338415551,0,Low
4b0c2eb89e,0.10573398217482285,1,Low
4b0c4bda52,0.04814251145571536,0,Low
4b0ff9af1a,0.07867060979788647,0,Low
4b1595aa2f,0.29539800100281394,1,Medium
4b1e7f6fbb,0.0452457293535551,0,Low
4b24958c6e,0.058548909960925793,0,Low
4b25cdc8dd,0.4464586979017785,1,Medium
4b2f0df6ab,0.1438220261390147,1,Low
4b30e0e34e,0.04953430360429082,0,Low
4b423280fc,0.0589296808794383,0,Low
4b4361d978,0.056379380364284144,0,Low
4b43d0eb75,0.02486661107729388,0,Low
4b48704441,0.35421061181772034,1,Medium
4b49da04b8,0.12146772553277214,1,Low
4b4a00b12f,0.1355016700783735,1,Low
4b4a08309f,0.07446001409671266,0,Low
4b4bb810f5,0.05681757243811149,0,Low
4b4dd59cd3,0.053157420091881694,0,Low
4b4e9d0d44,0.042113932450361886,0,Low
4b4ebb5302,0.09425771910497184,0,Low
4b50afcfdc,0.07787877352541021,0,Low
4b53c0f8d5,0.20495953904592853,1,Medium
4b54bfb9a6,0.19793963976042298,1,Low
4b5763390e,0.0675122458903369,0,Low
4b590ac641,0.10914120877295484,1,Low
4b5e9c0f26,0.06288620386899589,0,Low
4b64b64225,0.06850585893056699,0,Low
4b6b2a2746,0.06016466857450621,0,Low
4b6d537911,0.12975138604814546,1,Low
4b7004b55a,0.040845483705142786,0,Low
4b70183355,0.10047533842005911,1,Low
4b70231cf8,0.06663139116786325,0,Low
4b70d63bad,0.03657248998290583,0,Low
4b74894181,0.0664183178537379,0,Low
4b7598f961,0.07768832385496725,0,Low
4b77c2f046,0.03943091580311809,0,Low
4b7a8131e0,0.04302883089393296,0,Low
4b7d107420,0.3911108532126952,1,Medium
4b7da0a3da,0.5322066663194165,1,High
4b7fb5864c,0.1200439820986394,1,Low
4b80b77b39,0.1231756491131659,1,Low
4b80dae094,0.15393133236806267,1,Low
4b82ff1c97,0.06844589092376392,0,Low
4b867d2217,0.053432575430359334,0,Low
4b88260581,0.06252612348178295,0,Low
4b944f786f,0.0536734063626345,0,Low
4b9c072562,0.06585355863237143,0,Low
4b9eaa2ff0,0.046663026006660904,0,Low
4ba0666869,0.0653853967560793,0,Low
4ba1b8d7c5,0.03467723722839239,0,Low
4ba6c48111,0.08030767244186318,0,Low
4bae817f4d,0.37111849575646777,1,Medium
4bb053d901,0.22028129488625028,1,Medium
4bb4421a99,0.04961411787452433,0,Low
4bb7997af7,0.046877431951312776,0,Low
4bb85c455a,0.0654671773258079,0,Low
4bbb023804,0.08347038117325527,0,Low
4bc5f86c56,0.1829498822562507,1,Low
4bce10cba8,0.5421104219085554,1,High
4bcf8d8045,0.06044281625734478,0,Low
4bd0371eec,0.11902382572452506,1,Low
4bd3dd700b,0.2314469197467139,1,Medium
4bd43f971b,0.1789861384950637,1,Low
4bd4542eea,0.02141076360941301,0,Low
4bd5505c96,0.2972380947268125,1,Medium
4bd72b7834,0.19243932685335752,1,Low
4bd8d902d8,0.11126098893240821,1,Low
4bd8e8db2a,0.0445906860286267,0,Low
4bdcacd150,0.24304879658211734,1,Medium
4be4d5af09,0.13852517913781456,1,Low
4be85d0220,0.029973895801275602,0,Low
4bea369ae8,0.07163960658111926,0,Low
4bf0287614,0.08204116230175827,0,Low
4bf060d44e,0.30573505196585304,1,Medium
4bf2f1e3fb,0.13588324559458576,1,Low
4bf7857fd8,0.016884396627686416,0,Low
4bfc1df60a,0.11014724024712458,1,Low
4bfe86ae27,0.15785100415638892,1,Low
4c03b9c5cf,0.11061314177302878,1,Low
4c0cb710a5,0.038506379842220446,0,Low
4c0de22540,0.14831185782088388,1,Low
4c0e4f74e5,0.23153642264165827,1,Medium
4c16b38121,0.10684671425359045,1,Low
4c1a562771,0.04353506321711002,0,Low
4c1e9532b1,0.31207627409371186,1,Medium
4c1ec5e527,0.14498992311902828,1,Low
4c2a7303e7,0.047403480894104816,0,Low
4c2aab4c3c,0.34733834143386216,1,Medium
4c2e6f0da3,0.18232481656673005,1,Low
4c3268862a,0.209751406506895,1,Medium
4c340594ab,0.05527634451759556,0,Low
4c363bffe1,0.07603217341064453,0,Low
4c3922bf9b,0.02770038750951254,0,Low
4c39f6c8d1,0.09301030274323742,0,Low
4c3e6b355c,0.06277425780416025,0,Low
4c3fcd87c2,0.03777084066494733,0,Low
4c40f3e8ed,0.09141335542049875,0,Low
4c423b4ddc,0.012196525845933339,0,Low
4c43e14e96,0.08031444465989254,0,Low
4c4aca3279,0.07818883060457528,0,Low
4c51aef595,0.026397823175553402,0,Low
4c5b29adea,0.1562211149607361,1,Low
4c613041aa,0.10146956111641696,1,Low
4c63220f49,0.07051234327330853,0,Low
4c6da3444b,0.054098563415689985,0,Low
4c6e1ce22e,0.42054461955626127,1,Medium
4c6e3ca807,0.09560207082343204,0,Low
4c6f39de10,0.08655179750433539,0,Low
4c6ff7b915,0.3010926983521861,1,Medium
4c764276a5,0.1920518971968443,1,Low
4c768a4d96,0.46330611750551765,1,Medium
4c795ae87d,0.053288628113906236,0,Low
4c7c3e513b,0.20347416931240533,1,Medium
4c7da78ecc,0.055123912146064775,0,Low
4c7e045296,0.05039230921868681,0,Low
4c8262c8bb,0.13544162624782688,1,Low
4c831588b8,0.2993490610296323,1,Medium
4c856454b3,0.11212378393491146,1,Low
4c85b29c44,0.2465694626926379,1,Medium
4c86d344f5,0.06714233020194499,0,Low
4c886cf655,0.12040450792161494,1,Low
4c88c2ac91,0.03946902453438635,0,Low
4c8b85adf9,0.04148221623835719,0,Low
4c9863d3a1,0.02971825253684305,0,Low
4c99408e83,0.12024680342465158,1,Low
4cc3163e0d,0.040502706208810905,0,Low
4cc9bc35ca,0.12768635640754086,1,Low
4ccac08421,0.08910642228720435,0,Low
4cd08d8cfa,0.029005546414962367,0,Low
4cd43da673,0.09423776376357205,0,Low
4cdf4d8498,0.28749414915522,1,Medium
4ce365cde7,0.061089758428320845,0,Low
4ce411c293,0.014819191853194953,0,Low
4ce689645f,0.11696259613783153,1,Low
4ceb5a8f00,0.33502667899460037,1,Medium
4ceff73a90,0.20456487161880774,1,Medium
4cf0b202d8,0.021687472213305883,0,Low
4cf1e969bf,0.0940724377365219,0,Low
4cf9e1bf13,0.17475675990446188,1,Low
4cfb777865,0.24361927585905518,1,Medium
4cfc941174,0.05788722543925473,0,Low
4cfcf484a6,0.0942846410393465,0,Low
4cfd2a1009,0.43632474526826526,1,Medium
4d04ad9be0,0.19339982343920015,1,Low
4d0635b6f3,0.14064300302596655,1,Low
4d0d3d3bc0,0.10452185633661899,1,Low
4d155cc2bc,0.05578226896655801,0,Low
4d1f6b1ec1,0.15067155931315343,1,Low
4d22a56518,0.15408959290216379,1,Low
4d22a9f7e3,0.053032419143245774,0,Low
4d235dd247,0.13646690693018895,1,Low
4d2517c3a8,0.053208470698683556,0,Low
4d295b8bb8,0.0448388222740393,0,Low
4d2b5f9a87,0.038541758506204025,0,Low
4d3066d7ab,0.14534881398679234,1,Low
4d31f21dd8,0.03231977850110581,0,Low
4d33c5cc26,0.040475936624782216,0,Low
4d36ee0bf0,0.03497563233261075,0,Low
4d40d33503,0.5321224002438116,1,High
4d4b7e2939,0.06848540332891716,0,Low
4d4ec3876b,0.19557491841183677,1,Low
4d4f5ca7f9,0.08781339759953301,0,Low
4d502f5fea,0.20990168654073935,1,Medium
4d5e8b6e0f,0.1043313603909293,1,Low
4d612cfcd6,0.5065066652773327,1,High
4d6849fbe7,0.3185558947385379,1,Medium
4d6942931e,0.14980176605982073,1,Low
4d76999c48,0.039006503261322684,0,Low
4d7744d162,0.1677393719245529,1,Low
4d7b99ba32,0.10107207826848824,1,Low
4d7d627429,0.18248694035285237,1,Low
4d891483db,0.09793791913899913,0,Low
4d891870e3,0.04353313247370945,0,Low
4d8a5d33af,0.0909905643507394,0,Low
4d8a74a793,0.02627873506550467,0,Low
4d8d44f387,0.05526730750601587,0,Low
4d8fdf3e84,0.03205642650135031,0,Low
4d8ff0b383,0.07366918755813535,0,Low
4d9155a547,0.06293486351288004,0,Low
4d973fbc67,0.13776392315890004,1,Low
4d987307b5,0.18055726733865038,1,Low
4d9905673c,0.1945399325182952,1,Low
4d9e770176,0.06176321560895584,0,Low
4d9eb7e3d7,0.03851475558166089,0,Low
4da2a4daa7,0.09632714855407004,0,Low
4da66f6184,0.018265394125796353,0,Low
4da7bbb52e,0.09984958472657882,0,Low
4da7e34793,0.04272150072297124,0,Low
4da92cee48,0.29427661252411325,1,Medium
4daaab0d2d,0.2869442171542125,1,Medium
4dadc31e05,0.18846861155796668,1,Low
4db0e8b16c,0.05930194723560724,0,Low
4db100a53c,0.05557663140728008,0,Low
4db16ee552,0.16125495669261802,1,Low
4db5389abd,0.09781051433651121,0,Low
4db9c040c2,0.11235134333997618,1,Low
4dbe2b416d,0.15770459989665558,1,Low
4dcda25a48,0.11280338520731617,1,Low
4dcff4662f,0.13121837064485756,1,Low
4dd23497ee,0.18715253295185244,1,Low
4dd2f2dbf4,0.11237183281124787,1,Low
4dd57e34c0,0.11399687345016363,1,Low
4dd7f44e21,0.10875276626002169,1,Low
4ddc3a47dd,0.053465402428639265,0,Low
4dde1bc137,0.46673216396055917,1,Medium
4de000d693,0.09532920062553445,0,Low
4de15a4c1c,0.03907205762437571,0,Low
4de26e8847,0.11609272483082574,1,Low
4de559e71d,0.10783257322593735,1,Low
4de5bcb592,0.17305977212375934,1,Low
4de80b3225,0.025675459917010493,0,Low
4dea403267,0.23333553465008738,1,Medium
4dece69584,0.20001491846175629,1,Medium
4ded8b547e,0.08364841441847297,0,Low
4dee324955,0.05343789173461202,0,Low
4deeb6e1f2,0.04941474271650988,0,Low
4df01927bb,0.18379220458568535,1,Low
4df1300364,0.11242690550972459,1,Low
4dfa32e3f2,0.08724238305511309,0,Low
4dfb7690d4,0.19169866081453113,1,Low
4dfc260ff5,0.03334256192020484,0,Low
4dfffd0b5a,0.08696959295995267,0,Low
4e01bfa792,0.03023695714384987,0,Low
4e0366acc8,0.07805187985638672,0,Low
4e03e247f2,0.07114069360386853,0,Low
4e0723d900,0.05720366973923826,0,Low
4e09c1d2d0,0.032498177604736445,0,Low
4e0cfa2918,0.05706897078463711,0,Low
4e17562bbe,0.0648627070431929,0,Low
4e24bb8399,0.14857143860336242,1,Low
4e26bcd911,0.05144441041908237,0,Low
4e29ee9a6c,0.05124579939573811,0,Low
4e2bdfaa1f,0.23759253431720176,1,Medium
4e345e602b,0.15583179694245095,1,Low
4e369646a4,0.17836759695097454,1,Low
4e37894788,0.13326975137548147,1,Low
4e385af3e2,0.0694877727838568,0,Low
4e38a2538f,0.1789239208921793,1,Low
4e39788d23,0.02227331793123717,0,Low
4e39b66b3f,0.12987384233260252,1,Low
4e3b66315f,0.1601965462117659,1,Low
4e3d9da350,0.057084151352171715,0,Low
4e3efb6baf,0.18620670561002392,1,Low
4e3f9de450,0.08877258177728291,0,Low
4e432f2073,0.09532312258852209,0,Low
4e4eda50b5,0.1502832298164568,1,Low
4e4f5dec11,0.05917341867358679,0,Low
4e4f69dd49,0.1424331410933373,1,Low
4e50597173,0.20226890007906512,1,Medium
4e520ecad8,0.14523162346659765,1,Low
4e54caa99a,0.2458601299041412,1,Medium
4e66161718,0.01655792588844839,0,Low
4e671aede7,0.3047051524474537,1,Medium
4e6e43d3dc,0.03491777918549473,0,Low
4e71c56f96,0.1260998119273759,1,Low
4e71cf003c,0.06624343768383095,0,Low
4e7507f796,0.4060591367770901,1,Medium
4e758a15b9,0.04066612306632189,0,Low
4e7652726a,0.028424837893311856,0,Low
4e77b2d834,0.15575401549375356,1,Low
4e7a195925,0.08028103578387369,0,Low
4e801ce495,0.08077590968955609,0,Low
4e82fe8721,0.09150304194506279,0,Low
4e83a6f44c,0.052855072203478286,0,Low
4e85441f7f,0.07897537589104033,0,Low
4e877e1200,0.14644054548495433,1,Low
4e898bc15e,0.12312790875957859,1,Low
4e8dcacd74,0.02572097726866359,0,Low
4e8ec2e073,0.11670703836730081,1,Low
4e901f9037,0.03918962047178503,0,Low
4e96f67ed1,0.06500240918096593,0,Low
4e97bb735f,0.04367814645323872,0,Low
4e98b07678,0.030073128917768668,0,Low
4e9ee99a7b,0.0343968949453393,0,Low
4ea0ea64cf,0.11935043685276785,1,Low
4ea2a1fe68,0.19066380734447566,1,Low
4ea3ff7f16,0.048970687483312125,0,Low
4ea5a49421,0.5395551610488846,1,High
4eaa90d64d,0.07559291099954878,0,Low
4eade07a2b,0.11877485479792124,1,Low
4eb26d1408,0.024819228104700993,0,Low
4eb2d05d4e,0.1314351734074458,1,Low
4eb4890a00,0.17325813371910712,1,Low
4eb92dd465,0.03264055964089184,0,Low
4eb9454533,0.12969495819405813,1,Low
4eb982a092,0.04098846130698629,0,Low
4ebdda2fa4,0.12243212898625498,1,Low
4ebe2eaa59,0.18931732086073114,1,Low
4ec04e9800,0.0697491300375103,0,Low
4ecc43f8dd,0.17557670507924264,1,Low
4ecd07ecf5,0.15015206134308443,1,Low
4ecfa30fc8,0.49295588331274726,1,Medium
4ed36539be,0.09555536544564457,0,Low
4ed5e70b6a,0.06197248357631204,0,Low
4ed8508887,0.1054535534191161,1,Low
4edd24f7f2,0.15188273804862146,1,Low
4ee4d95492,0.148401331500925,1,Low
4ee96f3186,0.183576707418135,1,Low
4eebc100e8,0.2657309836987868,1,Medium
4ef2346feb,0.07180331443686008,0,Low
4efb7169bd,0.17572972684869975,1,Low
4efbd82b8c,0.11632069255823958,1,Low
4eff4da01c,0.15351992908518747,1,Low
4f004dad4b,0.07416954470265455,0,Low
4f004feacf,0.08240382310488266,0,Low
4f00f410c3,0.13091860087368917,1,Low
4f0c6792a2,0.2649066633373058,1,Medium
4f0dd9e3ee,0.073214734127566,0,Low
4f12f884ab,0.1379354092204751,1,Low
4f19aaebc8,0.07166569816652027,0,Low
4f1a81fbec,0.031006032098557755,0,Low
4f1c26a76e,0.023767631893585696,0,Low
4f1d015310,0.057858406085741554,0,Low
4f1da9c14b,0.06217263397089548,0,Low
4f1e70db14,0.1931777635786393,1,Low
4f25a03f2c,0.21520572014421738,1,Medium
4f2a396787,0.12492317952136077,1,Low
4f306ef155,0.10148747184504894,1,Low
4f34bf3567,0.04122446254228774,0,Low
4f3a6e9584,0.18426703441673437,1,Low
4f3fbdace3,0.638322279934105,1,High
4f4e2ba25e,0.10173603691548119,1,Low
4f4f767e1f,0.14226663606876858,1,Low
4f570b3b08,0.1869484876492979,1,Low
4f58de5c98,0.045545095850761254,0,Low
4f5c46e6d9,0.11451866175294767,1,Low
4f5cb792e6,0.15240276404851308,1,Low
4f6087c374,0.023543265211227734,0,Low
4f6d09fcc9,0.022647988286223258,0,Low
4f7186d822,0.11898172464191999,1,Low
4f752d4f5f,0.06789597239786956,0,Low
4f75d894d1,0.0616146801217228,0,Low
4f772526b4,0.12442458938820346,1,Low
4f7917a385,0.13312774136802052,1,Low
4f79573db9,0.052982633315870845,0,Low
4f7abf4f40,0.46537058044024354,1,Medium
4f7efa662b,0.17849216924494843,1,Low
4f80837f10,0.04524927246771536,0,Low
4f80d6508e,0.05377550072786688,0,Low
4f8a35a1be,0.05274584718583039,0,Low
4f8bb5552c,0.028202767868134984,0,Low
4f93b41369,0.06580255327161075,0,Low
4f949498b2,0.057756188617173965,0,Low
4f9d2b828e,0.18804246465572189,1,Low
4f9f39520c,0.029561056461980713,0,Low
4fa70b0add,0.2338658157495153,1,Medium
4fb3fdc71d,0.028304502520085265,0,Low
4fb8ee5f79,0.04754397946871612,0,Low
4fc662c9c3,0.06374574404099773,0,Low
4fcb3ed72a,0.023108323302110677,0,Low
4fcd24189b,0.05943065989675917,0,Low
4fd15b38b7,0.03314161934153616,0,Low
4fd39d4004,0.18637049149460322,1,Low
4fd5cdd51a,0.0964086277979267,0,Low
4fdb3124cf,0.04890769382339931,0,Low
4fdf49c0b9,0.4542760448199283,1,Medium
4fe0d00198,0.06663555615642584,0,Low
4fe7ae5e1e,0.1177599428019136,1,Low
4feb0928fd,0.07757745384794569,0,Low
4ff0663347,0.030297613078103778,0,Low
4ff2e204a4,0.2072862729505969,1,Medium
4ffa6a5492,0.09013436875272175,0,Low
4ffb3eb576,0.2904140109252418,1,Medium
5002083343,0.05905896371434826,0,Low
500d07f331,0.4438737216229561,1,Medium
500def7fd2,0.0625220543033569,0,Low
500fc52645,0.12997024782771982,1,Low
5012b0556e,0.12419994992623902,1,Low
50162cc4d2,0.023257735168413344,0,Low
501d99ef1b,0.023293249146304585,0,Low
5026d1ce4b,0.05645187630153646,0,Low
50316d936f,0.027345738797395363,0,Low
50327650b0,0.06540121681942536,0,Low
50371b30e2,0.04307664831795459,0,Low
503d2c6375,0.10267099290584614,1,Low
504724a122,0.10443721811398592,1,Low
5049b235a9,0.034623771611743855,0,Low
504b957b7a,0.13438820914795438,1,Low
5051d79401,0.09834596422448008,0,Low
505ba5d1bb,0.07239635772750745,0,Low
5062039235,0.07477771794556638,0,Low
50666948df,0.2690205179583216,1,Medium
5066b5310a,0.07393705005967162,0,Low
507eef0b7d,0.13186354348870852,1,Low
507f37b91b,0.15933578931193335,1,Low
508430d469,0.12746004779246134,1,Low
508488603d,0.10872547127647435,1,Low
508a56d27d,0.03699019485307295,0,Low
508f4c0c1e,0.08169132375690553,0,Low
5091fd6085,0.14547735954931182,1,Low
5093109e10,0.06489513162647055,0,Low
5093cab658,0.07060511730628176,0,Low
50964222ea,0.10679912928139847,1,Low
509cd33d34,0.12971829121217096,1,Low
50a04feaf3,0.018274319247543032,0,Low
50a22ec730,0.2349209205974353,1,Medium
50a27d7a46,0.042459631067620116,0,Low
50a392bb35,0.07026869422952282,0,Low
50a3d83090,0.1284236558372296,1,Low
50a6af56e2,0.11123091912564133,1,Low
50a7d5d6c1,0.0932775600030833,0,Low
50a7e1167c,0.02281049702146562,0,Low
50abb03745,0.20041871455432023,1,Medium
50ad0485fb,0.09670307576555075,0,Low
50b14bce2f,0.020265541661796366,0,Low
50b427b7a1,0.046422798645515566,0,Low
50b4ddcc56,0.5034233076100985,1,High
50b8289ddd,0.028206541444607026,0,Low
50b8c7a780,0.8250185286822755,1,High
50bac6b059,0.031000597653092467,0,Low
50c00c30e9,0.030241119287050904,0,Low
50c47591c3,0.07758151598081867,0,Low
50c63b7c96,0.02561374530878052,0,Low
50c645b64a,0.0732878826089886,0,Low
50c9fa8f25,0.046204587140383294,0,Low
50caa7804b,0.06711897593363991,0,Low
50cbf176ba,0.0779241445231957,0,Low
50cc965b8d,0.056621166170421885,0,Low
50cd52317c,0.19352833321180513,1,Low
50d5a788ac,0.35902611612557295,1,Medium
50da124436,0.12624732598814206,1,Low
50e1db6328,0.145519028784309,1,Low
50e229cb39,0.03738013926318653,0,Low
50e5e3f268,0.1906256581047098,1,Low
50e81c924a,0.03878080795655381,0,Low
50ea782597,0.11367237150612182,1,Low
50ec1da315,0.07262157623862492,0,Low
50eca5faad,0.1553172489892117,1,Low
50ef276334,0.10787643539055572,1,Low
50ef4d64e1,0.17465759321019753,1,Low
50f60f80ed,0.03267720156975971,0,Low
50f7660066,0.17017700727266308,1,Low
50fd36124a,0.03563470152853462,0,Low
50fd7509b1,0.1448798054727775,1,Low
50fe053854,0.15879831130248095,1,Low
5103b250b9,0.016635677585268092,0,Low
510937edfa,0.0447245402809009,0,Low
510b76c255,0.11784076350317281,1,Low
511308b85a,0.05810147423810433,0,Low
511aaa676e,0.05391173842791809,0,Low
511c044b55,0.04713323246124614,0,Low
5121c5c78f,0.1582041426872615,1,Low
5123b6834f,0.20046265209231262,1,Medium
51283de132,0.14615795352580319,1,Low
513038e01f,0.05574298797860043,0,Low
5133dfd9f7,0.07158635856193324,0,Low
5136c3c774,0.11399318708029897,1,Low
513920bfa4,0.42238866451715523,1,Medium
51511b729a,0.14537739893515655,1,Low
5155496e8d,0.20728438361001253,1,Medium
5158bf254c,0.1427007647873146,1,Low
5158fafe5f,0.06854699870713983,0,Low
5160f6bc42,0.1104798299020594,1,Low
5165867642,0.10958411789236233,1,Low
51727b8ccb,0.15545866421856863,1,Low
5173265844,0.215978622594446,1,Medium
5174d21aea,0.09345414627833828,0,Low
517facdb91,0.06945846278133158,0,Low
51812bc9d0,0.026855928344718227,0,Low
51823455a5,0.32843877937768,1,Medium
518a3ed76a,0.0330402297187806,0,Low
518a96fd06,0.05980025825347992,0,Low
518e3b5edc,0.04192162565484374,0,Low
518e5ab133,0.04963626850119567,0,Low
5190aba67e,0.21879327321808065,1,Medium
51927eda0b,0.09381637292330415,0,Low
5192dd5316,0.04441292515071875,0,Low
51955593e9,0.12945147249940914,1,Low
519685f448,0.1363272869421588,1,Low
51974e8792,0.14487151673210288,1,Low
5198b5a45b,0.050517370686216895,0,Low
51a056e13a,0.034037839586552154,0,Low
51a2f757fe,0.1544992987781876,1,Low
51a506fc3e,0.09865731979008174,0,Low
51a51d2b19,0.07870894662734661,0,Low
51a8be7d34,0.1642167683718743,1,Low
51aaa909c5,0.047725130708494226,0,Low
51aacb9da9,0.09034812585796208,0,Low
51ab5b0b62,0.09522101824799893,0,Low
51ac81b7ec,0.16743648757995575,1,Low
51ad211a19,0.08544043392218621,0,Low
51b22b7bc8,0.08954935717126505,0,Low
51b69dadbb,0.04281858149326532,0,Low
51c001b89a,0.07017576157518421,0,Low
51c3d94359,0.03791260601956835,0,Low
51cd233c6f,0.04785864110260871,0,Low
51cea82bc8,0.02720836002914609,0,Low
51cf5279dd,0.2237594005591473,1,Medium
51d4e7cc90,0.06344942802257762,0,Low
51d4eef8ff,0.030604153455670535,0,Low
51d717ad0e,0.29148349593796535,1,Medium
51dd4f6615,0.06056754352474219,0,Low
51df1fc01a,0.645501399108745,1,High
51e40b781e,0.05281400745841584,0,Low
51ebb1ef17,0.07498668595453342,0,Low
51fac95f5d,0.09233316096687387,0,Low
51fdca0787,0.14191507875555648,1,Low
51ff91669e,0.05082013510480902,0,Low
5204139b8a,0.7514361695082491,1,High
520860e6f7,0.07995224879893212,0,Low
52088bb2b7,0.19753665631155778,1,Low
520b815704,0.1916102917336602,1,Low
520e59677b,0.4955588046684692,1,Medium
521061086a,0.13750346911963837,1,Low
521507cb37,0.05110705111749771,0,Low
5216bbab1b,0.05687328072411772,0,Low
521a779053,0.1901400819363776,1,Low
521d57f38a,0.04287827667522331,0,Low
5226b4057b,0.10214045498061486,1,Low
5226c35a36,0.07424544617241191,0,Low
5229f0c788,0.28357535307373205,1,Medium
522ca5e0aa,0.1484849543576881,1,Low
5239ab16b7,0.18859966101931888,1,Low
523def1edd,0.08423876991265786,0,Low
52418bd589,0.025175711146319647,0,Low
524776002a,0.2638544967183804,1,Medium
5248b6948a,0.09047888422132627,0,Low
5248d3dfeb,0.28891275252126614,1,Medium
524d246dce,0.1971794680054025,1,Low
5260bb09f6,0.16791914509678957,1,Low
5261de3298,0.3364014185767862,1,Medium
52663702fa,0.18645503539969696,1,Low
526643be52,0.13891979025225773,1,Low
5268ce28c1,0.15007171611092474,1,Low
526d113afc,0.04035214241761626,0,Low
52725108ee,0.15420937149065944,1,Low
52779c7489,0.031628338978499426,0,Low
5278613581,0.05282248016797359,0,Low
5280713d00,0.11146815085359213,1,Low
52856115a4,0.14503890618516585,1,Low
52894d138c,0.11302066710278769,1,Low
528b7f7b69,0.055291102053970226,0,Low
52917d765c,0.05218020283200528,0,Low
52945f2e4d,0.3314788642515145,1,Medium
52983f4478,0.04613990480716481,0,Low
529a63bfcd,0.07409669148278243,0,Low
529c624265,0.0752664725959345,0,Low
529c6946b7,0.25493411426289636,1,Medium
529c8540f7,0.10938855236450802,1,Low
52a3877f35,0.07560591477319065,0,Low
52a401b910,0.13941775479191992,1,Low
52a5cf00db,0.12252084041322955,1,Low
52a63d64e9,0.3395704130919553,1,Medium
52a6bf1967,0.06559317140444265,0,Low
52a70a29d0,0.050543081741129564,0,Low
52a8404cdd,0.29467996924576606,1,Medium
52aed63982,0.15338847460386607,1,Low
52b13b3761,0.05347736063175707,0,Low
52b7dea0f2,0.2686795408362833,1,Medium
52b832676a,0.13017814805074518,1,Low
52baefd866,0.28225632914798504,1,Medium
52be1d6c7d,0.044119575070616764,0,Low
52c72140cf,0.15683456298190815,1,Low
52cc626ea4,0.06446890822716576,0,Low
52d7a09d7f,0.33285055089682086,1,Medium
52d80a1b04,0.11547312286817826,1,Low
52dbc7bbbb,0.07474957211117249,0,Low
52dc26f3ad,0.07551131870283365,0,Low
52dd3fa68c,0.07565719440983729,0,Low
52e27b83da,0.23540835404977695,1,Medium
52e3f9ac55,0.08323979121611658,0,Low
52ea75d74f,0.05502575746581207,0,Low
52edd330e3,0.10449028376979466,1,Low
52ee986f8c,0.12753526794069422,1,Low
52f57a94fa,0.08766640371579978,0,Low
52f6c0aa9c,0.05037460888554251,0,Low
53004e7dbf,0.24040235227572102,1,Medium
53034227a0,0.06221312347224291,0,Low
5306bb822a,0.23464059997106435,1,Medium
5307622e18,0.5388585466460454,1,High
530a90f89e,0.1489300045213609,1,Low
531e29af65,0.08605253256664429,0,Low
53210ff81f,0.09693888885668416,0,Low
532535d08d,0.04905939427840776,0,Low
532ad4c821,0.18430898671253693,1,Low
532c829f79,0.6529700859352139,1,High
5331f2741c,0.15733959271219497,1,Low
533b3bda72,0.15187733582360474,1,Low
533faacc68,0.0296742710205152,0,Low
533fea730e,0.036686399329812484,0,Low
5340cbbbec,0.3833885545755458,1,Medium
5345fd29e2,0.07516775528209871,0,Low
534cf6e599,0.1443122221986684,1,Low
53511fef7b,0.2747613329394618,1,Medium
535158ce2f,0.09633807219607579,0,Low
535220d861,0.03583428578609048,0,Low
5356631561,0.05589948052211382,0,Low
535d4eb13c,0.06656056438727916,0,Low
536734ec41,0.2178803610588462,1,Medium
536a00d3e2,0.07158168611179622,0,Low
5370b9dedb,0.07289672557364646,0,Low
537136f166,0.08317438459910444,0,Low
5374a1e5bb,0.25054953456454887,1,Medium
537b0e8326,0.10815196628645582,1,Low
537b69f46d,0.021689007666786136,0,Low
537cd2cd79,0.22089780130444311,1,Medium
53830c293b,0.13935203296273702,1,Low
538629ef45,0.20719152981170824,1,Medium
5388b87cd5,0.09295630811048075,0,Low
538c1edf79,0.05648758352722824,0,Low
538d8817b6,0.037851106269150836,0,Low
538e3485b8,0.03576476973424927,0,Low
538ee46d19,0.1577335912030319,1,Low
53959513fe,0.06105215801814582,0,Low
539970193a,0.08006693800170658,0,Low
5399ee4b61,0.3426221998481927,1,Medium
539b1fe29d,0.06100489522410445,0,Low
539b64fc37,0.027213937811948447,0,Low
53a35e219f,0.13927045835132618,1,Low
53a3730891,0.29008412547944595,1,Medium
53a421e80f,0.03967956140219399,0,Low
53a85e46e8,0.11851198618508998,1,Low
53aa73b81e,0.07647779882979061,0,Low
53aadd17f3,0.06605249970272647,0,Low
53aff624c8,0.20477920301090513,1,Medium
53aff70456,0.12699028834218232,1,Low
53b6152844,0.03647733557746224,0,Low
53b61e5b36,0.07016687096274933,0,Low
53cc190d26,0.04509097972959942,0,Low
53d49fefcf,0.03493876758029784,0,Low
53d7c44e07,0.0183069588283329,0,Low
53d8b40387,0.04465061759173934,0,Low
53ddfa76e9,0.39343206777467205,1,Medium
53df2b2698,0.10818853616942986,1,Low
53e13b0ece,0.05612663227187455,0,Low
53e3079279,0.30249966524876043,1,Medium
53e74906e7,0.10002469775431976,1,Low
53e7f82fae,0.0963435270719665,0,Low
53ee55217e,0.13354237601227645,1,Low
53f006927e,0.06254209876834158,0,Low
53f183fcf7,0.19363138333697022,1,Low
53f2a7f225,0.11926012756008818,1,Low
53f9fbb119,0.14383193220360707,1,Low
53fa4b726d,0.14141568981877167,1,Low
5401bc2dc2,0.08648765328806855,0,Low
5403beb8dd,0.1374936413385779,1,Low
540823db63,0.18130199577042852,1,Low
540a4765ab,0.04791423378905873,0,Low
54103a09dc,0.3582908013441252,1,Medium
5414817393,0.24326720988909334,1,Medium
5415048b58,0.12930212836596727,1,Low
5423106ca6,0.03948868468719287,0,Low
5427bec0fe,0.035664093440495356,0,Low
542abbf56c,0.07459964412096608,0,Low
542cae304c,0.07561560225303893,0,Low
542fc22b0c,0.31915702464136325,1,Medium
5435d7e0dd,0.2840845658878598,1,Medium
543a89704c,0.1385030190662747,1,Low
543b110d8c,0.05219101430499613,0,Low
543bb2504e,0.07507344272150338,0,Low
543bd41b84,0.18750426835509929,1,Low
543c4a758f,0.026189614601916277,0,Low
544559cd44,0.028188468669007233,0,Low
5446330de1,0.07767387742462636,0,Low
5446e68fe3,0.16377294757906424,1,Low
5449b4f1a7,0.0459873499312764,0,Low
544eb7426f,0.10295563031410511,1,Low
5452af2ede,0.14346688073597724,1,Low
545b07da48,0.12350633540619003,1,Low
545e23a3bd,0.413797124727134,1,Medium
54603c458d,0.1765844487598936,1,Low
5467ed46df,0.4706683949698304,1,Medium
547361e79d,0.13715384567845074,1,Low
54743b0301,0.19674556035100216,1,Low
548021a49b,0.016384103888583454,0,Low
54813d9a09,0.03301310013656473,0,Low
5481b439ed,0.4366043365155759,1,Medium
54850ae5ee,0.045327932696244584,0,Low
548679f260,0.07478192865151605,0,Low
5486c0c197,0.20518025272990548,1,Medium
548820eeba,0.06538889957674403,0,Low
548a1243ca,0.07600272416806922,0,Low
548c819dcd,0.02837033561299969,0,Low
548d204583,0.034373968848532,0,Low
548d450d69,0.035533218448167606,0,Low
54901fecd1,0.043565497748700686,0,Low
5497f86ec5,0.06120577992137891,0,Low
549a301b8a,0.15380258676933142,1,Low
54a59c506c,0.07215491806686035,0,Low
54a5e97348,0.1688910685124279,1,Low
54a98225d3,0.10438774268544344,1,Low
54aa2ecb71,0.028706460685157885,0,Low
54affdce5f,0.09448054898684105,0,Low
54b94e50e1,0.06247448448063925,0,Low
54be75b2f7,0.385152425535133,1,Medium
54c372e77d,0.03623421034935577,0,Low
54c6373e6c,0.5813037456032965,1,High
54ca0d6a96,0.16104024809658593,1,Low
54cee90b46,0.37413371717149707,1,Medium
54d266c43f,0.467968740596717,1,Medium
54d367aab6,0.03339263996702655,0,Low
54d3be92eb,0.14753445063715265,1,Low
54db960c50,0.2771304639050953,1,Medium
54e676efd7,0.03766014065970627,0,Low
54e72f0c6b,0.07557123556320619,0,Low
54ec88de3f,0.6379466248319047,1,High
54ee70ebb1,0.26589804040649473,1,Medium
54f1a249e1,0.24410459342893473,1,Medium
54f2b3d50b,0.08812316204672135,0,Low
54f478b584,0.07199862079574268,0,Low
54f8b880aa,0.21858786790380108,1,Medium
54f94906c0,0.11118715872642193,1,Low
54fefc858e,0.1630428333713161,1,Low
550229469d,0.23685944909471518,1,Medium
55030264f8,0.19020862072367467,1,Low
55030642ab,0.3747160149551335,1,Medium
5506ef0018,0.5234514949817515,1,High
550867bf47,0.06764428327507517,0,Low
550c5bf8c4,0.03348984251696817,0,Low
550f6777ed,0.09999123832570754,0,Low
5512dab617,0.13743540081022187,1,Low
5515253592,0.5655822004388803,1,High
5519753eb3,0.03954072397574466,0,Low
551b61cbea,0.30298652712033175,1,Medium
551b9daffc,0.12162356412526769,1,Low
5520f2ae27,0.02112142790725939,0,Low
5525b794d3,0.021751569717042528,0,Low
5527497f02,0.18469528699481969,1,Low
5528b1faab,0.15059866873335984,1,Low
552a7ab121,0.09494181684351101,0,Low
552a83ffa4,0.16809297543499585,1,Low
552ca41105,0.10107640708783328,1,Low
552e56379c,0.05051209866529943,0,Low
552f77b08a,0.06426214938799589,0,Low
553dd0cdf5,0.23540938243808315,1,Medium
553df6a6ea,0.03208773452100468,0,Low
55425cb3ea,0.14411457234850014,1,Low
55435b301a,0.09345687414980137,0,Low
554a35dbf7,0.024951083101752,0,Low
554fc1b51c,0.1713455493237542,1,Low
5554041102,0.15604131592790912,1,Low
5555bcfa40,0.029301527418231506,0,Low
5556f2ba1b,0.23045030378771278,1,Medium
5557d5443d,0.08643570899359755,0,Low
555bc39951,0.14865285461757133,1,Low
555be3550c,0.08837150376846689,0,Low
555e95e988,0.16493196265600202,1,Low
55633143b9,0.10501878197638195,1,Low
5564a26263,0.12732904220666605,1,Low
556c19e2dd,0.12220483632324658,1,Low
556db49db6,0.03122511453832116,0,Low
5575143594,0.09092936802892665,0,Low
55768a50d7,0.06710148986199244,0,Low
5578a316ea,0.09635723487259434,0,Low
558269dd7c,0.032179718915267476,0,Low
5582b9ac89,0.021784385831617747,0,Low
558391ec10,0.07948684675216279,0,Low
5584264904,0.1286688323528203,1,Low
5587b7414a,0.15903431740081259,1,Low
558bc3e070,0.010740044291217162,0,Low
558cb4cbd0,0.02461683070464353,0,Low
558dc63aae,0.1671463981270905,1,Low
55932c78a8,0.1682290743166429,1,Low
5593aa6af8,0.44060601400229576,1,Medium
5595421ecd,0.06692892561530235,0,Low
559616d4cd,0.09401661972822267,0,Low
5596b4263a,0.022294728420518082,0,Low
5598f44a36,0.10955055949957657,1,Low
55a33fc309,0.04745591851575036,0,Low
55a5ea6df0,0.11116399048965545,1,Low
55aca93888,0.2227998447293959,1,Medium
55ad94a40c,0.0321526496049212,0,Low
55b954a72d,0.2047256821960232,1,Medium
55c0f90df9,0.2542237249061895,1,Medium
55c25b7476,0.12658898203151164,1,Low
55c3894a09,0.21127739603781856,1,Medium
55c42377f2,0.20629666664397608,1,Medium
55c5116c01,0.21780306809322875,1,Medium
55c65ab303,0.23133063354551597,1,Medium
55c7d59a32,0.12083021929004638,1,Low
55c8cfd842,0.12804206994111594,1,Low
55ca06eeb2,0.5869166530949429,1,High
55cb67847a,0.1225344133418175,1,Low
55cc9bef6a,0.318363985495185,1,Medium
55cf151647,0.4481891610147263,1,Medium
55cf25da05,0.10494776756886526,1,Low
55d59ec253,0.11011711066377701,1,Low
55d6f0758a,0.04084370398840923,0,Low
55da99fcd8,0.10834685993814828,1,Low
55df5d02bd,0.09240444429971247,0,Low
55e03523d2,0.033822304117212536,0,Low
55e88dca9a,0.1982919000679603,1,Low
55e918b067,0.047186147618344255,0,Low
55ecbb67e1,0.16132126479831607,1,Low
55edb9fdd3,0.08154499799974274,0,Low
55edec0bfe,0.06918049877750096,0,Low
55f20e1585,0.03109946515505056,0,Low
55f2fa7a25,0.036797930354274644,0,Low
55fadf04be,0.06961976628060378,0,Low
55fbf292e8,0.04299187275419934,0,Low
55fe669b0f,0.05393137932061789,0,Low
55ff7c82e4,0.1605482023672797,1,Low
5605675fc4,0.34361357496041606,1,Medium
56096b9c1d,0.08815504886454748,0,Low
561375ab32,0.1250892849465745,1,Low
5613b73593,0.0414911518058811,0,Low
5616203aad,0.07985920973635588,0,Low
56198b4c59,0.035509963264512424,0,Low
561da199e7,0.025631397569159366,0,Low
5622ec3e5a,0.18559453688410532,1,Low
562302010f,0.04631899670076204,0,Low
5623b32e7e,0.03848029390715578,0,Low
562bc211c2,0.055329688175491144,0,Low
562d344973,0.17415366078644776,1,Low
562e6d1932,0.23578430936262368,1,Medium
562ea55313,0.07311966846687123,0,Low
56336a3427,0.18621195791026682,1,Low
5636e2448f,0.18792470881954945,1,Low
563b485c8d,0.17669790825044565,1,Low
563bb41362,0.11365854111739478,1,Low
56428719bd,0.21482113841975214,1,Medium
564dc9f126,0.03861762540908476,0,Low
5652d53bf2,0.19759987016437167,1,Low
56567a161d,0.1915216711857304,1,Low
565d8c23be,0.05115809373441274,0,Low
5661354a98,0.0890139103943185,0,Low
5661dc5b83,0.07061733773796953,0,Low
5661dd5754,0.3517101388791617,1,Medium
5667647dc1,0.06918713047041584,0,Low
5668f915c3,0.051724556739037225,0,Low
56714eeeb8,0.5679253947994016,1,High
567b256c6b,0.1771382783965718,1,Low
567f8b8dc6,0.33282181093280616,1,Medium
568019c954,0.11937633045429853,1,Low
56827aeee0,0.11261035688468468,1,Low
568302c8d7,0.06881518467035438,0,Low
56869a4435,0.046422412844694776,0,Low
568a243ba1,0.06965933198494637,0,Low
568c50153f,0.0946344456522344,0,Low
568f0de80b,0.14185199967924264,1,Low
56971ccbda,0.045289738273566686,0,Low
569aa5729a,0.05536995105127613,0,Low
569e9fec1d,0.15881816173119617,1,Low
56a2cd3c94,0.3648520651210987,1,Medium
56a41b8c12,0.018954415425390624,0,Low
56a6733488,0.03993164706063996,0,Low
56a95a7437,0.6323757273195912,1,High
56ac371f01,0.1869299184943609,1,Low
56ad0f73b6,0.07466410201437552,0,Low
56af293090,0.06658723866544988,0,Low
56b213636f,0.21917570713878082,1,Medium
56b50f081a,0.5553808492102649,1,High
56c9246e74,0.048616410136740604,0,Low
56ceed56d5,0.19226044525881505,1,Low
56cf9ca266,0.1825424132037467,1,Low
56cfde8ee7,0.086549941498669,0,Low
56d1edfd2a,0.024709722515989307,0,Low
56d8f08663,0.10991263924304052,1,Low
56dc583dc8,0.26360268890002536,1,Medium
56de37e7a1,0.06484924444052696,0,Low
56e2f8d904,0.3347299293671178,1,Medium
56e558ae40,0.12498111677123612,1,Low
56e6e6fc7f,0.048745477628229325,0,Low
56e909eb3d,0.09064731559476058,0,Low
56eb434a56,0.059576608332428296,0,Low
56f27bff67,0.17487958198368012,1,Low
56f6daddb4,0.25132676052885566,1,Medium
56fe4ea461,0.023273680561678858,0,Low
56ff68251d,0.08366669959448757,0,Low
57004cd1d6,0.22580676863706417,1,Medium
5703ae0c30,0.14705454330687864,1,Low
57099b490a,0.19171604218308697,1,Low
57145261f0,0.13701837059928287,1,Low
57179ebb99,0.028224770830039336,0,Low
571a11a84a,0.045258321051727377,0,Low
571c52c88e,0.1355834369391375,1,Low
57256c748a,0.19814215348984873,1,Low
572605d8b9,0.3804278634606678,1,Medium
57298ad834,0.06274555188998644,0,Low
572b1958c6,0.03390199436191936,0,Low
57411c42e4,0.07655428671869058,0,Low
5746968f25,0.26024423740790853,1,Medium
5748ffa99f,0.2214338457071658,1,Medium
574aa06c61,0.11825084126008437,1,Low
574b8e4f90,0.06948852031771334,0,Low
574e7a4d19,0.07027298495070451,0,Low
5751d1d7c0,0.1344972472699868,1,Low
575409818d,0.05987479759572087,0,Low
57573808b0,0.061502715265546626,0,Low
575801fabd,0.07258465121988426,0,Low
575a2f5d11,0.127211728262435,1,Low
5767ff3d42,0.15948128049469254,1,Low
576aae37cb,0.05911644518641662,0,Low
576fa287cf,0.03228097393272977,0,Low
577f3f6069,0.16369789447124491,1,Low
578309194e,0.05150111369671683,0,Low
5783f4f836,0.04610597183432186,0,Low
57866075ff,0.07307563675456462,0,Low
5786f40781,0.17207059352420784,1,Low
57896e3609,0.06515800013518673,0,Low
578ae1c9d5,0.04111699816495559,0,Low
578d1a3402,0.015771235041576032,0,Low
578fa1a5fb,0.10441412818398493,1,Low
57944c167c,0.1310040790215839,1,Low
579fd5a1c5,0.09382105126530861,0,Low
57a070b073,0.1197372551087439,1,Low
57a1c11d1c,0.2214934621060413,1,Medium
57a290ad29,0.0653592286693782,0,Low
57a50ba9da,0.15461190346527376,1,Low
57abb90a5a,0.08581874588375517,0,Low
57b06557bc,0.22939908405278925,1,Medium
57b524dc68,0.2725111960083589,1,Medium
57b7454779,0.05114503130635506,0,Low
57bc73c22e,0.22795415038095604,1,Medium
57c7039d3e,0.13471875146589435,1,Low
57cb062577,0.10339622840572854,1,Low
57cd7e3bbd,0.13436699565629118,1,Low
57cfd6ddea,0.14673330080196537,1,Low
57d074b1e5,0.052821221054530305,0,Low
57d1027c75,0.07646676620393326,0,Low
57da216a70,0.041055370975150225,0,Low
57db78d9cb,0.17959466444361355,1,Low
57e0b5b123,0.06627679555798956,0,Low
57e3bf7ce4,0.05159012856120247,0,Low
57e6fc485f,0.0739553117469811,0,Low
57e86c3e42,0.19221179563560556,1,Low
57eb530c9c,0.043682722230918895,0,Low
57ee669e82,0.1054818855001763,1,Low
57f16e6d46,0.03831750776124902,0,Low
57f80878dd,0.05884301028989203,0,Low
57fa88f2f8,0.02819926730627802,0,Low
5802cc91b6,0.07749632685055804,0,Low
5804e5e97b,0.46248499397309073,1,Medium
5804f09139,0.0622001103168028,0,Low
5807a3e82d,0.3743999080103631,1,Medium
58081453f3,0.09319761400425518,0,Low
580a20721d,0.1748201034570325,1,Low
580f3d9ca1,0.12286284013990567,1,Low
5813e28495,0.10681366337906303,1,Low
581792e5eb,0.07792853291949357,0,Low
5818585e19,0.06169672249704158,0,Low
581c9fe3e2,0.15372876320282816,1,Low
5824435b05,0.16349230031770703,1,Low
582ce9dddf,0.052683867060270256,0,Low
5835850039,0.36784369232170555,1,Medium
583939d2b1,0.16101141626144733,1,Low
583dcfc72a,0.41185598050592903,1,Medium
5842344cdf,0.12228946230467333,1,Low
5846a37d5d,0.0633412736093969,0,Low
584a06f651,0.22058922540305345,1,Medium
584ce43725,0.06134358298191705,0,Low
584f73cb38,0.013900279825279223,0,Low
5850d24d7e,0.28163563653571866,1,Medium
58548863d0,0.036432446660923386,0,Low
58550856d8,0.24288407847222596,1,Medium
5858acc819,0.09963986640191673,0,Low
5859bb1d06,0.11812119740083754,1,Low
587a08c55c,0.40062708368949235,1,Medium
587c969109,0.18834269155621852,1,Low
587cc96942,0.2552043612296574,1,Medium
5888239e5e,0.18142727979604778,1,Low
5888c324b8,0.2672526758713104,1,Medium
588c4872a8,0.20571827975771528,1,Medium
588c78a620,0.036975850454398246,0,Low
5892a2e6be,0.03528839601980221,0,Low
5892f65d0f,0.10447453495726014,1,Low
58973b3726,0.06449256563426102,0,Low
58a44248d0,0.10861181406437802,1,Low
58a78ccae3,0.09025351126762536,0,Low
58acf2dc27,0.08005435197818594,0,Low
58b24d3918,0.21435882153748373,1,Medium
58bb57fa8a,0.28321978182798674,1,Medium
58bdad1cc4,0.1519739636805287,1,Low
58c16ef1bf,0.057465528195821604,0,Low
58c19b6a84,0.06840427314994874,0,Low
58c3405f0b,0.22922704675165145,1,Medium
58c459efc4,0.19524215991375674,1,Low
58c4608ef9,0.0532335829989863,0,Low
58c60cf9c6,0.03451698508467024,0,Low
58c91ead09,0.28970648063475246,1,Medium
58d8c54a98,0.06010551542773611,0,Low
58d95c1803,0.14871381508144285,1,Low
58e1e4c4c9,0.08251325664519685,0,Low
58e792f1bc,0.05213764401827126,0,Low
58e82eed86,0.04481424719625175,0,Low
58eb65686b,0.06797092946075553,0,Low
58eca47cf3,0.0439842026922734,0,Low
58f9e5fe41,0.07411757614279095,0,Low
58fdcb3665,0.12031683716960738,1,Low
5904d650c3,0.05323146953507322,0,Low
5904e222c5,0.11394016369814508,1,Low
590836ae14,0.026596826721387024,0,Low
590ace187e,0.14604084108820034,1,Low
590d2c90d5,0.03311871737506335,0,Low
59160fb517,0.2766418687493438,1,Medium
591cc90c17,0.08261118668971854,0,Low
591d42c512,0.1788441280569701,1,Low
5927bbcf80,0.06639140170069238,0,Low
59287c9740,0.20826940100989438,1,Medium
5928df911b,0.19849585885408064,1,Low
592b845938,0.13170271051471177,1,Low
592bc0b033,0.07276046554643624,0,Low
592c1544ed,0.10441025297942262,1,Low
592f630f62,0.22662476312225419,1,Medium
592fe1a27c,0.06002629251511617,0,Low
5933072422,0.20248624927414005,1,Medium
593347dc7f,0.05508705139257253,0,Low
59372165e5,0.08021542556464929,0,Low
593e68b6e5,0.06792902630866751,0,Low
593e87dd25,0.34171193095568464,1,Medium
593ec3420f,0.07547194547434696,0,Low
594b23c8fa,0.06553184545396125,0,Low
594c2a35e6,0.05923849064686811,0,Low
594d2ba5a3,0.15954070724642963,1,Low
594f8c0a7f,0.05846835536733752,0,Low
5952d296fb,0.09903730685430147,0,Low
595a4214f0,0.1632723495247538,1,Low
5961013a10,0.07097025252012171,0,Low
59672535a8,0.17527007709060718,1,Low
59686a2d60,0.09712375603364545,0,Low
596a49c417,0.05829712733620998,0,Low
596da13379,0.1650652788485068,1,Low
597b46f8e1,0.03654192492943699,0,Low
5980f0f804,0.20039876137470755,1,Medium
5983d144e8,0.3187105856620677,1,Medium
5986a1c8b2,0.18252697673010215,1,Low
5989894725,0.09623026757943083,0,Low
5992476a33,0.032800457028747766,0,Low
59942fc6f9,0.02344753648073644,0,Low
59943f043f,0.07724357663589007,0,Low
5995bc34c5,0.3504330316795403,1,Medium
5996180c0a,0.17775122943343466,1,Low
5998f43a87,0.16917224967896474,1,Low
5999a25074,0.09296439493899265,0,Low
599bce45ca,0.27740380204180454,1,Medium
599f668d66,0.12726097286808416,1,Low
59a8c4a44f,0.09047776136867829,0,Low
59ac7f4d4a,0.5303561339652257,1,High
59ad963163,0.10950057448191054,1,Low
59b6adfd50,0.05108998451918858,0,Low
59b6efe650,0.11722146641072403,1,Low
59bc0cb9ab,0.10913022305255703,1,Low
59bc24904e,0.05890951989605642,0,Low
59bee78dfd,0.47013727268803274,1,Medium
59c2373b66,0.10289255901983385,1,Low
59c27b1790,0.08107176781033891,0,Low
59c3a87aae,0.01731303086321008,0,Low
59c567f622,0.12322581842150285,1,Low
59c679b6c0,0.05583363955077198,0,Low
59c8700f91,0.05811104306347511,0,Low
59d14abc66,0.07971620066400371,0,Low
59d77ac9d5,0.08379107338855458,0,Low
59d821b898,0.05009183276199065,0,Low
59e2d2e8ab,0.04691772493295912,0,Low
59e34d9121,0.08564413273186475,0,Low
59ef0d6b16,0.11384932942398036,1,Low
59f1acbb50,0.04216512412454914,0,Low
5a03ced6b4,0.036189152451758105,0,Low
5a1075e544,0.06388712045077348,0,Low
5a1d90d3f0,0.03616867690017222,0,Low
5a1e4e3740,0.034587911157206434,0,Low
5a1f42f67b,0.07109211941936114,0,Low
5a204828f6,0.0896683257218023,0,Low
5a21328a60,0.19204419995473113,1,Low
5a22bdf711,0.028765066321756145,0,Low
5a23289ba6,0.15852120672836598,1,Low
5a2379d12d,0.10422423907713503,1,Low
5a29c40dd6,0.039139784547516245,0,Low
5a2e8299f3,0.07332110695352498,0,Low
5a33accd5b,0.0318638241120976,0,Low
5a3ae2e9da,0.14859892851275133,1,Low
5a3c3b8c1d,0.04181932576218337,0,Low
5a3ebb7fe3,0.08458854912627439,0,Low
5a43796093,0.1489117875988252,1,Low
5a4ae5158e,0.5168424638465136,1,High
5a4c8e537f,0.17268691602067476,1,Low
5a505e95ef,0.11764941500399212,1,Low
5a51d6d8dd,0.03663645624833183,0,Low
5a5b3b3bb3,0.43337030767070606,1,Medium
5a61d6fa7a,0.10385378793056042,1,Low
5a63b1821b,0.03800621174610876,0,Low
5a64c6d9f7,0.07988270813952869,0,Low
5a650a70fb,0.1572135945042456,1,Low
5a69199ab4,0.19353445423227858,1,Low
5a6e1f9e79,0.07213823142902866,0,Low
5a6e8e12b5,0.10434487301569584,1,Low
5a6f68d8ab,0.11553297802276928,1,Low
5a72084ed8,0.04941933331753526,0,Low
5a73ff4649,0.06750888343994906,0,Low
5a7562e0da,0.16825366202413086,1,Low
5a7ac9d754,0.053092123012264604,0,Low
5a7b26eb84,0.3047314360697885,1,Medium
5a7f5432c6,0.09405828444280172,0,Low
5a81a48024,0.17392680694311388,1,Low
5a8278054a,0.0422884576447397,0,Low
5a83b795e5,0.08042520996358349,0,Low
5a8f5454fb,0.04854611366374184,0,Low
5a93a9661d,0.14856647284115793,1,Low
5a95748250,0.06417996953148868,0,Low
5a978795f0,0.13415838777183464,1,Low
5a9bef8e50,0.04368883681056396,0,Low
5aa240b0a4,0.021446949657095198,0,Low
5aa3fba8ab,0.19706452047087983,1,Low
5ab0a5288a,0.10942263196965311,1,Low
5ab25b6878,0.045024243571724125,0,Low
5ab3bfa8a6,0.18405670822957373,1,Low
5ab7b58a1c,0.058410625065427955,0,Low
5ab86731b3,0.1803831040801073,1,Low
5abc214f8d,0.05612699864777347,0,Low
5abd9db1e8,0.05822431872642369,0,Low
5abf323f02,0.03645903706885781,0,Low
5ac01a64d7,0.054885817637894664,0,Low
5ac142ecc4,0.04013528588278631,0,Low
5ac29d4571,0.03442032638067287,0,Low
5ac6cc2ecd,0.03682451738909397,0,Low
5acc9eaff8,0.26357993152080034,1,Medium
5accd0fa08,0.12353344800480738,1,Low
5ace496ac2,0.03942624777049402,0,Low
5aceba75c0,0.25603757818924755,1,Medium
5ad00b9289,0.05298793864279537,0,Low
5ad0e63a3c,0.10432124542451424,1,Low
5ad7c662d3,0.08813720784099115,0,Low
5ad89a82d7,0.04515354280539215,0,Low
5ad9c2dd1e,0.42045608924651706,1,Medium
5adccab2a5,0.027928305896318298,0,Low
5adf0131a0,0.1646067293668397,1,Low
5ae00fc1d9,0.32506798295290384,1,Medium
5ae04bd12d,0.13361832302067914,1,Low
5ae33a5c24,0.022064481576453517,0,Low
5ae6410a45,0.16498315347008888,1,Low
5ae7b9c01e,0.09847575617836216,0,Low
5ae94a6b54,0.016460450020240693,0,Low
5aea010f96,0.2780074324173592,1,Medium
5aee2ff4be,0.054170991854761645,0,Low
5af1b6c13d,0.11070060778848417,1,Low
5af262b3e9,0.2621975909826792,1,Medium
5af5bf128e,0.049621512179504834,0,Low
5af66983cd,0.24544191848419508,1,Medium
5af6a3049c,0.02280422288385814,0,Low
5af7f09055,0.2297644042106471,1,Medium
5af876437e,0.5000191421906364,1,High
5b01749a59,0.06628252553824081,0,Low
5b0471691f,0.06373999694190255,0,Low
5b093d5ba4,0.07143022623095664,0,Low
5b097ba4b4,0.038132902715770245,0,Low
5b0ae938d7,0.23265836134411721,1,Medium
5b0b159580,0.19255470728731372,1,Low
5b109a5664,0.14832963438749328,1,Low
5b12bdad18,0.09722414198751078,0,Low
5b1374d26a,0.0883032281786453,0,Low
5b184f2829,0.1615142667196564,1,Low
5b1d82273a,0.04842997240739341,0,Low
5b1ee2c230,0.14402973232160796,1,Low
5b326c08c3,0.031524764692253036,0,Low
5b32f410e2,0.2239581535268429,1,Medium
5b35b23c42,0.4811206359576693,1,Medium
5b3b22c5d9,0.28329797663133366,1,Medium
5b3b733613,0.27619144272044854,1,Medium
5b4131a1f1,0.4963228898798507,1,Medium
5b430d1c65,0.1620114871467816,1,Low
5b45ea2a1f,0.06564338669059619,0,Low
5b497e7998,0.6420873524322831,1,High
5b4adab8f3,0.014336900102541388,0,Low
5b4dafb546,0.36647929279233904,1,Medium
5b58839525,0.01870613504626081,0,Low
5b5a5d6336,0.21487469561116807,1,Medium
5b5bf8895e,0.2156269583891907,1,Medium
5b5d033105,0.07590936728480017,0,Low
5b5d449d5c,0.08012074882824678,0,Low
5b605ca5e7,0.09560568692206296,0,Low
5b6403386a,0.02482229002243617,0,Low
5b6441f708,0.20686406942362667,1,Medium
5b65068970,0.09039422835381622,0,Low
5b65889808,0.06828996585442865,0,Low
5b6d8baa90,0.06545800609232849,0,Low
5b70f5f641,0.10901481848572493,1,Low
5b731c9fb8,0.24667415793634903,1,Medium
5b84343e82,0.059001242035525994,0,Low
5b863c92eb,0.21625177114687164,1,Medium
5b87df7058,0.1832196958317093,1,Low
5b8ae775d7,0.1085636837802933,1,Low
5b8ae9ead8,0.16653898919122542,1,Low
5b8deca825,0.4272111245802378,1,Medium
5b8e771099,0.3001465278944301,1,Medium
5b90251567,0.1782861319822594,1,Low
5b937114f3,0.17579223384487117,1,Low
5b9d24a4fd,0.1382132264845351,1,Low
5b9f49ab79,0.6254412023313243,1,High
5b9fb63c9b,0.05803354289222541,0,Low
5ba4b6aa12,0.07109555898022918,0,Low
5bb3001bda,0.061735137130118856,0,Low
5bb6ca8f67,0.0872657314956243,0,Low
5bb9885906,0.03193120239609841,0,Low
5bbaa36330,0.058771474204451404,0,Low
5bc70ba8e8,0.05088847055381347,0,Low
5bdb01ea98,0.06073054251234302,0,Low
5bdbccec85,0.1343575446310541,1,Low
5be13e1290,0.08403559301313322,0,Low
5be2425d92,0.1883881639246856,1,Low
5be24abd5c,0.04892204317327624,0,Low
5be41b3769,0.19560887422999038,1,Low
5bf2b9766b,0.16787978323193908,1,Low
5bf2cebe7e,0.03488766861991991,0,Low
5bfbdf8a5b,0.05974051556599314,0,Low
5bfd8f50e4,0.2910334896101807,1,Medium
5c05c0d6e9,0.26615080388696866,1,Medium
5c070dbe69,0.17950035128021485,1,Low
5c07eac0f4,0.07757745430808399,0,Low
5c0b232e80,0.17674956923795154,1,Low
5c0e653611,0.029745680940039973,0,Low
5c1cc58283,0.18268632068058016,1,Low
5c2dd13ea1,0.05721042996811699,0,Low
5c2fa3da2e,0.11418510596029773,1,Low
5c363eed10,0.16486012377636924,1,Low
5c374c96d6,0.06995478069874912,0,Low
5c3b5ff522,0.34715229125267943,1,Medium
5c3bdeab0e,0.11410588534303062,1,Low
5c3ea19c21,0.06755879688560279,0,Low
5c421f1985,0.044382148149515015,0,Low
5c4343b4b3,0.045300425280157125,0,Low
5c4872b698,0.08940594283859485,0,Low
5c4e8f4e0c,0.16929460798981277,1,Low
5c54ab4793,0.03599274540168675,0,Low
5c57c323a8,0.09336122406981194,0,Low
5c587ed345,0.19839440122263544,1,Low
5c588c6523,0.06873582935255994,0,Low
5c5f515c3e,0.5639978497927542,1,High
5c624e2696,0.18426668071503935,1,Low
5c62c15233,0.036793905870642636,0,Low
5c62e6f2d1,0.04790414223293706,0,Low
5c646d3eea,0.09297845160906569,0,Low
5c6601aa1d,0.10495958816836103,1,Low
5c6781ed1d,0.10191332680328523,1,Low
5c6bba1b8e,0.3839463869750033,1,Medium
5c7382d27c,0.09354220562249146,0,Low
5c7609cc3d,0.12127395906136537,1,Low
5c79ebaf9a,0.22227258407888886,1,Medium
5c7a76cafe,0.20294591306924112,1,Medium
5c7d54338b,0.07971822752070702,0,Low
5c7ffd8a46,0.09611462522612635,0,Low
5c80a603dd,0.29878815770177775,1,Medium
5c80fe2721,0.08916979744387313,0,Low
5c84832a3a,0.20445295765575966,1,Medium
5c8aec6089,0.14014542630192284,1,Low
5c90719eb7,0.05209635316372557,0,Low
5c92672de1,0.024944524032633267,0,Low
5c9a8ded0f,0.18892863175690958,1,Low
5c9b46b6b5,0.0721151506624578,0,Low
5c9c0eb60b,0.12108136431758136,1,Low
5c9d09d2db,0.42238866451715523,1,Medium
5c9d8c7931,0.06838528879331242,0,Low
5c9e5fd645,0.029744269586825606,0,Low
5ca153241d,0.12949415117645294,1,Low
5ca80cd78c,0.051333116517481125,0,Low
5ca8375114,0.06143204721943254,0,Low
5cabf509d9,0.0855122951702187,0,Low
5cac362ef3,0.18471484382388975,1,Low
5cadd6a17a,0.18011398004518508,1,Low
5cadf96cb7,0.05545201920540275,0,Low
5caec024a7,0.14986976636219781,1,Low
5cb02c0137,0.052354279511744116,0,Low
5cb2c402eb,0.13913342236183737,1,Low
5cb3d24dc6,0.10015200383340342,1,Low
5cb54e874f,0.24903273548604796,1,Medium
5cb6f1db2a,0.019525832001301025,0,Low
5cb7fb2ac3,0.16805948410969204,1,Low
5cb874aa09,0.09058271064142931,0,Low
5cba270b8d,0.3190639974493147,1,Medium
5cbaaf67af,0.05518237746104542,0,Low
5cbccd8545,0.10622982698274304,1,Low
5cbd881f67,0.14364331235560013,1,Low
5cbee3813e,0.04635702352066399,0,Low
5cbf442d22,0.046372809563216655,0,Low
5cd75f1554,0.034082620311058465,0,Low
5cda969187,0.07496016400366981,0,Low
5cdcd2e74a,0.22118150916193485,1,Medium
5ce362610f,0.20258362218645184,1,Medium
5ce541fb19,0.19331097846616177,1,Low
5ce6db73cb,0.16596093036863713,1,Low
5ceb82238f,0.1553806811589197,1,Low
5ced9b6076,0.16434374162962515,1,Low
5cee12c7b5,0.048076901255287914,0,Low
5cf2d84475,0.09362357228126486,0,Low
5cfc9ef1cd,0.27821108793159044,1,Medium
5d02c6c608,0.11592839937323665,1,Low
5d0665e945,0.024522558064168785,0,Low
5d07427552,0.17906052825230223,1,Low
5d07a03255,0.13290973105004739,1,Low
5d0f943ce7,0.12253197679784854,1,Low
5d0feb7631,0.046995057604076934,0,Low
5d20aee037,0.2562736980342787,1,Medium
5d21ad0ae4,0.13791283868641194,1,Low
5d222a7873,0.17463820841904645,1,Low
5d283dbf9e,0.3056635573732585,1,Medium
5d28ba0271,0.030649492398393992,0,Low
5d28d9db96,0.04153977742094923,0,Low
5d2e1114b4,0.01749348487674092,0,Low
5d4116cc1c,0.03190302956970937,0,Low
5d42a9399c,0.12405484415476921,1,Low
5d46dfa932,0.04377025705445997,0,Low
5d48e03cdd,0.05297244478142071,0,Low
5d48ec1b4d,0.06934007902788707,0,Low
5d50f82c54,0.06560889502002137,0,Low
5d51ceeb7f,0.1698449418767969,1,Low
5d524ce0de,0.08366429852569236,0,Low
5d52526cf3,0.18101362633321474,1,Low
5d538844f0,0.04760225511062599,0,Low
5d57d0afe7,0.13973466226562742,1,Low
5d5cf325de,0.03733820645589794,0,Low
5d5e56c39b,0.3167486098514354,1,Medium
5d610a7265,0.11900757038341571,1,Low
5d65952d56,0.049811933513309536,0,Low
5d66328ff0,0.0375532840471623,0,Low
5d67491223,0.07070377919991705,0,Low
5d6d71dcb9,0.0680758381924688,0,Low
5d712a9bc1,0.04277419154897871,0,Low
5d77a55093,0.12932432779752123,1,Low
5d788db0da,0.06385464857797755,0,Low
5d7a52a582,0.049805878934991096,0,Low
5d7b2b1bb2,0.3115266139854994,1,Medium
5d7f24f8a6,0.06724996981825157,0,Low
5d83a38fce,0.12283118821432643,1,Low
5d84c954f0,0.05015455942088447,0,Low
5d8740f69f,0.08354612105380434,0,Low
5d88394ec4,0.06420061838313207,0,Low
5d8b04b3de,0.043209063752892185,0,Low
5d8f99e6c4,0.06495872102289711,0,Low
5d9116b385,0.32894518953392615,1,Medium
5d9e057981,0.057806184733678614,0,Low
5da04201e3,0.1919400524033504,1,Low
5da5710013,0.05942600240107746,0,Low
5db0b4bace,0.06525675145301171,0,Low
5db9b374e8,0.24009629022989415,1,Medium
5dc59ee2ef,0.11668278610425019,1,Low
5dc8dd481c,0.03693465595235719,0,Low
5dc9bb1d6a,0.1648060702759466,1,Low
5dd417855f,0.03422767636629176,0,Low
5dd527ba75,0.2982889597789336,1,Medium
5dd5e9f890,0.04149181833265963,0,Low
5dda41d3a4,0.08737893658184942,0,Low
5ddac5a664,0.026254201800039293,0,Low
5de67409b9,0.06629740211969617,0,Low
5df0255dcc,0.2046703443258076,1,Medium
5df2bd52b5,0.032568200392901016,0,Low
5df4ab610e,0.21178833191227686,1,Medium
5df545d132,0.08085192477282792,0,Low
5dfe23dfe8,0.10780811373172572,1,Low
5e0657cf7a,0.19464740481029474,1,Low
5e0809cea9,0.04847586196803097,0,Low
5e0fd596e7,0.0862472657980861,0,Low
5e11903940,0.06848667958208202,0,Low
5e1a2ef5d4,0.02094328601770889,0,Low
5e1c4c3581,0.2826981856663113,1,Medium
5e1eb8ab6e,0.3310321493097052,1,Medium
5e2017cbde,0.102131923711867,1,Low
5e218ac6e3,0.25879154379113434,1,Medium
5e2426f7e5,0.10004075963202264,1,Low
5e2704d8ee,0.4091687145675279,1,Medium
5e2b645f61,0.17121289141599721,1,Low
5e2e42d656,0.14999130790280985,1,Low
5e342408a8,0.020965524620654284,0,Low
5e39395010,0.08444480393170231,0,Low
5e3b6c4693,0.06849723347714094,0,Low
5e3c0808b4,0.05839520480720504,0,Low
5e40987494,0.037241353124489986,0,Low
5e44a107c5,0.15011214786840546,1,Low
5e45d98265,0.16846953909704773,1,Low
5e49e78a57,0.04106277365711123,0,Low
5e4a4d88a8,0.4291358698948001,1,Medium
5e4c9b68f6,0.04594014240863625,0,Low
5e5739c349,0.5508438184287491,1,High
5e59c17412,0.08513499449559002,0,Low
5e5a67822b,0.051569130537845946,0,Low
5e5ab5316f,0.06257580314313241,0,Low
5e60ba72c3,0.11486883216676246,1,Low
5e6824456f,0.01878420833959219,0,Low
5e6980c03b,0.03763152074756717,0,Low
5e6c077ba2,0.13608728997800817,1,Low
5e760a87f4,0.19412942855395124,1,Low
5e76ea09a8,0.017336221877167608,0,Low
5e79eeabdb,0.1738220237387343,1,Low
5e7b4c5bcd,0.1763644352302292,1,Low
5e7c7ec9c2,0.02910880485933925,0,Low
5e7cc01efc,0.06791313512240364,0,Low
5e7cec8098,0.030744692013072016,0,Low
5e7d708568,0.07452849365027965,0,Low
5e81fe1e2f,0.083065758355371,0,Low
5e89eb221d,0.12390696060073055,1,Low
5e8a9384a6,0.16698134576904303,1,Low
5e9109c9a1,0.25069921892907143,1,Medium
5e96c9f9e5,0.1185628232614991,1,Low
5e9c5918ef,0.1344001325049578,1,Low
5e9ed02da5,0.2604137487413753,1,Medium
5ea40fd616,0.08964133858062288,0,Low
5ea4b268ff,0.18874430928852395,1,Low
5ea6dc1783,0.03961672185371042,0,Low
5eab64effa,0.07483593371141792,0,Low
5eae4825e1,0.17600558644805317,1,Low
5eb00b5e31,0.23652027107900894,1,Medium
5eb073cc6b,0.02133680924290575,0,Low
5ec15fdf07,0.4469244645346482,1,Medium
5ecb215741,0.3297254275307401,1,Medium
5ecfcfca9c,0.16672850968822042,1,Low
5ed1ace0f4,0.03220704934578063,0,Low
5ed32ab3b9,0.11199196036247354,1,Low
5ed78ba0e4,0.2023592580291862,1,Medium
5edb9cead9,0.07733582634897232,0,Low
5edc216ed8,0.12101291055219078,1,Low
5edd46aa31,0.028273076864083098,0,Low
5ededbb52f,0.12336636207929112,1,Low
5ee2329991,0.048004231754250636,0,Low
5ee45dc848,0.13844868606046554,1,Low
5ef2596be4,0.06911319322362913,0,Low
5ef2628c7e,0.10662823502458303,1,Low
5ef97dafd9,0.07267523630675123,0,Low
5f0a2a124e,0.14751018722896572,1,Low
5f0b8f9d61,0.059619908342027385,0,Low
5f0e420d52,0.07036513735024566,0,Low
5f17ac0be1,0.07557702071960773,0,Low
5f29d9560e,0.36454871833738073,1,Medium
5f2a0a6510,0.02444890482243882,0,Low
5f2e61318d,0.0636610941768676,0,Low
5f2f7e097e,0.6114185818882208,1,High
5f35464109,0.14883499720041385,1,Low
5f3736b32f,0.175771613128663,1,Low
5f39c41739,0.1104109575439047,1,Low
5f3b205d06,0.12182664517448284,1,Low
5f4054302e,0.07206035538801146,0,Low
5f405a47c7,0.15342078262911532,1,Low
5f45477ef4,0.269439621213534,1,Medium
5f485a1777,0.15348868360746318,1,Low
5f50cfef5a,0.15440588101358244,1,Low
5f541900cd,0.1143232642404754,1,Low
5f5af9f9f4,0.30269833616171343,1,Medium
5f5b3cccdc,0.1253585660323822,1,Low
5f60e628ef,0.04684297157573914,0,Low
5f63dbaa90,0.07000761280809378,0,Low
5f64a9cbc1,0.07391376278661782,0,Low
5f675d53d3,0.19375615751469286,1,Low
5f6ba66e48,0.3486489134121229,1,Medium
5f6c359eff,0.08858083798083656,0,Low
5f7149ea1a,0.08886712665139086,0,Low
5f72053433,0.08217201004737897,0,Low
5f75b0495f,0.12386209394615254,1,Low
5f75bf1463,0.08148375620638504,0,Low
5f7976195a,0.2513603534354666,1,Medium
5f79a7db93,0.20146773879315577,1,Medium
5f7d9e630e,0.12951460065162387,1,Low
5f800b20ef,0.0659806905432337,0,Low
5f89d0bd2a,0.07902332673000326,0,Low
5f8a4b31d2,0.05302633396751237,0,Low
5f8a824aca,0.13537612121711093,1,Low
5f95723f33,0.05975305051247922,0,Low
5f96f00c0b,0.049545996941193556,0,Low
5f9804d619,0.03745203286328055,0,Low
5f98e0fe38,0.1778570477708987,1,Low
5f9a0486a6,0.10596683900344307,1,Low
5f9f14ba50,0.03619889680590263,0,Low
5f9f6f7ed8,0.18355919357921724,1,Low
5fa33115cf,0.06356409394692121,0,Low
5fac45a15f,0.029134157758391625,0,Low
5fae9f2cd5,0.11092288537092962,1,Low
5fb3f5993a,0.033733756778498755,0,Low
5fbe8d5764,0.09508162302104603,0,Low
5fc23cdfb7,0.06963792305230418,0,Low
5fc49a2954,0.04664106405476868,0,Low
5fc692947b,0.015136180156638875,0,Low
5fd5d3d5d2,0.10153468521498787,1,Low
5fdf1d6288,0.06832235187915599,0,Low
5fe0b9e4b6,0.30515881059014943,1,Medium
5fe109a7ef,0.0794331512669961,0,Low
5fe79d3f93,0.2143975058928301,1,Medium
5fe7e3bf28,0.08888181613994933,0,Low
5fe8f1ad3b,0.02680937733683668,0,Low
5febec7efa,0.1025542497792005,1,Low
5ff1d7a563,0.05426021795250286,0,Low
5ff4e04178,0.3121666296988881,1,Medium
5ff5122635,0.021624531309413237,0,Low
5ff51f20db,0.1958277491622024,1,Low
5ff5a60a4b,0.16637330178157733,1,Low
5ff6caf038,0.19150708416575465,1,Low
5ff6dfcf9d,0.06072366130018699,0,Low
5ffb2775ba,0.08460760306081919,0,Low
5ffd8e2c1b,0.07028720327307708,0,Low
5ffed73f7c,0.10002521566468771,1,Low
6003992940,0.14587903378369685,1,Low
60061a7476,0.0583398869889545,0,Low
6007be149f,0.11601608373697092,1,Low
60084cbe51,0.03505441636877294,0,Low
6009442aed,0.2896176411682432,1,Medium
600c0e280a,0.23088542668705236,1,Medium
600c966b3a,0.12324888255615814,1,Low
600cfdb66a,0.06118292880777805,0,Low
600d67863a,0.01795794442787893,0,Low
601001b404,0.6571819534035805,1,High
6012504c7d,0.1581177977712794,1,Low
601bb5205c,0.16878818622080738,1,Low
602113d19f,0.4970737902983454,1,Medium
60383cc4a8,0.19789728688813282,1,Low
604229f402,0.2028691218016584,1,Medium
60428cd6d0,0.10858623340862325,1,Low
604696ab38,0.08440489121732404,0,Low
6048448008,0.1984268363398859,1,Low
604be22fd1,0.16990436973073192,1,Low
6053b88c50,0.08614265192759832,0,Low
605f5b5927,0.2538254328084459,1,Medium
606175447f,0.1441409819088285,1,Low
60643a4074,0.10901762883116946,1,Low
606cd3bdef,0.07626087556455777,0,Low
606de601a7,0.15359173478106444,1,Low
606df744d9,0.08774611824864864,0,Low
606ee743c2,0.12767257195859916,1,Low
6070da8adf,0.29691335405241803,1,Medium
60719d1a92,0.49215158743560844,1,Medium
6071fe3885,0.1425681105345448,1,Low
607436b948,0.4948074024162517,1,Medium
607a822dce,0.018076655171563018,0,Low
607af071bc,0.41424626013286936,1,Medium
607c56a0e7,0.016926299239542544,0,Low
607e0fc318,0.0843341638762986,0,Low
607f03a86e,0.15216312959690104,1,Low
60805f2569,0.07258720019423578,0,Low
60806091cd,0.0745396020046793,0,Low
6086f72abb,0.44490153021209977,1,Medium
6087af8307,0.03281005956779285,0,Low
6089956c40,0.026171998751628647,0,Low
6089b0732b,0.11577249049997526,1,Low
608a2f3a87,0.05959185112811787,0,Low
608b63217e,0.195593258001819,1,Low
608d921aa7,0.16505029645393504,1,Low
608e132700,0.08120192975015775,0,Low
6091c9c072,0.06536736108071102,0,Low
60927e90a0,0.19447260613496029,1,Low
6096614223,0.17618171854802225,1,Low
6097b386a2,0.16018177152855134,1,Low
609d3cd515,0.17265473148298696,1,Low
609dc8743a,0.14177361357379667,1,Low
609fa1d613,0.12160547355591753,1,Low
60a02acb46,0.07580596221848317,0,Low
60a23fad87,0.11338730473445507,1,Low
60a5900201,0.15317459058582542,1,Low
60a9de7155,0.0686149236914536,0,Low
60aaaffd76,0.059303846792620525,0,Low
60ac626802,0.20285637736137482,1,Medium
60b09c2994,0.07391013583139845,0,Low
60b714c0e8,0.22578228301202025,1,Medium
60bacb0522,0.0442435771240771,0,Low
60c112fd18,0.16967698667858813,1,Low
60c11b79ed,0.10481049960200631,1,Low
60c5d4a4d0,0.3089324809294354,1,Medium
60c76b0a68,0.15734801121162914,1,Low
60c7d261e3,0.07405421223381232,0,Low
60cd83e9c7,0.02597788402736182,0,Low
60d1bbf7ad,0.167547186362722,1,Low
60d363357e,0.03256879223618364,0,Low
60d423a19b,0.03466511212823934,0,Low
60d488f6ba,0.3638313216163857,1,Medium
60d4c4003f,0.1690129742823364,1,Low
60d9c83618,0.23128900395290208,1,Medium
60de0ff50b,0.04567118971746824,0,Low
60e1885042,0.1554767484092074,1,Low
60ea90feaf,0.026046765482492053,0,Low
60ef97c62e,0.09517454878095771,0,Low
60f45bfe9e,0.5862567103901273,1,High
60f49e8c19,0.22224659432766658,1,Medium
60fa623d20,0.2394280136585242,1,Medium
60fd848eae,0.13270086693417202,1,Low
6106ac1939,0.05417399308803766,0,Low
610b475660,0.10371437571359546,1,Low
6110d600e5,0.037151403623025506,0,Low
611735aba2,0.09958001652861845,0,Low
6122e2271e,0.08325701665417781,0,Low
61242cf937,0.1705630205331625,1,Low
612c1ceb38,0.25479448250210635,1,Medium
6137465679,0.08718749443167473,0,Low
6144384ef3,0.03931722538983468,0,Low
6147b274f6,0.11078400424444039,1,Low
614db3b552,0.036942257558997285,0,Low
614f4ff6c3,0.062042819708483084,0,Low
615142a7a2,0.10047180078776645,1,Low
615665f354,0.4769004436422195,1,Medium
615714fc3b,0.16037524118994612,1,Low
61595d91bd,0.1267958282313852,1,Low
615964d76c,0.10920218056208027,1,Low
6159c7e662,0.12097678454872292,1,Low
615a869767,0.2253752504304481,1,Medium
615c2371be,0.012343546743290097,0,Low
615c28747c,0.29423780619464657,1,Medium
615c6258fd,0.04683953873476849,0,Low
61600aabb7,0.05931651388639235,0,Low
61669f4d79,0.125265298514641,1,Low
6167f45fd8,0.09108636359012093,0,Low
616c1bbe15,0.1019208915782389,1,Low
616cc4bb92,0.1915554741923833,1,Low
618084633d,0.0288149252296714,0,Low
6185a5c01e,0.5168990270881124,1,High
6187b109a0,0.040315674604988784,0,Low
618bc8b229,0.23783133297583117,1,Medium
618c511f06,0.1555282557271381,1,Low
618c748868,0.13314564652201158,1,Low
619b40a3df,0.4898641614478217,1,Medium
61a119a218,0.1397590397115841,1,Low
61a43667d3,0.1380096569412448,1,Low
61a574a1f6,0.6192796881537772,1,High
61a9014910,0.0498677274356608,0,Low
61a9191224,0.04168240795475658,0,Low
61a961f4be,0.24805861764580542,1,Medium
61afe3fb07,0.01013536520206322,0,Low
61b09e62da,0.1650708117909468,1,Low
61b11d34ce,0.04452603190369091,0,Low
61b8974f88,0.12696585696155782,1,Low
61bc862542,0.03515641048604769,0,Low
61c8b1d803,0.17244001007243528,1,Low
61d31a48db,0.0623953987602195,0,Low
61d3ed0436,0.06223946313592408,0,Low
61d4ac0883,0.0969028893085286,0,Low
61d69fee35,0.10131203810732708,1,Low
61d6d40ca9,0.061257836151971036,0,Low
61d7144de6,0.052803844241397405,0,Low
61db5b9341,0.028501010748057956,0,Low
61dcce1c2e,0.07526715377524651,0,Low
61e7cc89d2,0.29731172490801716,1,Medium
61e82b40b1,0.24697116757685741,1,Medium
61eaa73c2b,0.08262189553177665,0,Low
61edac013d,0.03908472857961355,0,Low
61f1e6747f,0.11910523524794094,1,Low
61f72f4486,0.039118726635332425,0,Low
62013b6a2f,0.2783241203630547,1,Medium
620412ecb7,0.07125546079191758,0,Low
62109842da,0.1226441014942098,1,Low
6211c9bf85,0.03894343465731829,0,Low
621457c484,0.5254567379868732,1,High
6214bcedb0,0.09131277246759602,0,Low
6219138a93,0.12978109397049822,1,Low
621bf3c4e1,0.16327711418655028,1,Low
621cb5c951,0.2377927210165048,1,Medium
621d4964ec,0.054772827063577056,0,Low
621f0659a1,0.03683619669998337,0,Low
621fd7da42,0.06059460056102339,0,Low
622c0eaaaa,0.6677609596693049,1,High
6230d7d5c3,0.136570653329553,1,Low
6234c5fffe,0.1463137145526369,1,Low
623ab94fb9,0.35249139425408127,1,Medium
623e2a5eb9,0.23748779833208974,1,Medium
6240e62b0b,0.14585713154077895,1,Low
624262c2a2,0.2255089595316195,1,Medium
624761212c,0.18598378537436322,1,Low
6248201c3f,0.2249998287284679,1,Medium
6248934796,0.06314022255037108,0,Low
624b79537f,0.0776035225856365,0,Low
624cf3c0a1,0.10806670593626266,1,Low
624d4d8dfc,0.20126928843551586,1,Medium
6251041eeb,0.033154815610730554,0,Low
62510b9b1d,0.2325124569755559,1,Medium
625c9457ac,0.3297328243690531,1,Medium
625ec95523,0.05532473959048439,0,Low
62614ae5f9,0.25962729346661206,1,Medium
6263723fe2,0.18253644661028715,1,Low
6267d3de46,0.0770193375369428,0,Low
626f4735a6,0.4409578731155909,1,Medium
626f721571,0.17296799518686845,1,Low
627548962f,0.21853582540457994,1,Medium
62789373cb,0.0678205083375586,0,Low
6279d22cc1,0.08170018174368067,0,Low
627aaaa62f,0.2079075650460058,1,Medium
627bb4d5ee,0.09657734885500563,0,Low
627fdfc9af,0.09644795745038762,0,Low
6282486235,0.16481307963765374,1,Low
62850383f9,0.12023427894111188,1,Low
62860eefa2,0.092966146050685,0,Low
6288c22257,0.2713087716671572,1,Medium
6288ddab97,0.15465926798606355,1,Low
628c3120be,0.1838608509224233,1,Low
628cf24a48,0.3470050717548427,1,Medium
628e38efc2,0.05048334464885762,0,Low
62901d7656,0.03530744540151138,0,Low
62963a2bbc,0.030138203841171166,0,Low
629a1d7922,0.12267459459826749,1,Low
629af647ce,0.06640148887777748,0,Low
629daf660b,0.0912455035529236,0,Low
62a08ae4bc,0.07214251184357803,0,Low
62a4ac5694,0.04467246898471811,0,Low
62a6676f55,0.11705659108911058,1,Low
62a849bc58,0.10095302024502666,1,Low
62b6a1cea4,0.029458358652453876,0,Low
62badc52e5,0.05781937739811951,0,Low
62bb8dd59f,0.09685197147872467,0,Low
62bfb99634,0.14383472187353152,1,Low
62c71caf1d,0.16207954115477066,1,Low
62c7cff428,0.289724378246415,1,Medium
62cbf4499a,0.04956943717201445,0,Low
62cd3c7c57,0.14840987085449403,1,Low
62d08d1440,0.1324367759875462,1,Low
62d3e9fdeb,0.044575305498889994,0,Low
62d6b4cb34,0.12950301192483724,1,Low
62d749e84a,0.17376853448862392,1,Low
62d91f6fdf,0.23396709103045227,1,Medium
62de6e2804,0.1344360874030608,1,Low
62df9d66c7,0.11750622865238354,1,Low
62e1e29303,0.21438044821766247,1,Medium
62e3f0d980,0.07921890451816997,0,Low
62e6b694c3,0.07016182769009242,0,Low
62ecd41dd6,0.1347995316283703,1,Low
62f16c0dcb,0.183716938064662,1,Low
62f42f37bb,0.07284741090313256,0,Low
62f7978573,0.5725308360676173,1,High
62fca277f9,0.28763357073347695,1,Medium
62fcf2478f,0.028084699295029002,0,Low
62ff509c34,0.03478127288665588,0,Low
630014fd72,0.05501516195472793,0,Low
63060aafcd,0.13798102909318394,1,Low
6308067357,0.13543316029460586,1,Low
63137f9943,0.18493328832957986,1,Low
6314850a35,0.17410953753947322,1,Low
631697c639,0.4821498506714544,1,Medium
631c0fd8b4,0.8508944795358323,1,High
631d59c880,0.058164479117686935,0,Low
632438e30d,0.02311261401480991,0,Low
6325fed8d6,0.2126468955805624,1,Medium
6327c9b057,0.12112646321126092,1,Low
6328f6859b,0.09796378760637152,0,Low
632a2ca192,0.058339901303254296,0,Low
633b6c8173,0.06309679100411225,0,Low
633c5c1d3b,0.08833318530175906,0,Low
633c77d288,0.20194378423278594,1,Medium
633efca7e1,0.2795880648928424,1,Medium
6340704915,0.15585557530204858,1,Low
63407f2436,0.18114860436488364,1,Low
63441cd5d4,0.11425205800836756,1,Low
63470fcfa9,0.1571688040941141,1,Low
634d424955,0.08009186680596163,0,Low
634ea12dd2,0.2366094363962181,1,Medium
634ea33317,0.16924483515613312,1,Low
635ecae006,0.17250929256000902,1,Low
6360d6871e,0.035508156047945064,0,Low
6362c7e717,0.5987302072421883,1,High
636a8a8c93,0.10248757528134274,1,Low
636af1cf00,0.05581504587991589,0,Low
636c4ccdb6,0.24375128338035512,1,Medium
636dc0b8ed,0.07380250371479367,0,Low
636eaed2ac,0.2641970200501742,1,Medium
6373204f9c,0.11618557683290776,1,Low
6373ab39d6,0.11494448482093145,1,Low
637e65c960,0.059405754547507475,0,Low
63838192b4,0.09204127352594953,0,Low
6386cf0ba1,0.04025006134397284,0,Low
638dd8b7a5,0.13133240964968645,1,Low
63927756f5,0.1263364892297501,1,Low
6392b01c0a,0.15904656278530338,1,Low
639362f631,0.21260026503114882,1,Medium
63946f4372,0.10855918550596719,1,Low
6395943428,0.13737674465805397,1,Low
6395d54c8f,0.30525818319373704,1,Medium
63a1240586,0.05998573035468429,0,Low
63ae4d336d,0.041692553687960314,0,Low
63b4451f89,0.11940553929560412,1,Low
63bce0561d,0.16335085854275017,1,Low
63be701c19,0.0841683832489826,0,Low
63c2ff3ddf,0.17610037105637616,1,Low
63c3b8ff4b,0.2571405013003081,1,Medium
63cb2f9624,0.25868246057125677,1,Medium
63ccd3bcc6,0.07392933620735191,0,Low
63d02da619,0.36279213725472365,1,Medium
63d178b825,0.06525967911219611,0,Low
63d1db902d,0.15599246427479618,1,Low
63d944aaad,0.02464355286909355,0,Low
63e037f38b,0.03609524788652926,0,Low
63e7bc4cf0,0.09433388423446674,0,Low
63eb313517,0.043913899444993326,0,Low
63ed4e71b7,0.6329347797535199,1,High
63ed7ab80e,0.04980061839754961,0,Low
63f63ac2bc,0.11978055325801233,1,Low
63f7c72fad,0.5417966276059989,1,High
63fa781f5d,0.058552660303377635,0,Low
63fa89d64f,0.07918639036131596,0,Low
63fd67854f,0.07569905449207745,0,Low
63feaba676,0.1219442742352663,1,Low
63ff796166,0.13319605541910975,1,Low
640651e569,0.15675956961701756,1,Low
640797f9cc,0.04106910647921923,0,Low
640b2a3cc6,0.202962117405877,1,Medium
64112ecc7b,0.045161351159813866,0,Low
64158bef88,0.02762238377604006,0,Low
6415cd899e,0.13140526897027116,1,Low
6418bd1b14,0.22789005590593306,1,Medium
641e1ec269,0.05882335237600802,0,Low
6425af39b7,0.105764933467235,1,Low
642a525099,0.06506952947486287,0,Low
642a573c5e,0.11283100963439169,1,Low
642b4c19ff,0.03468349812877918,0,Low
64322df9e7,0.06652018797348094,0,Low
6434e55e17,0.13951811439999307,1,Low
643509fc12,0.16649720218478697,1,Low
643b0a1ff8,0.13251866296695775,1,Low
643bba704c,0.25555912212994614,1,Medium
643f6b2290,0.13209826223447335,1,Low
644316f821,0.058753191737164465,0,Low
6443355655,0.10162833154481724,1,Low
64442b72f9,0.23213094779613777,1,Medium
6448cae4bf,0.06240495856806278,0,Low
644e7656ab,0.20451279164603245,1,Medium
644eb64089,0.0749604409518623,0,Low
645225683d,0.04355230219819663,0,Low
645584489b,0.17404634857940515,1,Low
645a9c8a53,0.3327433054258311,1,Medium
645e7ab36b,0.23272342175452657,1,Medium
645f63e729,0.08362933780656545,0,Low
64604f00ee,0.13821264347674472,1,Low
646f3321bd,0.2655256709300913,1,Medium
64700d9044,0.06157048025884195,0,Low
64765fb234,0.03740254086510764,0,Low
648066fa0f,0.2638883541270943,1,Medium
64827dc0a4,0.023714241307152606,0,Low
64930fe271,0.12335317358022752,1,Low
6495e43b94,0.36945605542011967,1,Medium
64a2131634,0.036280388752559026,0,Low
64ac17beec,0.07769753759715528,0,Low
64b46d17fa,0.12753500432575032,1,Low
64b7161272,0.028392558916646164,0,Low
64bab4bc47,0.12682209184134996,1,Low
64bd2ab47b,0.035344675356084966,0,Low
64bf064862,0.1309811618838306,1,Low
64c1013426,0.06554273810687221,0,Low
64c8850704,0.2380780148930648,1,Medium
64ccd2fc53,0.034554171521247776,0,Low
64d0f69723,0.05784406971371483,0,Low
64d2f8e803,0.2167028384232838,1,Medium
64d5b88d63,0.10515632503307948,1,Low
64d5e119f8,0.26450994900097075,1,Medium
64d8169aa8,0.11450717196915525,1,Low
64de9994dd,0.08315790710943319,0,Low
64e051b9b1,0.17328516428349405,1,Low
64e3ecb000,0.09929291260265317,0,Low
64e9e5ce6f,0.1305362470528936,1,Low
64ee1fea21,0.1871554880550586,1,Low
64f0737607,0.5099175720019917,1,High
64f851e251,0.05737433226703362,0,Low
64fd1b5b0f,0.07333265076054368,0,Low
64fd8cec2f,0.395421504539955,1,Medium
6501452801,0.03519448505937441,0,Low
6505bc14da,0.06468287993917989,0,Low
65069dbade,0.26547236280249326,1,Medium
6509402f1d,0.23211891021309716,1,Medium
650a64e289,0.07182048046065365,0,Low
650ad91259,0.1350010254192634,1,Low
650d0e8191,0.055943622226296674,0,Low
650d675cc5,0.1208473532784642,1,Low
6510c4c29f,0.13379436414532736,1,Low
651605f200,0.052054178253413255,0,Low
651cbf9db3,0.18548260846002948,1,Low
651fed181d,0.05575122247478262,0,Low
65245e092b,0.05836932626373198,0,Low
653664738d,0.19072978067734342,1,Low
653724ab85,0.04570978229152554,0,Low
653f5a71ec,0.05508945054545224,0,Low
6542cf9387,0.1896780584302054,1,Low
65496d2e67,0.114545450268718,1,Low
654985907b,0.08608431416602542,0,Low
654c65b4d2,0.28659964125820525,1,Medium
654e430641,0.0667131624503198,0,Low
654fb130e1,0.02907962543909363,0,Low
65523cfa82,0.2178584904809282,1,Medium
65523f4614,0.1743705915069913,1,Low
6555573797,0.08790026665504506,0,Low
6557055e47,0.05718876104292732,0,Low
656080e0a0,0.12387209166615908,1,Low
6561b14fff,0.05698871403839531,0,Low
65628babfd,0.04263838068509549,0,Low
6563df876a,0.06913720296525354,0,Low
6567565ff5,0.18493792393846423,1,Low
65694c584c,0.1604251074269278,1,Low
656f089418,0.2105736625470072,1,Medium
6574de50f9,0.13954724684273637,1,Low
6576ca5b31,0.08585483399479331,0,Low
6576d3efec,0.2196756305201975,1,Medium
65792d5dfa,0.25362339579481663,1,Medium
658516e8db,0.0534062059120418,0,Low
658c47f560,0.3522603026291352,1,Medium
658cbf4270,0.10571761677654937,1,Low
658cd8637d,0.06447430025300127,0,Low
65916e36e3,0.05842385514837106,0,Low
65943ff6c7,0.14981419989011469,1,Low
659807081d,0.14588969694411003,1,Low
659dbf5fb3,0.06570352298864938,0,Low
659ee21245,0.3518118599579365,1,Medium
65a0301765,0.20164819131010642,1,Medium
65a299dfe8,0.06572734133134046,0,Low
65ac7cd766,0.07652707593451666,0,Low
65b24ca4cd,0.08949344285128334,0,Low
65b5696825,0.0690580390051796,0,Low
65b679029e,0.16930409790196232,1,Low
65bdc1ccfc,0.04010290557731056,0,Low
65bf871c28,0.06753110709499616,0,Low
65c176d2c8,0.13187686928827402,1,Low
65c19c3e2e,0.11380997390210863,1,Low
65c1f67711,0.04008975569235275,0,Low
65c20618e6,0.19861032324082217,1,Low
65c9e30b2f,0.32799296417637464,1,Medium
65cb3259b5,0.28071370155365477,1,Medium
65cd2aad19,0.0832053815578749,0,Low
65cd74f3df,0.0450117907202337,0,Low
65d226097b,0.04830460831018268,0,Low
65d45b5fb7,0.2019580968630283,1,Medium
65d775dc03,0.16968519745958496,1,Low
65d840bb06,0.24582374844135174,1,Medium
65d8cda620,0.05987594130395855,0,Low
65dd468b49,0.07309478886970212,0,Low
65e0aa764d,0.6982733995166379,1,High
65e65d198e,0.05383984182033834,0,Low
65ebdcfd7c,0.1058860397562754,1,Low
65ef4eeafa,0.02923669172388232,0,Low
65f353d5a0,0.2028072745699126,1,Medium
65f4c2ae2f,0.1734720428431549,1,Low
65f8945998,0.038903728537220024,0,Low
66004c177a,0.11356907352832625,1,Low
66015cec54,0.12702888919519761,1,Low
6606616b39,0.061074560988868064,0,Low
660767f640,0.05094058170409976,0,Low
6616c60c99,0.21607664686392625,1,Medium
66170c9320,0.03324569279170441,0,Low
661a0a692c,0.12394573033895902,1,Low
661ab79349,0.1685023589015574,1,Low
661d5e7b7d,0.09790926432847645,0,Low
662328eab4,0.1511512446858885,1,Low
662f4bec43,0.14601888622176695,1,Low
66307aaf0b,0.05361041912910051,0,Low
66374cc802,0.062385233094784394,0,Low
6637ff6a8c,0.01591806329293638,0,Low
663cd772f9,0.1618921572309388,1,Low
664cf89a5a,0.058062807550347116,0,Low
664fd8c118,0.057070129493225534,0,Low
6656a1dc99,0.12205019357498137,1,Low
665a67a3fb,0.14998003549131014,1,Low
665ce0c3bc,0.09282522878298706,0,Low
665f4f99f2,0.21353835704732482,1,Medium
665f73725d,0.21626247728524312,1,Medium
6660b6aa70,0.158136858021903,1,Low
666c31543a,0.06949574743659291,0,Low
666e19a329,0.19186940939093958,1,Low
666e39a637,0.22775960179681837,1,Medium
666fafaee6,0.022336996654694137,0,Low
667209b9f5,0.08214641907896506,0,Low
6672eb15c1,0.04707746098277694,0,Low
66761e16e4,0.1371084371574445,1,Low
667b9b60fe,0.04509051499228274,0,Low
667d2bb402,0.16997299087592432,1,Low
66862530b5,0.07913373541238505,0,Low
668afc5acc,0.13316052708873755,1,Low
668c2eca79,0.11263286470904883,1,Low
668c85c86e,0.05253436487369921,0,Low
6690306d13,0.08904458308688365,0,Low
669207ef5b,0.08216193683136469,0,Low
669229b075,0.1818120489015599,1,Low
66949e6d24,0.03641872868808029,0,Low
669b8e1a39,0.05283126132614552,0,Low
66a247c668,0.08832191121174177,0,Low
66a2862f9c,0.28904147457850976,1,Medium
66a4464de1,0.04883030647286385,0,Low
66a803573a,0.10471650059885346,1,Low
66adc7f698,0.238253277497224,1,Medium
66af3f088a,0.08107281901420134,0,Low
66b224a420,0.06295661610017414,0,Low
66b7447cdc,0.1494929667510163,1,Low
66b7c1f4c6,0.03137392686178566,0,Low
66c20a46c0,0.0332495798449945,0,Low
66c2ad3736,0.08921305252023118,0,Low
66c5257e19,0.1404834039359607,1,Low
66c57d11ea,0.05863308582686591,0,Low
66c5a9a8d0,0.15839200521851857,1,Low
66c7e09484,0.05608307998157182,0,Low
66c916cb80,0.2615838736882715,1,Medium
66cb296522,0.13878125261653304,1,Low
66cb2fc788,0.02988626163152247,0,Low
66d675607e,0.03917457485901877,0,Low
66d896bc77,0.089105238864197,0,Low
66dd43f81d,0.09636653977289894,0,Low
66e1e8211a,0.17454712260945246,1,Low
66e2ab874d,0.5484532423634804,1,High
66e3bb2b7a,0.0498243783373566,0,Low
66e4201a81,0.07980101441676521,0,Low
66e456991e,0.053989406739748065,0,Low
66e9d6d3b6,0.025121912202640533,0,Low
66f662417d,0.1208819569603263,1,Low
66f93fe998,0.15578542338889487,1,Low
66fd80c3cf,0.04740119493669519,0,Low
66fed2178c,0.2575654776198202,1,Medium
66ffc62eb1,0.16369209566872756,1,Low
67039fae63,0.08763939711196043,0,Low
6708e51b1e,0.08600497151448025,0,Low
670e6a1769,0.036843395447109586,0,Low
6720da34a5,0.11362678797104253,1,Low
672332fe1b,0.021520831745317263,0,Low
67265a32b1,0.010755987566884756,0,Low
672910dccb,0.7357771370499033,1,High
672f7e95df,0.045098630681427124,0,Low
6730e0ce20,0.04679289527506653,0,Low
67310aec37,0.19364552426436576,1,Low
6732d6b9f3,0.12325428603176296,1,Low
6733b32dfe,0.13213507409328645,1,Low
6737a6db06,0.17761280115300815,1,Low
673af5e454,0.24540467926761267,1,Medium
673b52dc50,0.06799332868800397,0,Low
6744eec6b2,0.15475453840932032,1,Low
67486f0498,0.21328074375439193,1,Medium
6749d2c7ee,0.22671075464145304,1,Medium
674bb4e8fd,0.1314853330425292,1,Low
674bec20f8,0.08927133982819878,0,Low
674d2e03f4,0.022762969323381215,0,Low
674fb9b9bf,0.05406302045902508,0,Low
675070e3a8,0.14609954491527977,1,Low
67513cf764,0.020841482239740146,0,Low
67523bf55c,0.13534100480271163,1,Low
675777136e,0.027238851418481397,0,Low
67583b051e,0.028968296935824114,0,Low
6758a6655c,0.08406428040675618,0,Low
675ec2e161,0.1773552607643051,1,Low
67600e011f,0.019458157639064493,0,Low
67628af9c1,0.12035629299028135,1,Low
6765b246f9,0.04179438745172845,0,Low
676eb3b7c4,0.03211644697369505,0,Low
6773b6aff7,0.09051125862421293,0,Low
6775c9f81e,0.11543098730005726,1,Low
6777c69998,0.12197333174941759,1,Low
677915d93c,0.14974475312325639,1,Low
677bcf10dd,0.08624785020957257,0,Low
678086a31e,0.12349794428581592,1,Low
67837411c5,0.07373839440419143,0,Low
678b0bccf5,0.21675114627503883,1,Medium
678b7276e5,0.06642594035149976,0,Low
678bb5ca73,0.21077874573871264,1,Medium
678c15decd,0.04237311890868692,0,Low
678cbcf5fc,0.08615156636857271,0,Low
678de1b702,0.14179431102568293,1,Low
678e4caf96,0.031800252702720806,0,Low
678ef7fb1b,0.022527995295989055,0,Low
6794a5098f,0.06699022451367069,0,Low
67951d5c0c,0.18875037468941477,1,Low
67952bcd92,0.10378149739328901,1,Low
679bd33555,0.1500368877112265,1,Low
679daa7af5,0.31988245558624623,1,Medium
67a0bcd27a,0.0569798038763692,0,Low
67acd92207,0.07569998170828572,0,Low
67afc70815,0.04099678661504462,0,Low
67b20508e8,0.22253958492772055,1,Medium
67b2392f6f,0.07415145837196695,0,Low
67b807d4d6,0.10703767730530413,1,Low
67b89a33d3,0.36293067754091396,1,Medium
67b97e7209,0.07400402693815913,0,Low
67be9dc215,0.14104895942002926,1,Low
67c1076040,0.22524440480811583,1,Medium
67c1ce26c3,0.15709423630141242,1,Low
67c8595882,0.13103019338140087,1,Low
67cd66d592,0.1268633268582553,1,Low
67cfaec2f0,0.04866197801890371,0,Low
67d10faec9,0.1500368816800756,1,Low
67d3c2b0ae,0.017613876398570694,0,Low
67d4d79c1d,0.059956477084137316,0,Low
67d7adc8fe,0.01955348791231933,0,Low
67d92815fd,0.13767696797084766,1,Low
67e0bd184c,0.6030828004427443,1,High
67e1b1c747,0.22568021514968173,1,Medium
67e309576f,0.09606253972242655,0,Low
67e5aad3af,0.17992246309629512,1,Low
67ebb1b047,0.11214852671083188,1,Low
67f556fa98,0.02326860669069042,0,Low
67f7da2a9d,0.13256543702345175,1,Low
67f9c80a86,0.0986327478910058,0,Low
67f9f27544,0.11318626712182292,1,Low
67fde39b13,0.11762717031724836,1,Low
67ffe92687,0.2765583303103941,1,Medium
67fff4df97,0.055394672713557545,0,Low
680136bc3d,0.04944762208997862,0,Low
680782003b,0.0651288544184119,0,Low
680a9b934a,0.06998576701614037,0,Low
680cbdd30a,0.36896119420287604,1,Medium
681ab1e986,0.0480660840320292,0,Low
681bafbfb1,0.1819347904047031,1,Low
681bc2bdda,0.2998552686672237,1,Medium
681f4378c9,0.051342635146138765,0,Low
681f931682,0.08618218233108127,0,Low
6820a2fbcb,0.2610979914456539,1,Medium
68216c6e51,0.0947155330403631,0,Low
6826675e90,0.4011404463078472,1,Medium
682840a763,0.11407446601335483,1,Low
682cd4c9a3,0.04522179175789421,0,Low
682de299fc,0.18277732988335604,1,Low
682f6912b2,0.14144584475096209,1,Low
682fc2c6f2,0.07563218436305534,0,Low
6834bc1a49,0.0316683244389995,0,Low
6839041892,0.1225966468605863,1,Low
683fc38474,0.12156328142506048,1,Low
68401de24c,0.18026193979193866,1,Low
6840a7a0d0,0.18916999313109514,1,Low
684b8d3976,0.14654910113679886,1,Low
68530325ef,0.09047244567786017,0,Low
685752bc67,0.08267549117984707,0,Low
685fbe3c69,0.06598834528177885,0,Low
6862aff8a0,0.2168047340142795,1,Medium
68673f21cd,0.12452271917855535,1,Low
68673ff708,0.08579560988228681,0,Low
6869818793,0.07658903996556264,0,Low
686a5ac2d8,0.030180532976749126,0,Low
686b8b1edb,0.12524876206943378,1,Low
686c5de80a,0.09373596098373674,0,Low
686e56bc5a,0.05929015026338586,0,Low
68765325a2,0.01753607294504489,0,Low
68793d74f1,0.024332533588221888,0,Low
68796f379c,0.07485662155564038,0,Low
687b5536e8,0.38890072854480634,1,Medium
6880dd25ca,0.03854842219824806,0,Low
6885d1d02c,0.08597301309133747,0,Low
688940b212,0.0187956920094623,0,Low
689a5150ce,0.029988027519736712,0,Low
689fdc57ff,0.22787779710848627,1,Medium
68a2e3b82c,0.2126154239664578,1,Medium
68a3692f89,0.19889922591931467,1,Low
68a465b631,0.07984476460908727,0,Low
68a5173e3b,0.31138262853206633,1,Medium
68a7cfe697,0.17813928081414965,1,Low
68ada52488,0.16138699476377275,1,Low
68b1cb8793,0.04319000005396786,0,Low
68b1f0f482,0.07884617148619046,0,Low
68b2745bd1,0.1357303601973763,1,Low
68b55ad752,0.09269615925128641,0,Low
68b6895d13,0.309433646240698,1,Medium
68b79ec4c8,0.12464319950599576,1,Low
68c2db188f,0.24118390013285482,1,Medium
68c5ac9e80,0.07089749645294204,0,Low
68c7211106,0.10036741955377178,1,Low
68c732f92f,0.09582522954999892,0,Low
68c8fab1dd,0.10201012122081744,1,Low
68ce270088,0.06624784061233242,0,Low
68cff2392f,0.04452423785045841,0,Low
68decd1c48,0.11887435728328166,1,Low
68e0641d77,0.0730858104433683,0,Low
68e0fd8e99,0.1429539474268532,1,Low
68e515f26a,0.24568573519724102,1,Medium
68e587b0ec,0.10511308447291376,1,Low
68eeeb3096,0.047945406879150484,0,Low
68f0afa776,0.0614609448562059,0,Low
68f0c2c069,0.04584037557812128,0,Low
68f317920c,0.2503418744584769,1,Medium
68f3f6cd3d,0.10254754310159372,1,Low
68f5777246,0.029864494235341724,0,Low
68fc62b428,0.142444153591648,1,Low
68ff54b2e6,0.21117348414010748,1,Medium
6903d0ce67,0.01661933371598456,0,Low
69088c9d13,0.053654526743534915,0,Low
690c501349,0.04176189332505109,0,Low
690d2a71f7,0.2595380689788615,1,Medium
690f37a190,0.16378098999851448,1,Low
691a8de3cd,0.1330693712167622,1,Low
691bb8537b,0.08508501338861636,0,Low
691bbea115,0.07215869236137075,0,Low
691e8cc50c,0.19257858806015227,1,Low
692257ce3c,0.0271705992424302,0,Low
69247b0bf8,0.030651198227097224,0,Low
6926a61b17,0.18024563165407423,1,Low
6926e93c0a,0.039167234575073824,0,Low
692a51efd3,0.017166333549579804,0,Low
692baea319,0.021858402225870918,0,Low
692c1fd11e,0.09514663217657325,0,Low
692e7c8aff,0.0472550947552398,0,Low
692f6428eb,0.03001156654454533,0,Low
693387cb1e,0.05913444005358765,0,Low
693505c0a1,0.06922146999157422,0,Low
693ffa1ab2,0.030864165232035633,0,Low
6940a1eb0d,0.09390982381542184,0,Low
69412bc2f4,0.08679267569293918,0,Low
694304f727,0.07536008946872916,0,Low
6944af5993,0.04831067612924187,0,Low
6946046dd9,0.10566962018072283,1,Low
6947557d79,0.031610239827700504,0,Low
694b4c16da,0.4529887321324127,1,Medium
694c0ead03,0.27874000337609456,1,Medium
6952158c51,0.10904795310615525,1,Low
6960b31a84,0.16988094737135545,1,Low
6966db9464,0.16060626838779302,1,Low
696a02ea57,0.10516634759588475,1,Low
696d2f8966,0.5205122670651513,1,High
69716a2c80,0.07953599125496386,0,Low
6971c72446,0.03109021654638472,0,Low
6977dd3520,0.05607342221360109,0,Low
69795e3689,0.17700006590526823,1,Low
697d7ca93a,0.12881557061577756,1,Low
6984741260,0.08764970733722877,0,Low
69870e982f,0.13850808113498417,1,Low
6987ed193f,0.05513954626832985,0,Low
698914fe40,0.05082754802311676,0,Low
6989ce1513,0.08092436901206256,0,Low
698ad64fa3,0.12135104940516499,1,Low
698bdb2f21,0.09064600941857283,0,Low
69904556ee,0.11520165824299561,1,Low
69907fd5b5,0.16077799278593835,1,Low
6991202da6,0.0971213423128288,0,Low
69937e958e,0.1409024497058077,1,Low
6995bb8a43,0.06716872842633909,0,Low
6996f9ebd9,0.12993571142583699,1,Low
699c096e6a,0.1448468691299583,1,Low
69a2064560,0.1614556550171496,1,Low
69a40df7bf,0.1802084114852632,1,Low
69a5a54aad,0.12580829220120882,1,Low
69a7e433ed,0.052103184815614365,0,Low
69a82d9a91,0.08548994929486235,0,Low
69aeaf2f4a,0.4356123076218081,1,Medium
69af53d924,0.01704362811862229,0,Low
69b1821fa9,0.14516457418662945,1,Low
69b6b49ff3,0.101295774690312,1,Low
69b6e4f265,0.07919079012361764,0,Low
69ba8fddf9,0.12024152607725043,1,Low
69bc4ec5bc,0.03257481546923259,0,Low
69bc848703,0.30237721715708216,1,Medium
69bf9ccab4,0.1865582355945887,1,Low
69c0b07aa0,0.10575831129452685,1,Low
69c5dbf3b7,0.026869513325701373,0,Low
69cdf87ba2,0.4248175911174583,1,Medium
69d0cbf45d,0.020230956227474884,0,Low
69d1379e78,0.18373807189414113,1,Low
69da70912c,0.05066825500110252,0,Low
69dc84ea5f,0.051095124606831084,0,Low
69dd188220,0.0514577955794714,0,Low
69e0e4b94f,0.5190572839559543,1,High
69e0f2d471,0.47296468889321014,1,Medium
69e6c81131,0.13447598697151322,1,Low
69e750d273,0.03774875349716578,0,Low
69e813e779,0.1472110423041403,1,Low
69ef9b8101,0.06153363889924406,0,Low
69f07c7557,0.05880384797217782,0,Low
69f311bd68,0.03998715528184129,0,Low
69fa2cc9ed,0.05784536091724079,0,Low
69fde13791,0.046818416875571665,0,Low
6a05cc5bf9,0.0675642756112739,0,Low
6a0858014b,0.1307602262856881,1,Low
6a08661167,0.11051700065301834,1,Low
6a0bc9ef08,0.10182292904134597,1,Low
6a1418dc28,0.02870596979660095,0,Low
6a15e0eb35,0.07393850763225109,0,Low
6a16d51257,0.296828241254301,1,Medium
6a1b15dd20,0.18999248849959746,1,Low
6a20103fef,0.044432831231694205,0,Low
6a25218647,0.13076626969069624,1,Low
6a2606a6ef,0.07804158927654889,0,Low
6a2a057782,0.10745730102710331,1,Low
6a2c2a5b23,0.11757541216469544,1,Low
6a308d56e4,0.23188075530511698,1,Medium
6a353dd137,0.09751141719843097,0,Low
6a3906e9f8,0.0967137440839959,0,Low
6a406d41b3,0.31976805098078326,1,Medium
6a411c4860,0.03242074328149429,0,Low
6a481ff918,0.10374068067068314,1,Low
6a4fc0cd82,0.09984652189714674,0,Low
6a50887cb0,0.19878413785455742,1,Low
6a52c33574,0.06019277761065955,0,Low
6a54ad6d27,0.03209451708388488,0,Low
6a54effcc5,0.13061918114488466,1,Low
6a55db85b1,0.071373285023793,0,Low
6a616d3f72,0.22175325789433456,1,Medium
6a653078e9,0.10420680619497394,1,Low
6a6e9452e2,0.14630531990762477,1,Low
6a808c1e43,0.1457283381604664,1,Low
6a83b38ebc,0.09117593961191299,0,Low
6a890f22da,0.10740292767413669,1,Low
6a8ac36a3b,0.06120582797657176,0,Low
6a8c468a7c,0.2337402476618505,1,Medium
6a9222aed4,0.03894379824020207,0,Low
6a95fc8a89,0.27174189580768704,1,Medium
6a9754c9b3,0.17788063885970987,1,Low
6a9c50af5a,0.19371921051524568,1,Low
6a9eccfbf2,0.028118255644264893,0,Low
6aa371800c,0.18136850826919096,1,Low
6aa856b6c5,0.08718599248304847,0,Low
6aa8b30637,0.08095555191216967,0,Low
6ab18274e2,0.15762973350553924,1,Low
6ab1a001a2,0.20141857889558398,1,Medium
6ab99de177,0.2145682798211429,1,Medium
6ab9f04903,0.1429130122400413,1,Low
6aba637ab7,0.5630996134060017,1,High
6abaadb393,0.24852921996980373,1,Medium
6abb11a6a3,0.07078665443403376,0,Low
6abe13ada9,0.03702385827737621,0,Low
6abe3c3067,0.2930142308510684,1,Medium
6ac090b270,0.11359541399133292,1,Low
6ac3198ba9,0.12147411052471788,1,Low
6ac325f077,0.07702432830196898,0,Low
6ac75c774a,0.10118943852813678,1,Low
6accc61a06,0.05634077611025746,0,Low
6acf47b331,0.1494487570769547,1,Low
6adf2bb879,0.08776676387690109,0,Low
6ae403b2a2,0.06711502768188427,0,Low
6ae6cc4b82,0.15305311964416227,1,Low
6aec5ed7c9,0.11377397367079348,1,Low
6aeda44afa,0.07268751357063304,0,Low
6af23eb6a1,0.10202901939551397,1,Low
6af2d92b16,0.23527933246862484,1,Medium
6af57359e5,0.07131924300073346,0,Low
6af779be14,0.5317524973571748,1,High
6b00586035,0.01977129141671182,0,Low
6b026c7e48,0.037630637802491713,0,Low
6b0379b986,0.05013041333293737,0,Low
6b10f0ea6b,0.030359346366310363,0,Low
6b116181c8,0.05805323771139555,0,Low
6b18ae1b25,0.052147922501034956,0,Low
6b1ccc3103,0.041178295273245874,0,Low
6b1e189240,0.11932717296754641,1,Low
6b1f7e2a48,0.040109214924477325,0,Low
6b2062b7da,0.27107480860404326,1,Medium
6b243fe376,0.12666357416900637,1,Low
6b26bca335,0.07305870272899902,0,Low
6b2727b327,0.045552366590903205,0,Low
6b2e5d41da,0.13430845262823551,1,Low
6b3134309a,0.12199717498255776,1,Low
6b31c2d982,0.06956641866269757,0,Low
6b38170e3d,0.05882164745917562,0,Low
6b4c97e79a,0.09293023093565118,0,Low
6b4d79d75b,0.5615912338315896,1,High
6b4db27bc8,0.0444712486649215,0,Low
6b4dfe50d9,0.06702321596212592,0,Low
6b4e6e8e67,0.13112704535314845,1,Low
6b4ee06871,0.15312665215905283,1,Low
6b542aaee5,0.0847131859131583,0,Low
6b559577a3,0.06773922049322803,0,Low
6b5bf593f7,0.19673342410868622,1,Low
6b605c6fe4,0.11696883661080565,1,Low
6b61ce14a8,0.2242354928530093,1,Medium
6b6245ee86,0.08878797768801738,0,Low
6b6292d6a9,0.07635574080655518,0,Low
6b6683f423,0.15566170900221282,1,Low
6b66f4659e,0.45189244916224125,1,Medium
6b6afd588f,0.45463816666433254,1,Medium
6b73f68181,0.1385187474302226,1,Low
6b76bbbea5,0.1366178554520428,1,Low
6b87e45a7d,0.04907590560911253,0,Low
6b895ac257,0.16157223254866862,1,Low
6b8dcadaf4,0.5815792262668866,1,High
6b956f273d,0.1412838490746807,1,Low
6ba01cdd5a,0.7070235879867199,1,High
6ba44dc563,0.0551760711121378,0,Low
6bab701080,0.10358909083336389,1,Low
6bb0c8c38b,0.20230884893298517,1,Medium
6bb224dee4,0.066649993752382,0,Low
6bb28b7089,0.049392539869694524,0,Low
6bb8329e44,0.03733129087745795,0,Low
6bb849e4f6,0.04355867298458741,0,Low
6bb8ebff59,0.19516844667126804,1,Low
6bc1e625e1,0.1548416343594762,1,Low
6bc3718529,0.052364800393989615,0,Low
6bc411d975,0.18526397779129217,1,Low
6bc412d47a,0.28157181081365346,1,Medium
6bc462e356,0.07930450192823771,0,Low
6bc7067fe9,0.21020393235004442,1,Medium
6bc76643df,0.04332031561630365,0,Low
6bc7c8aa88,0.2984303419418765,1,Medium
6bce47bb3e,0.10411672375799215,1,Low
6bce646b0a,0.11764984247792917,1,Low
6bcf3447fe,0.055523060736480376,0,Low
6bd11c10fe,0.09181008874694932,0,Low
6bd1f6ef5b,0.07794458864781473,0,Low
6bd2781c0c,0.5192907148579696,1,High
6bd36a75e2,0.08729494435007436,0,Low
6bd48e7712,0.40780693813457314,1,Medium
6bd70b0205,0.06763969137922089,0,Low
6bd74cce99,0.061556495554579364,0,Low
6bdb45f745,0.04356388548820936,0,Low
6bdd50ecd5,0.1380843041737102,1,Low
6bde955d53,0.09255478804797107,0,Low
6bdec9bcc3,0.19689668388302808,1,Low
6be08fa7b8,0.15913672596393683,1,Low
6be30b5ba6,0.12486948434694212,1,Low
6be3f0a5d1,0.06018235015050825,0,Low
6be45c7384,0.06130162516421335,0,Low
6bebce5086,0.16019143036941444,1,Low
6bed2fe372,0.14356971654509443,1,Low
6befb7d086,0.02694333528646573,0,Low
6bf232d84d,0.04778823113775406,0,Low
6bf4645c4a,0.1827442799493862,1,Low
6bf9cba65f,0.061338103218456126,0,Low
6bfb7f63a8,0.18376534057916633,1,Low
6bfce43804,0.15740093876445477,1,Low
6bfecc2e6e,0.028855222098967424,0,Low
6c01dc8077,0.3044238184461272,1,Medium
6c022ce0ca,0.05663078994313424,0,Low
6c07d24f19,0.11714590263088204,1,Low
6c1294f7e7,0.07551085967047295,0,Low
6c161d4cc9,0.22210073861679885,1,Medium
6c187d449d,0.09991588691190367,0,Low
6c19ddf9c3,0.5414716234933138,1,High
6c22038507,0.38418000537532515,1,Medium
6c2b1787ed,0.0817957178922397,0,Low
6c2e098d28,0.1541663931498742,1,Low
6c3055c418,0.22911270377754023,1,Medium
6c37624967,0.051461542331863085,0,Low
6c3fd1ee20,0.17938203627102708,1,Low
6c4343e25f,0.07035786420756544,0,Low
6c4dc73dec,0.06029615195080778,0,Low
6c4fe9a9ef,0.6398089537204009,1,High
6c52ba7fdb,0.04848300407134627,0,Low
6c53ce2638,0.11163990134357443,1,Low
6c55b4ab7d,0.01672863392930476,0,Low
6c63d99bfc,0.03493059012436863,0,Low
6c65aaa52a,0.10383494704190997,1,Low
6c6d9437c7,0.05929698988124642,0,Low
6c76949775,0.0602038272101816,0,Low
6c787b3844,0.20269859197095658,1,Medium
6c7d20f57f,0.23612272888495947,1,Medium
6c83fb302d,0.09977650274179906,0,Low
6c845f5e55,0.05547635531756844,0,Low
6c8626f819,0.06647430576791084,0,Low
6c87b48b5c,0.2057007948768548,1,Medium
6c89f6cc91,0.06038209591456274,0,Low
6c8ce5011c,0.14448610978624896,1,Low
6c919832a2,0.05795309683468446,0,Low
6c9257b7d2,0.06670057155235318,0,Low
6c92bbff23,0.09805675386942349,0,Low
6c9d4fab0e,0.08616421027443365,0,Low
6ca413bd55,0.18712404813277506,1,Low
6ca44f46c1,0.2721936004547673,1,Medium
6caa755253,0.4626128956300526,1,Medium
6cac2ee848,0.17279225478464286,1,Low
6cac604221,0.3280160924979351,1,Medium
6cac9e7233,0.08974120034905639,0,Low
6cb23b870f,0.06386553686407825,0,Low
6cb7d8a7a8,0.3946606578720883,1,Medium
6cb95cacfd,0.02662510923481442,0,Low
6cbe356285,0.11431177491703544,1,Low
6cbe4b863a,0.0331397087086416,0,Low
6cbe5a232b,0.12071105202492463,1,Low
6cbee306c2,0.11419131880373445,1,Low
6cbf63edf8,0.021588602281338815,0,Low
6cc33a9811,0.059148705684586876,0,Low
6cc3e6eaca,0.02807686657743175,0,Low
6cc995e7e0,0.038328491340723234,0,Low
6cca71e2b6,0.6009430434908535,1,High
6cd9a06b3e,0.018117396497601246,0,Low
6cda33b5ae,0.04292000132404734,0,Low
6ce5c879fb,0.15556565395408967,1,Low
6cf1326412,0.24349842016271198,1,Medium
6cf7dc8430,0.07494328159990891,0,Low
6cf9b45a0e,0.06972506071556876,0,Low
6cfa09c879,0.12597717680677012,1,Low
6cfbed7b88,0.11767069581006383,1,Low
6d0495eff4,0.17409631091549896,1,Low
6d0e150ef3,0.12839111987742224,1,Low
6d107bc47d,0.5477577998114925,1,High
6d15f29956,0.13679373239419856,1,Low
6d1753559f,0.12396362396382324,1,Low
6d18a3c5d1,0.5575050993194646,1,High
6d1c3eba30,0.027388370432455404,0,Low
6d1d39691c,0.05868265275283369,0,Low
6d1f075504,0.09935574410493428,0,Low
6d23b3f14c,0.07694762386113119,0,Low
6d2503e46e,0.363195163611566,1,Medium
6d26ffebb6,0.17649792398057718,1,Low
6d272403bf,0.24243193964760865,1,Medium
6d27629fdc,0.07032523097054269,0,Low
6d287d19ac,0.19425540586756856,1,Low
6d2c5e57b2,0.0688042044629819,0,Low
6d2ffcdfaa,0.28976213591252237,1,Medium
6d329eb36d,0.05889864886719704,0,Low
6d33e25d75,0.03976666375255813,0,Low
6d35744fad,0.044931115960986145,0,Low
6d3ad9e16b,0.1250095582457358,1,Low
6d3c6007ee,0.11012938224417693,1,Low
6d3d24d31a,0.16544054876347764,1,Low
6d3f8fea9f,0.05349642206203694,0,Low
6d44cef896,0.22085065507639332,1,Medium
6d466aee96,0.09174787316990542,0,Low
6d4861f007,0.18434819474779635,1,Low
6d495f2e19,0.07849842293183135,0,Low
6d4974730e,0.3620417955280041,1,Medium
6d49b8b98b,0.0826461705198197,0,Low
6d525d11cc,0.07260031355715292,0,Low
6d668c9a94,0.0870667149606283,0,Low
6d6c006079,0.06163585283907919,0,Low
6d6f3bcb8a,0.2609238478113691,1,Medium
6d6fdd1049,0.03751784582076893,0,Low
6d71cb5e00,0.12857148718030015,1,Low
6d7291f9a9,0.12829404321528767,1,Low
6d7483767f,0.07921442003671514,0,Low
6d76f71978,0.15282833257223633,1,Low
6d7ca42d50,0.06150761696912589,0,Low
6d7cb5e058,0.08958367280007179,0,Low
6d7dd6834a,0.3633456430959532,1,Medium
6d8174b8da,0.12083431194027423,1,Low
6d81e3ac1a,0.03621525466494266,0,Low
6d84e426ea,0.0893239429761151,0,Low
6d865c2bda,0.34376321308771385,1,Medium
6d8731a00b,0.1295743679183713,1,Low
6d87377557,0.03832361290958201,0,Low
6d882c75f0,0.07074543027633097,0,Low
6d8921d4f0,0.08921658488757273,0,Low
6d89abfafa,0.17578419374012247,1,Low
6d8a545af8,0.17219125356808426,1,Low
6d8b86c316,0.08839607838568228,0,Low
6d8e0f34c8,0.1894236070506416,1,Low
6d90542f5e,0.13031607239198342,1,Low
6d9450e959,0.03797910206201007,0,Low
6d9784e814,0.2870829308526452,1,Medium
6da5b5fae2,0.05418240852143254,0,Low
6da6028ad9,0.014670531228364522,0,Low
6da634b5a1,0.08614281759141201,0,Low
6da8b2b1d4,0.031949960987143096,0,Low
6da8f85f62,0.09647732355439391,0,Low
6daa5ed558,0.08093077546474535,0,Low
6dadbd04b9,0.027254300075747546,0,Low
6db974767a,0.11298511068686616,1,Low
6dbb32dbb7,0.09153184155999072,0,Low
6dbd518dde,0.03959834048386763,0,Low
6dbf8d3758,0.06770664638715919,0,Low
6dc00aedc4,0.1895528438266009,1,Low
6dc2dc7c83,0.06930985030411937,0,Low
6dc3442db9,0.10796967719814098,1,Low
6dc3a2d179,0.13215769286546253,1,Low
6dc63f9cd5,0.07492087663844894,0,Low
6dc6fdc880,0.0696146670603001,0,Low
6dc87f21d5,0.06682320428552015,0,Low
6dc9676d71,0.052067498909856874,0,Low
6dccc6e1ec,0.03141366235570092,0,Low
6dd8bf3a63,0.28987793461984784,1,Medium
6dd930b234,0.04939962412319188,0,Low
6dd9f3d40d,0.33417928420355214,1,Medium
6dda552904,0.14489220983944262,1,Low
6ddb00fd0c,0.06047870141409601,0,Low
6ddeb2f8ab,0.09569417599732405,0,Low
6de2c09863,0.04351918552805219,0,Low
6de4fd04eb,0.044152359783614155,0,Low
6de573ee3f,0.3608319443032993,1,Medium
6de8c2431d,0.2876680952668135,1,Medium
6deaa1330f,0.18886074459258875,1,Low
6deac03639,0.27743380047636296,1,Medium
6dede4275f,0.06469804911782795,0,Low
6def4768b1,0.18968409157452554,1,Low
6df9b7e851,0.21573082290504364,1,Medium
6dfb777bd2,0.054575788925415335,0,Low
6dfd313712,0.10990047848217926,1,Low
6e01bb6e72,0.1999640083658533,1,Low
6e04e435b7,0.048461835803328066,0,Low
6e06e16c89,0.05900663764744563,0,Low
6e07dee2d1,0.1467350215478363,1,Low
6e0844fa7c,0.10706927422318391,1,Low
6e08d24e7f,0.08702089087874434,0,Low
6e0b72fc4b,0.08322995417807894,0,Low
6e0c6d4c84,0.21933645473652624,1,Medium
6e0e8b7c16,0.026161361072674277,0,Low
6e1188b8ee,0.1530862534892185,1,Low
6e17690a24,0.13452023079276168,1,Low
6e1918d14e,0.04944768360013613,0,Low
6e1c7345ec,0.1613161009293822,1,Low
6e1c9d8bae,0.037205927114841414,0,Low
6e1f4a5c4b,0.10097502686168955,1,Low
6e208dda80,0.45589785749618544,1,Medium
6e20ea9825,0.03615195827967018,0,Low
6e251afc9a,0.15866658093348113,1,Low
6e26648aef,0.16324348700162283,1,Low
6e2a2d0f53,0.11801368179498804,1,Low
6e2b629109,0.04900129473804369,0,Low
6e2ffa3c0b,0.0462966159410148,0,Low
6e3624cfa3,0.08702719872407175,0,Low
6e36587401,0.6109266300294723,1,High
6e3a79062d,0.15387480445566645,1,Low
6e3ec5aa14,0.27704377892266985,1,Medium
6e413863f6,0.4553863797697175,1,Medium
6e448eec02,0.04806476264098459,0,Low
6e457bf5b0,0.13419631247903985,1,Low
6e474eb449,0.2885531065515009,1,Medium
6e5d1b885b,0.0892084419246149,0,Low
6e5f871297,0.21741823673312827,1,Medium
6e6ab974cb,0.2573095924745558,1,Medium
6e6b8004fa,0.23798266293499987,1,Medium
6e6e17e752,0.04987762235779079,0,Low
6e76aaaf78,0.23931320291190647,1,Medium
6e78400c10,0.37068248044847074,1,Medium
6e7baa41dd,0.04101398165534341,0,Low
6e7d4e6378,0.2373118059119912,1,Medium
6e7e42feca,0.11826647984721955,1,Low
6e823da134,0.036996613829246155,0,Low
6e8697b38f,0.1300515080729833,1,Low
6e88eb9f74,0.03241584100005446,0,Low
6e8b7837bd,0.034349587360079835,0,Low
6e8bad147c,0.03527320944851604,0,Low
6e8f8c5d70,0.06250441370055988,0,Low
6e8febcb07,0.06986638206102662,0,Low
6e95647e23,0.10553270513919885,1,Low
6e97f7bd9a,0.04785152729406593,0,Low
6e9cc36cf5,0.034156870160470074,0,Low
6ea7bd2a09,0.16872102389744276,1,Low
6ea7d78f4e,0.04839632444458808,0,Low
6eacaa9c82,0.13330249415134346,1,Low
6eb2344e95,0.05722043844491901,0,Low
6eb5e0f980,0.17160535482686087,1,Low
6eb6f3ba6f,0.02699358989031127,0,Low
6eb8467b40,0.1760928670053043,1,Low
6eb8968e61,0.08224044974807387,0,Low
6ebb295ea7,0.08141606127330854,0,Low
6ebb2fdea9,0.17875037204608724,1,Low
6ebb9b205e,0.17904460465388777,1,Low
6ec3000297,0.11041561294576532,1,Low
6ec44798dd,0.09310733559720509,0,Low
6ec55041d1,0.1779385139806841,1,Low
6ecb988f84,0.0925874205397064,0,Low
6ecbf24e44,0.10216979773277718,1,Low
6ece959030,0.2610508161323765,1,Medium
6ed067777f,0.026126595248342554,0,Low
6ed66705da,0.049645911150735605,0,Low
6ee252b0e0,0.24512150763777715,1,Medium
6ee5e882ef,0.15061455736901405,1,Low
6ee5f6c9b3,0.11351310047517608,1,Low
6ee9bd5431,0.0529928769947504,0,Low
6eed9b2229,0.14306558461580993,1,Low
6ef3742bbb,0.14070868694245645,1,Low
6ef45ad947,0.0349358954345711,0,Low
6ef48eecc4,0.047896009848638676,0,Low
6f00274927,0.035079652786239694,0,Low
6f0163c962,0.11195965105561075,1,Low
6f0681c0a1,0.6075448346804407,1,High
6f06e03feb,0.04015682950566389,0,Low
6f0965aba9,0.07011291728529827,0,Low
6f0aa70a84,0.13083614411281005,1,Low
6f12953aac,0.1284900726569369,1,Low
6f19eef008,0.1324236405569417,1,Low
6f1a49b99e,0.2308914494790673,1,Medium
6f28e179c6,0.10523958010478612,1,Low
6f2c4d413c,0.04511034400373206,0,Low
6f2d5d078b,0.2989667579067681,1,Medium
6f2e18bf12,0.21586398883625887,1,Medium
6f2e1ecdb9,0.22649110397970704,1,Medium
6f30f3b9c1,0.022671054047347254,0,Low
6f33c8d675,0.7681418374090347,1,High
6f3664e461,0.19023733669990814,1,Low
6f3d008aa9,0.25943962135896903,1,Medium
6f41034cf4,0.1502498749550777,1,Low
6f4b4669d9,0.2527827082187486,1,Medium
6f4bd5dfc2,0.04371616534645977,0,Low
6f4ce68307,0.04909853267232812,0,Low
6f4fe6b012,0.07809093952347775,0,Low
6f54fa83bb,0.23096754263411962,1,Medium
6f5b15fc09,0.13058391064431443,1,Low
6f5f7c723e,0.037735576260443035,0,Low
6f66d367c8,0.09198768164272138,0,Low
6f68896609,0.1283873927215267,1,Low
6f6925c44c,0.05608622230950577,0,Low
6f6f204a20,0.10683710903284703,1,Low
6f75cc4c3c,0.04463848633642463,0,Low
6f75cc96b9,0.19037594804089064,1,Low
6f79dbe961,0.038061609286272516,0,Low
6f7d1916b2,0.22146963387716634,1,Medium
6f7d7b0d68,0.050676593604623246,0,Low
6f801c4f39,0.045798360838984656,0,Low
6f82cda4c8,0.09976372358206448,0,Low
6f83956763,0.040384097656816435,0,Low
6f839616a8,0.02070817188556627,0,Low
6f850bbbbc,0.06292031029542296,0,Low
6f857cb23f,0.12034896317601908,1,Low
6f8919cc6c,0.05168333637314233,0,Low
6f8b53b23b,0.12098582161611644,1,Low
6f8d964e5b,0.25613920772969195,1,Medium
6f8e4740b4,0.07509706002422455,0,Low
6fa00797e7,0.212555786888561,1,Medium
6fa60bb35e,0.06218544510291232,0,Low
6fa6310472,0.32788314085370557,1,Medium
6faba9f1cd,0.16759822884586717,1,Low
6fb29fb7af,0.06606659180752261,0,Low
6fb3166c04,0.2233883544773028,1,Medium
6fb9ac67ec,0.02592661622596634,0,Low
6fbd223db4,0.08961947744696028,0,Low
6fbdeffa0e,0.1291572032664425,1,Low
6fc0a6e8cb,0.315907987141069,1,Medium
6fc2974bfb,0.07058938554273388,0,Low
6fc5535148,0.1477680951757476,1,Low
6fc6d5acc4,0.46176789483263714,1,Medium
6fccb6e1fd,0.07524255687113343,0,Low
6fd55caaf5,0.09385575030436387,0,Low
6fd9a0cd1a,0.030564428533989108,0,Low
6fde449d15,0.0643606676237957,0,Low
6fe431c5e2,0.1007383287253974,1,Low
6fe679c395,0.04473602515758967,0,Low
6fe6bb6a75,0.5421683412917075,1,High
6fea68103c,0.07207963830895392,0,Low
6fef3f24df,0.050921298071165834,0,Low
6ff0430550,0.057979783728499656,0,Low
6ff09aaad5,0.18585345317952906,1,Low
6ff0e0af1b,0.052351863732030456,0,Low
6ff40d47e6,0.041320783281470076,0,Low
6ffc9506cb,0.11117668372392805,1,Low
7001e47b82,0.08621183871541786,0,Low
7004fbf8b3,0.05559573215469468,0,Low
700818b995,0.10579364391576256,1,Low
7009d3abec,0.1348245305991052,1,Low
7010985608,0.15183689567984074,1,Low
7016ffd079,0.03561153617442178,0,Low
701bbb7095,0.053370591911443985,0,Low
701f7d9f90,0.19303413694438118,1,Low
7020231824,0.41261481617202217,1,Medium
70221dae08,0.2128636998026499,1,Medium
7023725bad,0.0327474672765775,0,Low
7027c330f1,0.36530442594680285,1,Medium
70289a2bd7,0.11068016204498073,1,Low
7029977b15,0.10528019729755476,1,Low
702b736c67,0.05129433495756829,0,Low
702d3e686e,0.07439172429853656,0,Low
702e28bd6e,0.03819465076370335,0,Low
703b4c51c1,0.19874006361834076,1,Low
703fc25606,0.1556658901631625,1,Low
7043d59266,0.08312344442700802,0,Low
704591fad5,0.0435527141548532,0,Low
704a192572,0.03807226949297617,0,Low
705403e091,0.035876818734125404,0,Low
705d056a3a,0.15482382060825972,1,Low
705f853b54,0.1462820874229789,1,Low
7064158f23,0.46123118942130137,1,Medium
70667c851c,0.22565630013000204,1,Medium
706fba9a78,0.19850964426080406,1,Low
7073ee4294,0.02158513984678434,0,Low
70758d3019,0.09108992079234408,0,Low
7078eb9ed2,0.1518909630001335,1,Low
70856c0e12,0.03963613987115226,0,Low
708703c89e,0.023692180059173326,0,Low
708a4bf657,0.07438674870048578,0,Low
708c1397ab,0.1606646403089056,1,Low
708dd00a22,0.09600882949227749,0,Low
708efa26bd,0.5662462868206173,1,High
709929c3b4,0.20180582551689666,1,Medium
709b7620ca,0.16850899629830907,1,Low
709fd51db6,0.0875451488956542,0,Low
70a0b616fd,0.24368101241174783,1,Medium
70a25303f1,0.08141314485804867,0,Low
70a9d8cffc,0.1950732106345235,1,Low
70ac29957f,0.040916032629090264,0,Low
70ae63b9e2,0.030888066704101817,0,Low
70b3a81875,0.13075518382427018,1,Low
70b6c14dbd,0.3991748782039837,1,Medium
70b6ddf334,0.18131277376842936,1,Low
70b8fe9989,0.014922387350023271,0,Low
70b98fc20a,0.03499584086888434,0,Low
70bf6db5b1,0.08010408572791626,0,Low
70c0fa0231,0.06531902718700947,0,Low
70cce9d018,0.32519349833447464,1,Medium
70ce7ded07,0.039841153891734246,0,Low
70cf3b5971,0.05031904099287007,0,Low
70cf9e4a91,0.1878509026310688,1,Low
70d09a932c,0.032823995131541904,0,Low
70d12115c8,0.060710128879210845,0,Low
70d25528e2,0.13973739632316642,1,Low
70dcb37111,0.2042178251763805,1,Medium
70e552be63,0.3222550676300292,1,Medium
70e7b93e41,0.17199460982307102,1,Low
70f05ce273,0.013949534167620318,0,Low
70f7b9c3fd,0.16317581278251764,1,Low
7100a62790,0.05805603455374939,0,Low
7104613089,0.10245263836251409,1,Low
710515b8c6,0.08135954581008427,0,Low
710bba309e,0.337788900799912,1,Medium
710c023427,0.23804938221050462,1,Medium
710fbc8c93,0.13607117207541358,1,Low
7113621b63,0.0327323840046016,0,Low
711403d1c6,0.03480345881381307,0,Low
7118fb11a1,0.12325197781008522,1,Low
71197c1002,0.055861459111020265,0,Low
711b971b74,0.1572948243030163,1,Low
711be2c99e,0.30848676816710896,1,Medium
71251d30a1,0.3817515002241192,1,Medium
71297fbbb9,0.09761506422706749,0,Low
712b6170e3,0.022626977671162004,0,Low
7133606231,0.06992533010387483,0,Low
7133eb3734,0.04501271109813578,0,Low
713401a504,0.17577392545810333,1,Low
7135426638,0.31612434811042006,1,Medium
7139f3a8ef,0.04061479327678745,0,Low
713af0053a,0.08730674250395143,0,Low
713cd4da24,0.15513271772148596,1,Low
7146b6e229,0.632331871070395,1,High
7146c6d0f8,0.033958471746498534,0,Low
715077191e,0.14861724432575135,1,Low
7151084329,0.02040486682522359,0,Low
71518bd0b4,0.23906772812228183,1,Medium
71541103c0,0.4777159809020794,1,Medium
715d032f65,0.04183589419892492,0,Low
715e2d30cc,0.08176830023992875,0,Low
71600cb11b,0.03713198216372213,0,Low
71603359db,0.10689443552786891,1,Low
7161d6d851,0.27512489838876064,1,Medium
716383843d,0.405681777734481,1,Medium
716a430a05,0.7300082922974518,1,High
716a7042d3,0.0627818971540146,0,Low
716cbe14cf,0.10082074792398282,1,Low
716cd98e40,0.01959918717981058,0,Low
716f5f474c,0.21894494449340487,1,Medium
7171a26331,0.12232296475734844,1,Low
7173901306,0.26172833185272665,1,Medium
7174e6909b,0.030422298011601255,0,Low
71759dc902,0.06801507180781871,0,Low
71796d0d66,0.03464904974784338,0,Low
717b10b07a,0.3589129415595545,1,Medium
718017d867,0.5064055339125536,1,High
71847002c8,0.20016302521258794,1,Medium
7185ca8d7f,0.13325598790383042,1,Low
71873d1586,0.054050640914995784,0,Low
718778cf59,0.12862255310900106,1,Low
7187d27783,0.11144246688576072,1,Low
7188e67eae,0.23487782967082393,1,Medium
718a590a74,0.33308970966652623,1,Medium
718accc50f,0.7228632872822233,1,High
718fdc6b60,0.12230138785511231,1,Low
719355f813,0.1885390191390314,1,Low
7195768760,0.11837547675410602,1,Low
7197105af9,0.038413536714650184,0,Low
7198d04173,0.03993575893777401,0,Low
719a6d3c15,0.04090102380900133,0,Low
71a0f9d7b4,0.4589335908849808,1,Medium
71a1927a36,0.2539266399928517,1,Medium
71a2a81dba,0.06196520280287142,0,Low
71a3e28ec4,0.13074550980906793,1,Low
71ab45628b,0.10960539352395594,1,Low
71b6b030ed,0.11713470650898439,1,Low
71ba4f53be,0.1699999414225985,1,Low
71c1f572d7,0.10909395299011698,1,Low
71c3e9e05a,0.5114201031325453,1,High
71c42a193f,0.08062500510724241,0,Low
71c6457bf8,0.036283244380735095,0,Low
71c7cfd6c6,0.17712549954690637,1,Low
71cb81230e,0.06661142443995072,0,Low
71cc9e0d7b,0.051442715535570706,0,Low
71db24a6d0,0.19070843677100416,1,Low
71e6b38d20,0.21681067513550714,1,Medium
71e7acca3c,0.1553154126274749,1,Low
71ea8d308e,0.16599051262119843,1,Low
71eb8f3d72,0.12950697809771752,1,Low
71fde45319,0.11493728561461776,1,Low
71fe320fa1,0.16386931644064,1,Low
720451b849,0.24755493804548442,1,Medium
7204698d46,0.1576489583971261,1,Low
72052827f1,0.12776027705279586,1,Low
72086b7180,0.1254555850603601,1,Low
72096871f3,0.5276577094142236,1,High
7214d4bcd3,0.15501348080573757,1,Low
7217b982ee,0.21886923414070947,1,Medium
721ebdf705,0.1932816495304106,1,Low
721f7b27ec,0.11117068073699425,1,Low
7223de2088,0.08338950204108331,0,Low
7226bf0e6b,0.05258565973709703,0,Low
7226ce09dd,0.17023192472112852,1,Low
7229b243dc,0.06506226936809129,0,Low
722da7cc81,0.3227413081364131,1,Medium
7236e12653,0.11844044431365616,1,Low
7245ef78f9,0.028541342587631854,0,Low
7247052fef,0.13031115169757576,1,Low
7248c1e077,0.022650148843468162,0,Low
724c7a5545,0.13277671846646724,1,Low
724c880778,0.11999068094084799,1,Low
724c9a8f54,0.050848074515272124,0,Low
72516e70b4,0.13998142267274893,1,Low
725896d5f5,0.3220257763335524,1,Medium
726153d991,0.10124620526295684,1,Low
7262ea5ae3,0.25701662423784555,1,Medium
7263382806,0.15093082290297077,1,Low
7265080567,0.342835159794683,1,Medium
7268b96f8d,0.11238058044999712,1,Low
726d6961bd,0.1400298299699105,1,Low
72796a6068,0.03383274274114107,0,Low
7282ab9fce,0.05219835568575324,0,Low
72872687ea,0.08262591161981676,0,Low
728d322b5a,0.07015181709794548,0,Low
72984e7129,0.03522397661264127,0,Low
72a2244777,0.03192453939540305,0,Low
72b938d6de,0.18314174313392662,1,Low
72baa241ad,0.07271250965672896,0,Low
72bf927414,0.04290573364189005,0,Low
72c6a50a9d,0.07550487551119094,0,Low
72c9313629,0.030682877606788266,0,Low
72ca04ddb8,0.02535773481790062,0,Low
72cafdb981,0.04795080356754481,0,Low
72cc313c2b,0.3070288241852589,1,Medium
72cd248b78,0.13463421861765767,1,Low
72d2493c17,0.07975347466481629,0,Low
72d5dea04d,0.5264861978119,1,High
72db8cc027,0.08532451389873456,0,Low
72dc559cd0,0.20381398243416055,1,Medium
72dccfdcf0,0.09818495071508188,0,Low
72df6caa53,0.08794477012370905,0,Low
72e0286618,0.07264335017910416,0,Low
72e0fb2cee,0.1359630946724854,1,Low
72ec0d38da,0.0253763658508095,0,Low
72edcfcd78,0.20735730890583146,1,Medium
72f0bc725a,0.12187629493250185,1,Low
72f218e2c9,0.022233449306707415,0,Low
72f387edb0,0.05886401228633428,0,Low
72f4a8c90f,0.10151811068693913,1,Low
72f851d468,0.12984302431299885,1,Low
72fcbd7448,0.1424127763189734,1,Low
72fcf89a95,0.5087787788551857,1,High
730207ac52,0.13838048223247504,1,Low
7304895d42,0.04410042042404938,0,Low
730972f862,0.12294700422211857,1,Low
730afcefc3,0.07522471119525356,0,Low
730bea38eb,0.08122117276756673,0,Low
730f33d59e,0.021612846297367018,0,Low
731335cc36,0.1583690674815996,1,Low
73165ba2dc,0.17810210435498414,1,Low
731a0f4824,0.11119941970684193,1,Low
731b31b12c,0.1585613071723193,1,Low
731b520ba1,0.0357429067519365,0,Low
7324d842b4,0.05235683642808665,0,Low
732b1b9b7e,0.06608325957926418,0,Low
732c2e8258,0.14971553439928423,1,Low
732c3af77a,0.08391033853441515,0,Low
732f852dde,0.0892747046200606,0,Low
73317044c2,0.03438482182504171,0,Low
733e6bbaa9,0.045751468784425264,0,Low
733f0ae063,0.10241316023066988,1,Low
73409bfb7c,0.1342533242815224,1,Low
73439b3faf,0.13023616409533412,1,Low
73472dc468,0.03509520218329202,0,Low
7347c62df4,0.11770406621457934,1,Low
734876210a,0.03977859933595794,0,Low
734b0f9df0,0.1186075072342181,1,Low
7351ebeb21,0.04742074918391805,0,Low
7351ed31b2,0.0234650706197908,0,Low
7352969565,0.03979613216680477,0,Low
735cf29b2f,0.02567503567330722,0,Low
735eb534d3,0.06055115129700251,0,Low
736494e265,0.1878667090726617,1,Low
73666672d5,0.04323857653913202,0,Low
7368c86fc7,0.1551373258966496,1,Low
737b24c571,0.14249324508582223,1,Low
737d956298,0.1982015233804531,1,Low
737e25ec11,0.07837507128418651,0,Low
73819ab833,0.049440005422154744,0,Low
738562abec,0.09228161085915912,0,Low
738565a3e3,0.22159739297923386,1,Medium
73862cd4b3,0.031072995000403766,0,Low
738688c1c2,0.1238898897482529,1,Low
7390e776ab,0.17092519039656323,1,Low
73942b2ec8,0.056398947375630844,0,Low
739f64d67c,0.04051855270163731,0,Low
73a08d4a61,0.16661795850172262,1,Low
73a224080b,0.28260729908562804,1,Medium
73a7b478a6,0.12780273326274008,1,Low
73aa529f93,0.1631869789992496,1,Low
73acf53321,0.3526130718716391,1,Medium
73ad21330b,0.023703373531604392,0,Low
73b6f5b653,0.24959511902151443,1,Medium
73be2632a9,0.07354316805429868,0,Low
73c334c6cf,0.14643239385035772,1,Low
73c41726ce,0.13773820697830652,1,Low
73c76ac15a,0.44062692499914735,1,Medium
73c7f7bb84,0.08852978985498687,0,Low
73d0c671c9,0.018826199560723865,0,Low
73d130c2a1,0.20091244782205744,1,Medium
73d1603905,0.10333338206182756,1,Low
73d803fdbd,0.03382810550957539,0,Low
73db5681c7,0.06386365871663273,0,Low
73e04693ec,0.1252735018693631,1,Low
73e0bf277f,0.1067727806375147,1,Low
73e30f064f,0.07087962721134475,0,Low
73e3db64ef,0.1532890276775389,1,Low
73e892abc8,0.14256202086597963,1,Low
73e92819f9,0.13630839193789057,1,Low
73eed7f838,0.44496992358554793,1,Medium
73f1affd7b,0.38951574528906563,1,Medium
73f7f7830c,0.1411625155544234,1,Low
73fba45c8a,0.24224564180049749,1,Medium
73fc6c5e47,0.13990492319880032,1,Low
73fef459ed,0.22508796524515542,1,Medium
7401fe0a64,0.15569535632370443,1,Low
740639f24d,0.02883258177271354,0,Low
740a0fec79,0.06379703580994407,0,Low
740b40ec0b,0.0625429732984899,0,Low
740ebc5c0b,0.2516876787304928,1,Medium
740f7dcd77,0.08000283820392924,0,Low
7411845ac1,0.15878681549662177,1,Low
7412cedfb0,0.14152065375784292,1,Low
74189fa2c0,0.4558900331587213,1,Medium
741ab19e4a,0.22667663372208052,1,Medium
741d36c95b,0.04304713291170504,0,Low
741fa12eb3,0.06560980832448629,0,Low
74260dd0c2,0.37649069847798855,1,Medium
7428553b09,0.31431326192219045,1,Medium
74332fd054,0.10918495840579938,1,Low
74339d96fd,0.04415666002363443,0,Low
7437b20576,0.19897832674291605,1,Low
7439d4900e,0.05486361553875185,0,Low
743dc4625d,0.026415527940301442,0,Low
7440e649f6,0.057104811451420094,0,Low
7441aca41c,0.20583936867158142,1,Medium
7442b7277c,0.12034028282014829,1,Low
74461770aa,0.05948976453808463,0,Low
7449ed0e0e,0.1745865458709712,1,Low
744bcb88e7,0.013296587757397504,0,Low
744d2f84eb,0.06426765481375216,0,Low
7451b4c7b3,0.39665959915543364,1,Medium
7452a1c938,0.28811633702329614,1,Medium
7454b0815f,0.02625939145058415,0,Low
745bb6e68b,0.5311458472721177,1,High
745c2df732,0.13885283883328625,1,Low
745ce68d3f,0.2974523499895974,1,Medium
74640f6006,0.37234394433755413,1,Medium
746c34d9f1,0.06593069967680402,0,Low
746cb5e15d,0.07534661847035684,0,Low
7470316283,0.06227296148907735,0,Low
7476fbf12d,0.5459733074224358,1,High
74788b3c47,0.03551677400502415,0,Low
747c7066af,0.21028156900767198,1,Medium
7487564e1e,0.0990110164254164,0,Low
749ab5387c,0.08897898151295734,0,Low
749c333f47,0.06462511995228855,0,Low
749db3efdf,0.026423658011658118,0,Low
74a29f0a94,0.07263775221154493,0,Low
74a3f96763,0.18408281776689178,1,Low
74a814aeb7,0.034481120709047505,0,Low
74a8176478,0.28355925649890606,1,Medium
74ad586b65,0.034354636766679665,0,Low
74b7370b08,0.1079841935906465,1,Low
74b900cfdb,0.2520153689065122,1,Medium
74bab00f5f,0.13173379163153282,1,Low
74bc1f1ad4,0.0894090743738551,0,Low
74c2242966,0.0873873963206591,0,Low
74c4503117,0.14881636583418006,1,Low
74c76b3ca5,0.06890453217545002,0,Low
74ccc46fba,0.028707317850954213,0,Low
74d1113a4e,0.3601037583783197,1,Medium
74d510f166,0.6983284489098086,1,High
74da8f9f8e,0.29553936183985324,1,Medium
74db06288c,0.3167954168300124,1,Medium
74dbbaa212,0.13178698156620638,1,Low
74dd0155f5,0.3840804721730686,1,Medium
74e373ef55,0.23515946089074097,1,Medium
74eba9e709,0.10542698465039743,1,Low
74ed1aaaff,0.11956710740149919,1,Low
74ee0abf88,0.08824351892371718,0,Low
74ef3b36d2,0.2738093640413984,1,Medium
74f5bddc77,0.46690218255311844,1,Medium
74f70dc7cc,0.017576710884278382,0,Low
74f93dd8b5,0.05912216642878327,0,Low
74fe0f3197,0.026986114407684628,0,Low
75032ef9eb,0.2586972086630314,1,Medium
7508777738,0.08672373271813255,0,Low
750c15c52c,0.4272570822723303,1,Medium
750ce9dbdc,0.03127554385810211,0,Low
750d077c8d,0.27896194223949233,1,Medium
7518b34211,0.05544123903248076,0,Low
751a76aeaa,0.27469947719451515,1,Medium
752042f2a0,0.2708168416647839,1,Medium
752527e428,0.09459663808316487,0,Low
752ae12466,0.06157311456985313,0,Low
752bb36906,0.17841618298891962,1,Low
75387a6680,0.19146364495587614,1,Low
753d0a3918,0.2318945598608395,1,Medium
7542809f5b,0.0516161042728229,0,Low
754aa236fd,0.14906506249009246,1,Low
754d531849,0.08549013824462273,0,Low
754d6de178,0.15682150838805264,1,Low
754f7e5cf9,0.07405040326491856,0,Low
7551c81551,0.11994841260478457,1,Low
75592a8fe7,0.28137022498261843,1,Medium
7559689646,0.10996792958871131,1,Low
755e5ac2c8,0.07586859960559351,0,Low
755f6f1c75,0.14381082563108374,1,Low
7573592eca,0.160672853122824,1,Low
7574821b01,0.1236633074586195,1,Low
757974be47,0.36240826943465376,1,Medium
757c34ad29,0.1502470544741516,1,Low
7583206da3,0.051710917133997426,0,Low
758922b5fe,0.2179594981379702,1,Medium
75893db1ea,0.05972286535271327,0,Low
758e4ed97e,0.07179164108312446,0,Low
7598de28ed,0.05663795386827402,0,Low
759ab5670f,0.09657405524972797,0,Low
759d696586,0.19357062695058014,1,Low
759e59b502,0.06930905965113672,0,Low
75a113bf8f,0.03151771605968748,0,Low
75a36316f5,0.0780314372455314,0,Low
75a4d95041,0.1297816774192688,1,Low
75a7990c9a,0.08151924187481911,0,Low
75a9e60d43,0.24981333564810007,1,Medium
75abbf2d6a,0.18361892457792386,1,Low
75b45a2ed2,0.2445685117326575,1,Medium
75b969790c,0.10125815224753831,1,Low
75bd76b17e,0.07530542409314928,0,Low
75be64c387,0.09703932431978851,0,Low
75beab57c7,0.08865906403663308,0,Low
75bf2612d2,0.08254467606720836,0,Low
75bf781205,0.062142276426581086,0,Low
75c75891e7,0.267957829724381,1,Medium
75c7e62e70,0.03884875305961772,0,Low
75cb27992a,0.04103219003286811,0,Low
75cf913f51,0.10648313913898672,1,Low
75cfad71b9,0.02326077839232433,0,Low
75d0828dda,0.1473287980472085,1,Low
75d3e093f9,0.014937098515306885,0,Low
75ddf01617,0.01954822917172105,0,Low
75e0f93f29,0.053905565785665355,0,Low
75e1c083d7,0.06682173579776478,0,Low
75f5d6d2c0,0.0331094359673187,0,Low
75fd1a561e,0.09659768690479086,0,Low
75fdd9937a,0.3386346059363197,1,Medium
7601206dbf,0.08714186852252381,0,Low
7602090e27,0.06511298854446712,0,Low
7603e2d034,0.1332011806124079,1,Low
7605bacf0c,0.181130508555187,1,Low
7607f6651c,0.20364659626321938,1,Medium
760a4736d2,0.08211432829830866,0,Low
76195fdcbc,0.14965369443210458,1,Low
761f027641,0.18259029851138112,1,Low
762541f4b2,0.06656024263600813,0,Low
7625cd2319,0.41127805390684524,1,Medium
7628e8238b,0.04319480992383927,0,Low
76292f1ef5,0.16019286544170502,1,Low
762b93e05a,0.03366046050049855,0,Low
762bf83865,0.11399369137955757,1,Low
762c98503b,0.1533294969358928,1,Low
762cd267c3,0.1704462719637359,1,Low
762d6d8a77,0.06738035456456079,0,Low
762e7abc44,0.05324284731590945,0,Low
76304ffdac,0.10036511956145566,1,Low
76317ef63b,0.10394232304540281,1,Low
7632a33c90,0.1397350923266266,1,Low
763469c38b,0.1155167227993736,1,Low
7636fbf3b3,0.10316286901006189,1,Low
763948e90a,0.13889709982287424,1,Low
763acd857b,0.11983848680956462,1,Low
763bd8fc28,0.0783303050228003,0,Low
763d0b1aee,0.1210566969837586,1,Low
763de33a7a,0.09831872816404474,0,Low
76459e9de8,0.2375202542872815,1,Medium
7649f53ffa,0.17641622635137977,1,Low
7651d9cc0e,0.1778138384890091,1,Low
76578bf033,0.09947666730524315,0,Low
7658fda080,0.06182290624537157,0,Low
765d970554,0.06854392132449837,0,Low
7660a20c9c,0.10111496167645037,1,Low
76653ccfea,0.17891506006534702,1,Low
76694a503f,0.08018045711658629,0,Low
7669a84a64,0.09540928146693735,0,Low
766b9a0125,0.0937800254778754,0,Low
76747ed9fa,0.06079583221676642,0,Low
7675abe97c,0.0629967278620579,0,Low
76770c5745,0.06987335102136939,0,Low
7678ee1342,0.28733911963453723,1,Medium
767b99138b,0.052933987633026376,0,Low
767d7846d2,0.17232635156621856,1,Low
767f6b7374,0.3386191577308821,1,Medium
76800bf104,0.38078955851388613,1,Medium
76875ff196,0.1986030379114916,1,Low
7689700e39,0.04175163087975745,0,Low
7694e66bb8,0.1306022044925896,1,Low
7696ca7aad,0.25217846448167597,1,Medium
769739dc35,0.10207971849662367,1,Low
76a412b04d,0.05964682047034101,0,Low
76a4dd6686,0.01976134753351022,0,Low
76a9598892,0.0213446949462922,0,Low
76b17f97a9,0.04245085790521236,0,Low
76b38e4e3c,0.16511159382639168,1,Low
76b4b93468,0.15377448623157486,1,Low
76b64b65f5,0.385230880938261,1,Medium
76be736147,0.03817122564949983,0,Low
76c20066d8,0.5166625281335111,1,High
76c2c60a2c,0.1781018383323252,1,Low
76c77909af,0.08674469710305556,0,Low
76c826e2ef,0.12585132744791377,1,Low
76c9b74a9b,0.06630786249234338,0,Low
76d2094ee6,0.19652135311552707,1,Low
76d45b6e87,0.12049886952287377,1,Low
76dab66aef,0.07596166418889577,0,Low
76dc6925c8,0.47694308756473913,1,Medium
76dc8940ba,0.06420318278346299,0,Low
76df2f1d9f,0.05965109588656561,0,Low
76df581fc5,0.026148451517765,0,Low
76e047fe05,0.044628384439788525,0,Low
76e7d24be5,0.13933639321121502,1,Low
76e9e5953f,0.13619381222651794,1,Low
76eab858fe,0.14166252989049027,1,Low
76ed7f7197,0.10477573571696397,1,Low
76f0ad5130,0.0478447196221656,0,Low
76f35b8234,0.6274288842017561,1,High
76f5d62779,0.04808517485102866,0,Low
76fa3d08ee,0.0651693525499366,0,Low
76ff354ac6,0.07540921869168132,0,Low
77014217e5,0.2676580382220363,1,Medium
7707013bf0,0.016493267462971927,0,Low
7710240aab,0.06597825558504536,0,Low
771481a089,0.0641988512714171,0,Low
77175cf19e,0.43749151249432117,1,Medium
77179cb5d8,0.04754839594615219,0,Low
7719e84502,0.22654977636687496,1,Medium
771d52c817,0.32860306518001275,1,Medium
771f913e0c,0.13775625836283892,1,Low
7727acf30b,0.1311489887585161,1,Low
772a3e45b6,0.08255002131519677,0,Low
7739f85e30,0.08959601210533505,0,Low
773a820110,0.20314096276127033,1,Medium
773bf8895c,0.16925301405991683,1,Low
773e7d38ab,0.060264668287556486,0,Low
7740378676,0.11538548367286479,1,Low
77407a0ccc,0.13550479480528058,1,Low
774165856f,0.06468672409997142,0,Low
7748f65da7,0.040395318861803586,0,Low
774c018b75,0.23498670822831225,1,Medium
774ee3c663,0.265565938951681,1,Medium
77512986cd,0.06460569441662053,0,Low
7755117336,0.10212171593428694,1,Low
7755acf39d,0.06308707333633606,0,Low
7756c899fc,0.02716776119499749,0,Low
7758c29b4b,0.12384305561984048,1,Low
775a4c205e,0.10427567342992076,1,Low
7760dffabb,0.0929651943018633,0,Low
77652decb6,0.6081226513701766,1,High
77664169a9,0.09017671864459058,0,Low
77665f25ff,0.07049879208637715,0,Low
7766e9452f,0.2568198999719696,1,Medium
77699a08bb,0.1776103813262195,1,Low
776b997e0a,0.12572006824399762,1,Low
776f2880fd,0.05879175995614722,0,Low
777202e401,0.19084086015457577,1,Low
77731e8832,0.26758775230421816,1,Medium
77774a99c6,0.04905155393413577,0,Low
7779526988,0.17451542507792703,1,Low
7785cf1390,0.22633851286756193,1,Medium
7788087d2e,0.14911839529581228,1,Low
778e5162eb,0.021585209201783896,0,Low
778f368da4,0.1776083268241167,1,Low
77917d97ee,0.022111805230486982,0,Low
7791fdcbab,0.12153234334547831,1,Low
77933e8b12,0.023950822362217815,0,Low
7793fd7305,0.06238084755802808,0,Low
7795207bee,0.15715251991787435,1,Low
779a3531e3,0.04799419949127502,0,Low
779ac12ed0,0.2488609181788981,1,Medium
779c15a5bb,0.15825229789521283,1,Low
77a9a0dc20,0.14660637341659313,1,Low
77b37be010,0.07942542746979797,0,Low
77b3823e22,0.17551325711298804,1,Low
77b520f621,0.025811154221635504,0,Low
77b66d04c6,0.07884973172789704,0,Low
77b7a55b20,0.18075313518449554,1,Low
77b8702b4c,0.04931677044693756,0,Low
77bc48dbf1,0.07736340826791781,0,Low
77c3981dc7,0.023118993707310923,0,Low
77c6c0dde3,0.05759246723780128,0,Low
77cafb21c7,0.14321930777442046,1,Low
77cc748de3,0.05313110957420292,0,Low
77cd83657e,0.23782615701290227,1,Medium
77cfa2be6e,0.057784253644075176,0,Low
77d0335e9a,0.07134740875166351,0,Low
77d138e58e,0.022026696194025468,0,Low
77d4070767,0.14872158993992982,1,Low
77d794b187,0.09099458607018955,0,Low
77e2d05a02,0.19787094492841384,1,Low
77e69707ec,0.10323563300948031,1,Low
77e82c2c97,0.30643876635798173,1,Medium
77ead5eedb,0.21853241392584566,1,Medium
77edfe54ce,0.0779814326915164,0,Low
77f810a728,0.3775772424450821,1,Medium
77f88a8df7,0.2815513859462083,1,Medium
77fb19cb1b,0.19067544444359621,1,Low
77fb2e93c0,0.09835981374626189,0,Low
77fb51a421,0.06306436412597165,0,Low
77fc4999e7,0.03282332327412748,0,Low
77fe9cb397,0.03805261596825602,0,Low
77fea49f2f,0.11077486120748803,1,Low
77fee301c1,0.05857380594231416,0,Low
7805c05c06,0.07182619834741401,0,Low
7808f53602,0.32091799197817383,1,Medium
780c0b9307,0.19343533567998122,1,Low
780c474102,0.030290345947708477,0,Low
781ef4c64e,0.39896597446407334,1,Medium
781f5ff640,0.43926992620480965,1,Medium
7821cfcd3f,0.0586069013040748,0,Low
7825f53ca6,0.05240967891011643,0,Low
782e68a3ce,0.06779546902439992,0,Low
7831826f0c,0.06322201816752339,0,Low
78325b4954,0.07138683010610333,0,Low
783309d338,0.13395598886468985,1,Low
783d13ab39,0.23357387611545605,1,Medium
7840d4f816,0.17029440025396247,1,Low
78424ecf29,0.1994021606013606,1,Low
7848549f3e,0.04519392639959154,0,Low
78532658a1,0.11463203675923476,1,Low
785574adfb,0.056147166188119095,0,Low
78580c9455,0.08064677513318724,0,Low
7858a3dc14,0.12345588463377484,1,Low
785ba5c18f,0.08578199279269225,0,Low
785f59d978,0.05763339071421254,0,Low
785fc28f28,0.43588738153587725,1,Medium
7860abc038,0.09773292893638383,0,Low
7865b6f6a8,0.036410300956685626,0,Low
7868c73273,0.12504440420472757,1,Low
7869d0a15b,0.2293491164775997,1,Medium
786aff3a4b,0.08179151616828335,0,Low
786cabf210,0.1195450439484731,1,Low
786d6eceaf,0.06129959155207357,0,Low
786ddb0df3,0.16301489245676765,1,Low
78757d346c,0.062416202807760536,0,Low
7880c6facf,0.1185563457746512,1,Low
788168531c,0.12106978328222821,1,Low
788373aa3e,0.1283289127413299,1,Low
7883c5c3a6,0.06870760819931337,0,Low
7886320a28,0.02854103589117877,0,Low
7886b04834,0.04078795802882451,0,Low
78926faaa3,0.09633654891776247,0,Low
7895f696f7,0.029999757913598643,0,Low
789c8fa034,0.18688296284779868,1,Low
78a8c8fac7,0.10494118184479284,1,Low
78aab1e48f,0.5271353599757632,1,High
78ad133695,0.23607546010709457,1,Medium
78b1590731,0.21672085799540722,1,Medium
78b327126b,0.16583634434337752,1,Low
78b56804f2,0.055677627038384754,0,Low
78b89bf2d8,0.1182878263025542,1,Low
78ba7b3f02,0.10298594178751426,1,Low
78ba93897a,0.4199212875977293,1,Medium
78bb7797f6,0.277458633764067,1,Medium
78bcfc4656,0.19632817433783276,1,Low
78bd3f22f1,0.09415821400161059,0,Low
78c1cd5e3e,0.0846120052823744,0,Low
78c706cc8f,0.15662638422482422,1,Low
78d2586284,0.17049776966704389,1,Low
78d571686f,0.2382032707109822,1,Medium
78d61215ce,0.15831427009195365,1,Low
78d6f62392,0.08566815390047974,0,Low
78d9cead08,0.04497187486986295,0,Low
78da1b67db,0.11066939587996295,1,Low
78dd8f5fce,0.15416221123721063,1,Low
78de389be8,0.1691206908464724,1,Low
78e60abf96,0.2109279359750559,1,Medium
78e716362c,0.03622280055945973,0,Low
78e7a64a34,0.20978135224646552,1,Medium
78e7d44cc1,0.5196268380377809,1,High
78ea1f4732,0.07676581473722177,0,Low
78ebc35e10,0.1427044088140765,1,Low
78ee6d36a7,0.10683575304968347,1,Low
78f3780b50,0.15399469790702988,1,Low
7905c7a2a5,0.10341452691386459,1,Low
7907f6d30e,0.024178696575703252,0,Low
790af3d0b3,0.1205986769031527,1,Low
790b856f12,0.037662205569564164,0,Low
790bdb9255,0.04749579670039832,0,Low
791028ba7a,0.15405097548839694,1,Low
7910db1747,0.1054824810198897,1,Low
7916d2a28e,0.12529304599018895,1,Low
79173eb91e,0.10867873766852874,1,Low
79186c93ec,0.04017003828903339,0,Low
791b749a54,0.10919477200038434,1,Low
792222af4b,0.08460641548244689,0,Low
79239b2330,0.07296313656126313,0,Low
7923bd9ba1,0.11396830331717589,1,Low
7928ac14cf,0.0751169344599654,0,Low
79295da644,0.21651532648397465,1,Medium
793660b089,0.04999452473934585,0,Low
7938a7480f,0.025170817605417062,0,Low
793cfe7fe6,0.04235736801780599,0,Low
7949341ad1,0.052333113121666136,0,Low
794b65b265,0.045450890319813454,0,Low
794fdbaf39,0.24511112968691987,1,Medium
795127f8b4,0.2777313881304962,1,Medium
79513b95f6,0.09106024139850002,0,Low
795210fe0b,0.08430253681067205,0,Low
79531b090d,0.023090971485794407,0,Low
795e59e06c,0.03364509594946106,0,Low
79610048a0,0.07362194641496607,0,Low
796837abb1,0.2142800245406292,1,Medium
796e1ba200,0.29414844232818516,1,Medium
796f442b4c,0.025964171264464868,0,Low
7971c8e01e,0.2732920416833655,1,Medium
7974c30ff2,0.2707783663116482,1,Medium
797ec07572,0.09747086627258017,0,Low
7981eebcd1,0.0254570082824716,0,Low
7984f95995,0.23030179302928422,1,Medium
7988f08ad9,0.0949288198966768,0,Low
798c092b12,0.06531830686626033,0,Low
798d97d7a8,0.05663913231455725,0,Low
799450256f,0.28363611748658374,1,Medium
7995657d55,0.022220139056631134,0,Low
799ad4bbf8,0.02280894499830245,0,Low
799e015d80,0.027889574628510782,0,Low
799fde16b2,0.28042755479055176,1,Medium
79a2115694,0.055304788883658786,0,Low
79a7368989,0.029289852413773514,0,Low
79a9744617,0.030990840816102826,0,Low
79aac77166,0.17675939670906163,1,Low
79ab9891cb,0.058148591555538656,0,Low
79ae80b0c8,0.1830396932601872,1,Low
79aea47117,0.10704935660567652,1,Low
79b00d9771,0.08625206599270342,0,Low
79b8e818bd,0.2523980185102651,1,Medium
79b9cf08f5,0.10318878240024709,1,Low
79ba7b8985,0.22473365066159467,1,Medium
79bacd7b8f,0.04751774119139639,0,Low
79be654b7f,0.03192529219125642,0,Low
79bf1717e2,0.2134677666249671,1,Medium
79bfe77087,0.10396820162696797,1,Low
79c405eb17,0.06836614575776122,0,Low
79c8be1133,0.119321694308437,1,Low
79cbcb9157,0.06302918324256476,0,Low
79cd993b72,0.15472427215365622,1,Low
79ce1fc3cd,0.02082925401603302,0,Low
79ce2daaac,0.1487460111034237,1,Low
79d4162990,0.2501290636485544,1,Medium
79d5aa1052,0.10642895694802364,1,Low
79da277488,0.14011289924202305,1,Low
79dbeab0de,0.022121855642760792,0,Low
79e188d622,0.12581909368565658,1,Low
79e3412049,0.15925686621529653,1,Low
79f593db9f,0.21480278646361467,1,Medium
79f70eddf0,0.079414721544373,0,Low
7a00374096,0.0650162977842426,0,Low
7a028f4696,0.08893481333564698,0,Low
7a05ed1376,0.04371916828158878,0,Low
7a073b3ce3,0.18556770463492797,1,Low
7a1338d3d1,0.08106510985691852,0,Low
7a1f21aca3,0.10735359411506933,1,Low
7a20fa19f5,0.1824807609995316,1,Low
7a2b43a51f,0.11817968435085588,1,Low
7a2baffa97,0.27630589551383694,1,Medium
7a2cf3c2a5,0.13308160033384905,1,Low
7a38af89bb,0.09901407010268068,0,Low
7a3ca3f954,0.05124541878243611,0,Low
7a3d23bdbe,0.12125983506551032,1,Low
7a47c404b3,0.14108600434503016,1,Low
7a47d74d85,0.1948060531101579,1,Low
7a4871e01f,0.13256195667216883,1,Low
7a48c44d75,0.04067827206486694,0,Low
7a509feffb,0.1540140190049631,1,Low
7a59f819c8,0.4371031754011981,1,Medium
7a59fabc59,0.07583615645158938,0,Low
7a5aedd001,0.020640111841391057,0,Low
7a60bf0618,0.0633237987043816,0,Low
7a6a958d8b,0.2245613352592932,1,Medium
7a6afb0461,0.11194849892341088,1,Low
7a6c35d114,0.21393017671433195,1,Medium
7a6c3a99ad,0.03515655283173813,0,Low
7a6db876b3,0.09715756146513914,0,Low
7a71244677,0.1137926163443129,1,Low
7a73a478c8,0.06265766682387318,0,Low
7a743f8db0,0.17974503152593524,1,Low
7a75a3b0d4,0.20901588937222557,1,Medium
7a7df4ddae,0.05567579518980003,0,Low
7a7f5018c4,0.04766671314278708,0,Low
7a7fda3128,0.1806733423441744,1,Low
7a82764622,0.09598297109434349,0,Low
7a83ccc29f,0.1762584546900871,1,Low
7a89d3941b,0.11644951319621397,1,Low
7a8c6742bf,0.5080567017755125,1,High
7a8dfff7ab,0.23085010226106195,1,Medium
7a8ed487bd,0.09736075867772849,0,Low
7a8fda42f6,0.09848722913839912,0,Low
7a902d4bad,0.1412373985240395,1,Low
7a9cdad5e8,0.2377228267425682,1,Medium
7aa35e6c9a,0.06537841874917139,0,Low
7aa50fcf93,0.2534045021335814,1,Medium
7aaeeffdf8,0.437040291349782,1,Medium
7ab5bcd97c,0.18673073433520393,1,Low
7ab9898c4e,0.06589208827596645,0,Low
7ac498bd44,0.03501843280885089,0,Low
7ac89023e2,0.11371297083740353,1,Low
7acff456c9,0.0696890376134823,0,Low
7ad05e3ab9,0.1984705407351672,1,Low
7ad4801f6f,0.04091640524127613,0,Low
7adc42e16b,0.234848373514772,1,Medium
7adf45c646,0.17824957050760537,1,Low
7adfa56e60,0.10308817193693337,1,Low
7adff080b0,0.15514902036485817,1,Low
7ae5b61d82,0.04974126174488694,0,Low
7aeddb7ebd,0.283139922538238,1,Medium
7af040b3c9,0.19895550919337993,1,Low
7af1b6cf87,0.0757543706555719,0,Low
7af3876536,0.1062500529206756,1,Low
7af7f94e2d,0.05229689805553352,0,Low
7af8c768a4,0.15979369266275692,1,Low
7b05a2c974,0.03832900975042533,0,Low
7b0c590063,0.13129333482709127,1,Low
7b0fa05f86,0.07542240547619464,0,Low
7b113c6434,0.1668777366201631,1,Low
7b141cec2d,0.07475185626559268,0,Low
7b1442c175,0.13578675422366673,1,Low
7b175da3de,0.04315353775907439,0,Low
7b17a68e12,0.026148413493814474,0,Low
7b185161d2,0.22101332693531217,1,Medium
7b1c5094c7,0.061157971881172724,0,Low
7b1fcabd8e,0.11877082173133496,1,Low
7b214bb68e,0.12266987733841836,1,Low
7b341a0bde,0.1760682729921514,1,Low
7b39d5c9e6,0.07307859747021968,0,Low
7b43c49055,0.09668516656373684,0,Low
7b4c6d3586,0.04978239336726895,0,Low
7b4f55943d,0.17327421631956566,1,Low
7b51f26f2c,0.05758649869330564,0,Low
7b5aa1555b,0.21863815536850914,1,Medium
7b5bbfe6a4,0.049922874589448135,0,Low
7b5c52ad0b,0.3692788164364101,1,Medium
7b60f21fad,0.03251412753589489,0,Low
7b60ffe8a7,0.031159165607723922,0,Low
7b628b18b9,0.04119843906496407,0,Low
7b6487a0c0,0.1460407576746969,1,Low
7b65eb42b1,0.2552169511295486,1,Medium
7b679f65d2,0.15523793079248005,1,Low
7b6bc0eecd,0.07440182160032216,0,Low
7b6d3b3efe,0.11454374205770505,1,Low
7b709204ff,0.17056384676152442,1,Low
7b71c664a3,0.1498234614758295,1,Low
7b7cf3a932,0.317573694393265,1,Medium
7b8b7b02a3,0.0484103976002602,0,Low
7b92bef3a6,0.09692211132774278,0,Low
7b9b9cbac0,0.09413905954330529,0,Low
7b9e3678cf,0.1474007705815055,1,Low
7ba0c9b999,0.21297650367025284,1,Medium
7ba3192cd7,0.029797000988337666,0,Low
7bab01cd1e,0.023693816972972404,0,Low
7bb4aac84e,0.030849749448200903,0,Low
7bba391022,0.07549519999726054,0,Low
7bbb324a2e,0.10502728607072219,1,Low
7bbda2c89f,0.05030708496425246,0,Low
7bc24e454e,0.16003879077672667,1,Low
7bc7b13e97,0.28342731282311595,1,Medium
7bc9f2379c,0.681298156637489,1,High
7bca37695b,0.7308998337797179,1,High
7bcc960041,0.1269312085057149,1,Low
7bd154b305,0.05949302907584986,0,Low
7bd51c2ed3,0.04202373928170561,0,Low
7be7bc1b51,0.10977121519090592,1,Low
7be8696990,0.0273789028903854,0,Low
7beac3d249,0.16273246769618882,1,Low
7bf33250b8,0.03873413909398123,0,Low
7bf38fb559,0.19084189938920348,1,Low
7bf4e367ec,0.04017318042300212,0,Low
7bf676d8fb,0.03265097820057889,0,Low
7bf9caede3,0.20283212536414158,1,Medium
7bff435045,0.019571949740497967,0,Low
7c022007a8,0.3667147944175671,1,Medium
7c032a3efb,0.10842873999461272,1,Low
7c097420e1,0.045123116737107366,0,Low
7c0b61b698,0.08736565689085726,0,Low
7c0e2b270c,0.08955958570021971,0,Low
7c19a829d5,0.19369499679399108,1,Low
7c1aeccf0f,0.01783711523939014,0,Low
7c1af4fa04,0.0664985074059054,0,Low
7c1b5e4b94,0.08508769781224593,0,Low
7c1c3bdb90,0.03560686500928561,0,Low
7c21cd3189,0.025935534662454175,0,Low
7c2dafbef8,0.1257918253400338,1,Low
7c338f2743,0.15226575686490576,1,Low
7c394852e6,0.05986667342481755,0,Low
7c39638884,0.17499920926642995,1,Low
7c396d3997,0.04195671060914582,0,Low
7c39b050d5,0.12227873269166056,1,Low
7c3d2d4be9,0.09819472526925031,0,Low
7c43ed0b18,0.07523138681010659,0,Low
7c446e540a,0.13956776377484337,1,Low
7c471a74b5,0.11323562976863644,1,Low
7c50bbb80e,0.028631927819713885,0,Low
7c5abb014f,0.03562096845365911,0,Low
7c5c4e49be,0.1500239021743486,1,Low
7c6107460a,0.12520771395754543,1,Low
7c696616e9,0.07064753061916405,0,Low
7c6dfcdb7f,0.028151387582670495,0,Low
7c7248432b,0.8325509682317964,1,High
7c75fded04,0.04931790610331465,0,Low
7c78a812c6,0.047142170364945495,0,Low
7c78f7ebb3,0.053239077030236136,0,Low
7c7d241a3d,0.0702028446951782,0,Low
7c7e4e43b1,0.08564948174113464,0,Low
7c7ec4d1fc,0.036838203600932005,0,Low
7c87bf3bb9,0.16259220875603686,1,Low
7c87d65ab1,0.07681525870231425,0,Low
7c881fb37e,0.0604284012622828,0,Low
7c8e1439cc,0.0470900316647098,0,Low
7c949e31d8,0.3521479850717017,1,Medium
7c95bc9e76,0.15099522018848896,1,Low
7c976ee634,0.1037567889447972,1,Low
7c97cc9210,0.5007218035014733,1,High
7c9861e6b4,0.1023405708870984,1,Low
7ca265698e,0.1443473366919067,1,Low
7ca4f1b699,0.021181017695854322,0,Low
7ca5d71cd4,0.022138381640799235,0,Low
7ca84c2bee,0.032000655363619825,0,Low
7cacf7439c,0.07838248800725887,0,Low
7cb473c876,0.13861451948622952,1,Low
7cb641bd0b,0.043085665948313125,0,Low
7cb6de85cf,0.22728459973617382,1,Medium
7cbc2786ff,0.23535616780931812,1,Medium
7cbcf2f9e5,0.05152674918633565,0,Low
7cbe1c6a5e,0.11157145532638683,1,Low
7cc1b66ce0,0.053400715740289886,0,Low
7cc3cef39c,0.09033084237071683,0,Low
7cc6b3ebd3,0.11205427043871052,1,Low
7ccac34c36,0.09814926956615873,0,Low
7cce254e60,0.5868850062454231,1,High
7cd167d2f3,0.11943160525260353,1,Low
7cdac669da,0.07165259803046452,0,Low
7ce44d0783,0.33819209639721887,1,Medium
7ce4eeac86,0.06176440955717083,0,Low
7ce553ab82,0.08733595933933988,0,Low
7ce7601f7c,0.10315658629422783,1,Low
7cea560250,0.18511187261934303,1,Low
7ceaaa21e2,0.04475106894015512,0,Low
7cee6e0152,0.17190752021005115,1,Low
7cf127d8f6,0.29230468373226426,1,Medium
7cfcd23086,0.014935294569971754,0,Low
7cff54d5ef,0.07600911743916995,0,Low
7d00c66e19,0.06680894890189969,0,Low
7d0498fe44,0.11832497648486519,1,Low
7d057a78af,0.13971245197267027,1,Low
7d06388ca8,0.08187117798993175,0,Low
7d08f59e15,0.03643468116082944,0,Low
7d0a331acc,0.088323411030245,0,Low
7d0b7a199a,0.035889406710866344,0,Low
7d0ddf7d3f,0.15748893160548968,1,Low
7d11f90d8a,0.34591553955316723,1,Medium
7d1295854d,0.10733212012119378,1,Low
7d1a467985,0.18792276395969876,1,Low
7d2307997b,0.2087381221065911,1,Medium
7d2631ec1d,0.0296128130661134,0,Low
7d276b7df1,0.09425126947384208,0,Low
7d2ae56b27,0.4155485435282215,1,Medium
7d2f9f6f6f,0.6075095572342609,1,High
7d33bf944e,0.07014055619729886,0,Low
7d35e75319,0.15034931235910282,1,Low
7d3a307c99,0.10248585048531345,1,Low
7d406d2081,0.24858133020438244,1,Medium
7d42d2b277,0.06742649176024225,0,Low
7d48238f2b,0.2329747618734299,1,Medium
7d4edb5d43,0.2247222855303628,1,Medium
7d521545c1,0.14745177404898543,1,Low
7d5275e71d,0.036752015055986756,0,Low
7d578b86e4,0.14481630321670505,1,Low
7d617a7d89,0.21344834547590785,1,Medium
7d63fd7208,0.06478709899558918,0,Low
7d6751b50b,0.5434348926310222,1,High
7d6c1a89dd,0.6321328218390803,1,High
7d6ce253dd,0.13314714435082595,1,Low
7d75a4e52e,0.1208268866653545,1,Low
7d7739f1b9,0.07801614911855717,0,Low
7d796cfea5,0.5942428318360392,1,High
7d7af6e1e3,0.07190564367481965,0,Low
7d8820a359,0.08484766450247751,0,Low
7d897b2be5,0.08651392127076579,0,Low
7d8b3a06f5,0.2183068997585525,1,Medium
7d91fac6b7,0.12358874309136803,1,Low
7d93df4d82,0.2584373608972818,1,Medium
7d994ee884,0.3917456596072984,1,Medium
7da28d9d27,0.036521227030215785,0,Low
7da35eb2a2,0.11962735157972727,1,Low
7da38263b7,0.18325208412570587,1,Low
7dae544d9d,0.09463069595885953,0,Low
7db5d9b6c1,0.033276148974924404,0,Low
7db66d41f3,0.1050908766073332,1,Low
7db912bd7c,0.18720200619221758,1,Low
7dbdeeb3c4,0.04612562437647058,0,Low
7dbe379189,0.3318555914920938,1,Medium
7dc7aab4f6,0.0570982945355777,0,Low
7dc9f6c219,0.07413650194199832,0,Low
7dca3823b6,0.17209277699459102,1,Low
7dcbc05a81,0.260464187846916,1,Medium
7dcf5f0ddc,0.0343105112750592,0,Low
7dd0475dbb,0.4082738590828467,1,Medium
7dd1b34fa3,0.08927313326047301,0,Low
7dd287826b,0.057890589334753585,0,Low
7dd55a63c8,0.33376980346569546,1,Medium
7dd6ba28f4,0.16095476082757867,1,Low
7dd6ccdecd,0.07426710896432712,0,Low
7dd9dec6b4,0.10652726961465556,1,Low
7ddd72b97a,0.07608596596590268,0,Low
7dde45ef97,0.05824443461879248,0,Low
7ddffe235b,0.3941525071602355,1,Medium
7de2fd1298,0.026913228494949606,0,Low
7de3c30042,0.21293395045960342,1,Medium
7de6564aa0,0.18470706611482127,1,Low
7de75d26b0,0.052751966342358625,0,Low
7df597edf7,0.04241894434175231,0,Low
7df6e9b740,0.24719674681984732,1,Medium
7dfbfbfe55,0.04961927969929474,0,Low
7e04ff9e54,0.06732141383791727,0,Low
7e05119a5c,0.10422021968301794,1,Low
7e0ad53c11,0.14374645659836002,1,Low
7e0fcc7e34,0.02231187007892303,0,Low
7e13f9dcc2,0.07077894476470364,0,Low
7e15bc24fa,0.20807954611845694,1,Medium
7e176c8b2c,0.057031337889239676,0,Low
7e17ee750c,0.025436099748256134,0,Low
7e183f46dc,0.046185291128119754,0,Low
7e1c1598e3,0.11495882538874715,1,Low
7e1d1dadc2,0.10904002326822701,1,Low
7e2221674c,0.0939696835533566,0,Low
7e2418ee27,0.14472351490403082,1,Low
7e24c7419a,0.05409006545821348,0,Low
7e2c012f72,0.2542384721065258,1,Medium
7e2ec3b3b7,0.11735099100761946,1,Low
7e31385308,0.03901553511132624,0,Low
7e344046b9,0.22508683674546184,1,Medium
7e36900592,0.09551170880406722,0,Low
7e3aace57d,0.22073066994145613,1,Medium
7e3d5377e7,0.03834481673971703,0,Low
7e474b5996,0.08116807721764874,0,Low
7e4a993948,0.046954301967942105,0,Low
7e4b7c9891,0.053627816216815755,0,Low
7e4cfcbcae,0.31242105054725205,1,Medium
7e4d13f72b,0.08696047087658607,0,Low
7e502a9e60,0.07035687695167944,0,Low
7e50a6d72e,0.1521283841869615,1,Low
7e50adcfc7,0.09906304284959251,0,Low
7e51d52a01,0.21601469144400082,1,Medium
7e5245c07f,0.11058958183714761,1,Low
7e5bd9b284,0.2669327552035198,1,Medium
7e60fc9c3f,0.15988931588835148,1,Low
7e63cb517b,0.05618463146507533,0,Low
7e63df7c78,0.0629995677333834,0,Low
7e6cf7d54a,0.08687531969941543,0,Low
7e6e768248,0.1618143248083518,1,Low
7e6fadf1b4,0.05618563765896173,0,Low
7e733739a1,0.052524517171803835,0,Low
7e76d993d7,0.026105881444350762,0,Low
7e787482d3,0.21876430256924087,1,Medium
7e7cd95c5c,0.07325922231578169,0,Low
7e7ff777ac,0.03824575300991875,0,Low
7e86ea0c8d,0.060175988815405895,0,Low
7e8ac74844,0.5823553852476026,1,High
7e9083dd46,0.5562549272498863,1,High
7e91d5432d,0.03796330309934581,0,Low
7e941b3435,0.03925655208818858,0,Low
7e957bce5d,0.14756265825364512,1,Low
7e9a7b65b7,0.0988322801753943,0,Low
7ea30f0203,0.05602275078659954,0,Low
7ead1a15cc,0.045155524795852345,0,Low
7eb168cafc,0.04931395808674204,0,Low
7eb7e9ae44,0.12688769980581616,1,Low
7eb7f12813,0.03139812404225204,0,Low
7eb8ce2f9b,0.1644197042098084,1,Low
7ebafa26ba,0.14021360880610528,1,Low
7ec54d8b5a,0.15146872625644178,1,Low
7ecb75aac5,0.06695841254873482,0,Low
7ecc6489bd,0.403772119499444,1,Medium
7ecd36f9f1,0.18624537910210975,1,Low
7ed0a3106f,0.1404944177370076,1,Low
7ed2ed0ae4,0.2208950699151194,1,Medium
7ed397aac5,0.4578319732800486,1,Medium
7ed5906eb6,0.20857861000264638,1,Medium
7ed8f22d7c,0.20167156707723582,1,Medium
7ee297bb7e,0.08157296327624525,0,Low
7ee7a71b8b,0.08576611561411226,0,Low
7ee9a60b82,0.03886259805099886,0,Low
7ef022fa1c,0.028879931041624386,0,Low
7ef7909f93,0.15273823732927336,1,Low
7efc8f44ce,0.06291401009120914,0,Low
7f0237faac,0.20661928034223292,1,Medium
7f051e469a,0.203090231112007,1,Medium
7f0b5d2ebd,0.25808405725011585,1,Medium
7f16551e2c,0.02972671368972298,0,Low
7f18def47a,0.15070239324707965,1,Low
7f1c785c3d,0.07998941237575184,0,Low
7f1caf3d0f,0.06526414871042024,0,Low
7f1dbc2ed8,0.08808331963201096,0,Low
7f1e510fea,0.10476859038243547,1,Low
7f255dfd90,0.18361100155462112,1,Low
7f2b6d12eb,0.10080120930234815,1,Low
7f2bafdecd,0.044635223242819655,0,Low
7f2ccbcc21,0.15276674846226607,1,Low
7f398b1bde,0.1263181863685846,1,Low
7f3a837233,0.10883804669447014,1,Low
7f3f67f186,0.10157304840538706,1,Low
7f43cdd5e2,0.07589251404276821,0,Low
7f4410844d,0.024069955375141738,0,Low
7f45603775,0.08830033068936063,0,Low
7f495c0262,0.12897113151326625,1,Low
7f4ae26045,0.44767957861019214,1,Medium
7f4e7f6b8a,0.42898925844824015,1,Medium
7f4f5ecf54,0.10621130676437014,1,Low
7f50c6843a,0.12996990267965128,1,Low
7f5473d6d4,0.0690250440471293,0,Low
7f5759b3e4,0.018320204051859294,0,Low
7f57b6b8f2,0.05739643751408299,0,Low
7f58d773c2,0.02813093403185839,0,Low
7f643c6a5e,0.09802397232992337,0,Low
7f64f706b1,0.15848215793072584,1,Low
7f6a90f2fa,0.040528525346398406,0,Low
7f6f59df11,0.18313406742860652,1,Low
7f770a72fd,0.07087905256578622,0,Low
7f79abf933,0.14568367131649557,1,Low
7f80d8f905,0.032126422406815666,0,Low
7f818f95d2,0.29705156653033593,1,Medium
7f8da22503,0.12331521558256835,1,Low
7f8f02efef,0.10882488008763344,1,Low
7f93e244c4,0.22792905166064822,1,Medium
7f987bd07a,0.09795930179354963,0,Low
7f99aa64a2,0.3473629578329782,1,Medium
7fa201d3f3,0.12240390283571594,1,Low
7fa3d5de18,0.11953880846028477,1,Low
7fa69087fe,0.054732204465846916,0,Low
7fa9786078,0.24302486955708524,1,Medium
7fb43f1166,0.14372835596950598,1,Low
7fbe3e74e6,0.11235859673347666,1,Low
7fc5779474,0.07480676409998312,0,Low
7fcc4dd256,0.043029524884888884,0,Low
7fd3df77df,0.17131607732359808,1,Low
7fd6cecd11,0.1870159706885265,1,Low
7fd86e0976,0.04093643289998283,0,Low
7fe20fd686,0.05960702696756126,0,Low
7fe2d789ca,0.038618202623418106,0,Low
7feb600505,0.1697442247644423,1,Low
7feda734d4,0.1927367027350116,1,Low
7ff2970767,0.052649437730997756,0,Low
7ffb3bced0,0.0566916139347196,0,Low
7ffe80493a,0.33713932492478244,1,Medium
800998bfd8,0.28839232115931823,1,Medium
800f3cee86,0.1465102637220908,1,Low
8014e4623e,0.0665979042503441,0,Low
801a6a2d80,0.12441985205928639,1,Low
801e75b705,0.18008945893683487,1,Low
80220bc528,0.1590985238380137,1,Low
80240b2527,0.05920596085014214,0,Low
8025272fb1,0.29359469581356107,1,Medium
802601be35,0.06028201202310755,0,Low
8029220482,0.08829793821669817,0,Low
802cd3b32b,0.1674153285343059,1,Low
803517462a,0.24177205048387504,1,Medium
8038a45f75,0.052190360341467935,0,Low
803a100d6f,0.1527236758161305,1,Low
803e449d65,0.2049806418574234,1,Medium
8043c7b2da,0.20994114902629732,1,Medium
8045b98992,0.04535928668457879,0,Low
80490a8706,0.037545764368639496,0,Low
804ae7693e,0.47575123442847095,1,Medium
80520be91b,0.3065658778593279,1,Medium
8058266d63,0.0667445635546894,0,Low
805b03cd0d,0.09570010360098538,0,Low
805e297ac3,0.4655462412949921,1,Medium
8064871dc0,0.02615611040927698,0,Low
806b847c63,0.15509251250523193,1,Low
8076437a84,0.19262337709712563,1,Low
808303a5de,0.03473470072442989,0,Low
809133cc91,0.21979714544013557,1,Medium
8092bc6c27,0.27808732851349605,1,Medium
8097f0c108,0.31413705098668504,1,Medium
809bb7a554,0.12631094203960258,1,Low
809bf261af,0.13667097750108886,1,Low
809e09a131,0.1560523257604384,1,Low
80a1673cc2,0.26232192635156687,1,Medium
80a2fa4f22,0.058424697823128875,0,Low
80a6e110f2,0.04257408069728814,0,Low
80a71c8094,0.09668571105541313,0,Low
80a8d6d49d,0.041555277508767884,0,Low
80a922ef66,0.0740753109264244,0,Low
80ac915368,0.09316514975378745,0,Low
80b5f82c48,0.15065953621355677,1,Low
80b7f04c79,0.06257492740100788,0,Low
80b81952ae,0.027818976129066763,0,Low
80b8d3a8ce,0.0896164317863428,0,Low
80b95a158d,0.11971755287531496,1,Low
80bad6caf5,0.1044091363339021,1,Low
80bb5413a4,0.05714953060852127,0,Low
80c37f6ca4,0.411256230939953,1,Medium
80c70ea7ef,0.05073127582375005,0,Low
80c9f3b83f,0.4307193310655767,1,Medium
80caa6c91e,0.10275290213354873,1,Low
80cf2ce241,0.08612931103151727,0,Low
80cf3e6c50,0.2304224275300894,1,Medium
80cf3ff698,0.07284494040778855,0,Low
80d7c21232,0.19213263079998408,1,Low
80daa79ecf,0.41751683967877357,1,Medium
80e0aa6811,0.02981977285532801,0,Low
80e1e0b711,0.683163472410868,1,High
80e1ebe3c9,0.09452783519327396,0,Low
80e2d5842b,0.18646483674553832,1,Low
80e2e52625,0.051586991635078204,0,Low
80e44c7451,0.10271774130360335,1,Low
80e6faea1c,0.30718618003810944,1,Medium
80f41b89c0,0.07104418002715407,0,Low
80f8e404ee,0.03693425996171364,0,Low
80f9e8bc7c,0.09671383374574309,0,Low
8101f4fbb9,0.24805546014017568,1,Medium
8102a1b484,0.027630869891209556,0,Low
8104232a9f,0.16817324285836358,1,Low
810b4449b5,0.11791079919712759,1,Low
810b76efdb,0.052412780385143236,0,Low
810d88bd4d,0.3512398864739673,1,Medium
810f39c9f9,0.1538740990719371,1,Low
8113509496,0.09785765684297167,0,Low
8113b3c4f6,0.056259157290272956,0,Low
81181f8955,0.03351932835135463,0,Low
811ac5bd1f,0.09668649947272574,0,Low
811bb43165,0.10004694439920844,1,Low
811e97fbd0,0.24791382706185056,1,Medium
8123c283e2,0.05902144563930787,0,Low
8124462fd6,0.09696901324160134,0,Low
8128ebd340,0.044518024324496044,0,Low
812a99c796,0.0562949524479447,0,Low
812b0e4df4,0.11493446308824874,1,Low
812bc2f33c,0.022463006057013145,0,Low
8131ec5e27,0.24578486355530127,1,Medium
81337dab9c,0.04567755547361245,0,Low
813ca4a10b,0.15831942922304681,1,Low
813fdfc8a5,0.06807840339642755,0,Low
8143eb2dd8,0.0417143711248652,0,Low
814c055d4a,0.06199287708068761,0,Low
8150661192,0.11448337963689505,1,Low
8150d4d255,0.026022793085082707,0,Low
81584f228d,0.09701504250460702,0,Low
815e8cc667,0.20638397080226162,1,Medium
81618208fb,0.17617682874081786,1,Low
81620fbfc0,0.06563528742378649,0,Low
81621b4c0a,0.0950114587308561,0,Low
816fb89536,0.10493726287584988,1,Low
81713e7462,0.06264530967262626,0,Low
8173f0946e,0.06097448727839253,0,Low
8174e2746c,0.19210864058001578,1,Low
8178b85e30,0.18659668920977263,1,Low
8179cbd8d0,0.17366005873576887,1,Low
81809c8793,0.1470991423773966,1,Low
8184c5ee68,0.3418727813934646,1,Medium
818ab0c6e7,0.09082643362180587,0,Low
818c9ea387,0.04732395937920199,0,Low
8191739c98,0.26170604381524,1,Medium
8192275cd4,0.4160533579520738,1,Medium
819236070e,0.13515124061904793,1,Low
81955e1e4e,0.14482078767101297,1,Low
8199cda6e7,0.029907022401750867,0,Low
819b0e4eb7,0.0905265222715841,0,Low
819d3705e2,0.5511745344672687,1,High
81a1a08261,0.04423346524908907,0,Low
81b2cbc253,0.04339566239654571,0,Low
81b42e338b,0.17759609114303465,1,Low
81b63d8b21,0.05344813488067364,0,Low
81b6c9a9ec,0.026362662892361048,0,Low
81b8fcf23d,0.10117644886729607,1,Low
81bc4f2d65,0.42902475461691786,1,Medium
81c18dddd7,0.20842767150978023,1,Medium
81c3ccac5c,0.255700433104895,1,Medium
81c4317f83,0.08920836722157571,0,Low
81c4806470,0.053473779893501265,0,Low
81c4b3324a,0.284103552789773,1,Medium
81c8400d25,0.11986945384420646,1,Low
81e2bd876e,0.09171888537498891,0,Low
81e3007192,0.08902107003280016,0,Low
81e56d153d,0.1213660562338853,1,Low
81e6415d5f,0.4380082872089084,1,Medium
81e6693a5a,0.025416984191352715,0,Low
81e6d06b39,0.08935746279556629,0,Low
81ebd529de,0.021091812302291336,0,Low
81ec2cf7e7,0.06022781905638103,0,Low
81f08f7c51,0.11099396487576743,1,Low
81f36b771b,0.028077277744196404,0,Low
8201ffd580,0.031640714070955235,0,Low
8203ba061e,0.03080488850134676,0,Low
820773f17b,0.27555507145133296,1,Medium
820d623f58,0.013983331756148661,0,Low
820e8922ef,0.03744374299478808,0,Low
820e91b789,0.08496128010933358,0,Low
8211aaf7f9,0.08265376228822896,0,Low
82182c0f24,0.10441414478178018,1,Low
821b534d48,0.14840633344068951,1,Low
82213e73da,0.16084182243471642,1,Low
822a5adff3,0.07979121805445603,0,Low
822fafb334,0.2682302427832674,1,Medium
823404155c,0.042981700093513195,0,Low
8235d81cb6,0.13469220843431148,1,Low
8236a6b7c6,0.5562698589564965,1,High
8241889383,0.24316776532239906,1,Medium
824396245d,0.18702538857786563,1,Low
82482e2c4b,0.19078656828530263,1,Low
824eecaf27,0.040631439740803084,0,Low
825156a661,0.04840097485120878,0,Low
82567bec72,0.07767416738684746,0,Low
8258873b37,0.03220142679041525,0,Low
825acf482e,0.1920564958620546,1,Low
8260059279,0.18134455611909173,1,Low
826fa63df7,0.06765899083800815,0,Low
82745c56ed,0.036091247372464386,0,Low
8274ed302d,0.078686482325382,0,Low
8275d481bd,0.07166129611259478,0,Low
8277d53636,0.03824606362422067,0,Low
8279f2c8be,0.33139065113272514,1,Medium
827ab14aac,0.0800647214350872,0,Low
827ac12ccd,0.10985577893559623,1,Low
82880d67fe,0.1664786496326876,1,Low
8295c99755,0.10745520777272216,1,Low
8296656048,0.06581947414383722,0,Low
82a02b3719,0.14730657876084288,1,Low
82a3715e7a,0.04063351412978952,0,Low
82a657d859,0.07347718535281633,0,Low
82ad9a2237,0.06671626210213596,0,Low
82b6acfe3d,0.05310044239112856,0,Low
82bd74bd18,0.4389758120766105,1,Medium
82bd976a8a,0.03280755935803984,0,Low
82c642028e,0.03487661337433346,0,Low
82c6ac3a87,0.12289102462130261,1,Low
82c7142625,0.02934600839529613,0,Low
82d4b64297,0.05599591940794798,0,Low
82da0aaabb,0.03650565934504616,0,Low
82dfd7da29,0.15594393313395935,1,Low
82e28ca00d,0.1415458534480684,1,Low
82e4ea07e0,0.5692723798538986,1,High
82e534c04b,0.08073092266298254,0,Low
82e540fc45,0.043398099203427194,0,Low
82eae7e4fa,0.019509388549691344,0,Low
82eb1d3be1,0.09519259006537935,0,Low
82efb2c05e,0.09433067123203183,0,Low
82fe1fee19,0.5951220209013633,1,High
8304dca4bb,0.2890586922464297,1,Medium
8307cb6503,0.2249051883472088,1,Medium
8313b964e4,0.12388565754491482,1,Low
8313f3a51a,0.2919300723905975,1,Medium
83153fab0c,0.04132124410911815,0,Low
83165e8671,0.15297340201629325,1,Low
8317bbf375,0.14342850863207468,1,Low
8319c58573,0.08613556813770333,0,Low
831a488d55,0.0877398218450579,0,Low
831d0d7039,0.30269352695700835,1,Medium
831dfc628e,0.10717431627244223,1,Low
83281dd28d,0.10855253939843877,1,Low
8331c7c5fe,0.1896342675636116,1,Low
8333d7957c,0.044122316566296435,0,Low
83343fb0ee,0.16968577616701594,1,Low
833850fec3,0.14943497334336836,1,Low
8339923bfe,0.09900240798922907,0,Low
8339a7f135,0.20486901430016888,1,Medium
833c813397,0.05612248743579423,0,Low
833f0050ed,0.04798464218467289,0,Low
8341c6558c,0.06662232535595956,0,Low
8341e7cacf,0.3567507122261788,1,Medium
8349098905,0.04290010637050399,0,Low
834ed94c67,0.07920499589288225,0,Low
834f067227,0.2066268873831187,1,Medium
8350560236,0.07550487551119094,0,Low
8350fb7772,0.17181073175816208,1,Low
8352e3f3e8,0.10788665837055138,1,Low
8357732f1e,0.0562235072913473,0,Low
835d8c0ea0,0.10674936511932036,1,Low
835e347261,0.02763358466910716,0,Low
83600ff87a,0.02492837775488794,0,Low
8360aeed9a,0.3601526667994574,1,Medium
836442ed29,0.04959085540625938,0,Low
8366b606b3,0.03302834777150944,0,Low
836defe4e8,0.034581276575462165,0,Low
8373e11c36,0.218182406874295,1,Medium
8374e1513a,0.18769299387409338,1,Low
837ab03aff,0.19113104220611485,1,Low
837c543323,0.03204220093015676,0,Low
837d6ee590,0.05456883351459411,0,Low
83880808d0,0.15079517667796033,1,Low
838f9213bc,0.0951054794285209,0,Low
8391dd54bf,0.08527345903014975,0,Low
839aa70be5,0.06143949599095993,0,Low
839bedc875,0.05955969164777641,0,Low
839fe1660f,0.24209933982656837,1,Medium
83a4b5a507,0.6765090912815571,1,High
83a8ff338c,0.15959413628535976,1,Low
83aa4f6893,0.2663404133578659,1,Medium
83ade26200,0.15465818143178064,1,Low
83ae0e3ffd,0.32604213893692224,1,Medium
83b0aadc77,0.06985036647891447,0,Low
83b16aa30d,0.037473405774073536,0,Low
83ba875cfc,0.14957982921356605,1,Low
83baac4ffa,0.12687451522711418,1,Low
83bb89b22c,0.028383708463478683,0,Low
83bbf60bf5,0.25151831678536585,1,Medium
83bf42040e,0.12224350768541205,1,Low
83c14afb7e,0.08984897522602892,0,Low
83c9429fa7,0.09276977232416041,0,Low
83ca4a37ca,0.11852112523873899,1,Low
83ce570e4b,0.2510599395341493,1,Medium
83d1a1d97e,0.03395623469726216,0,Low
83d536187d,0.07037421648863063,0,Low
83d95badb9,0.04448529299781143,0,Low
83dff1a774,0.045816442716798744,0,Low
83e3637d9e,0.28874036717322826,1,Medium
83e5cabe76,0.17175355490689503,1,Low
83e9bd6814,0.2084179426947695,1,Medium
83eae0a535,0.20689948476383654,1,Medium
83ebc573b2,0.040823601757444934,0,Low
83ef16ac6f,0.055144415861676205,0,Low
83f08bc628,0.03719106463717473,0,Low
83f61e9da5,0.07352631338513471,0,Low
83f78a0e1c,0.049164514356765436,0,Low
83facf8e4b,0.15114106943796207,1,Low
83fec1b800,0.06765937531965112,0,Low
840452535e,0.044898303157070454,0,Low
840965558d,0.241208399969155,1,Medium
840bb05750,0.08174505760394539,0,Low
8410a5c3a4,0.17728111621106707,1,Low
8411bbce8c,0.11964670244438973,1,Low
841443c3b5,0.03289995734126289,0,Low
841a89c66b,0.06132415288274862,0,Low
84208e1263,0.11056822912445627,1,Low
8421d60a22,0.27190096215610915,1,Medium
8426a41569,0.1720506764740716,1,Low
84271fe0d6,0.07067767796576215,0,Low
84308c17be,0.02736126704073069,0,Low
8431947b0a,0.08519823545702998,0,Low
843308eb71,0.06667020660850902,0,Low
8437e64aa7,0.14671818327159872,1,Low
8438c6a2a9,0.1664355204007034,1,Low
84425b785a,0.03916262571357342,0,Low
844b215c85,0.2597338228272531,1,Medium
8460a72271,0.17719331667679697,1,Low
8463db4c90,0.12539663797194434,1,Low
84686ee71b,0.02764831853653485,0,Low
846b198c66,0.09934117789452902,0,Low
846b939674,0.2311479215020781,1,Medium
84720574e6,0.11482698790910575,1,Low
847304cf29,0.03145654995520304,0,Low
847ac21fa5,0.2001874949396577,1,Medium
847db1bf89,0.1533837510196509,1,Low
84800e653b,0.17418296904238573,1,Low
8480a5d0b3,0.3204586636085136,1,Medium
848139a270,0.14083887869287498,1,Low
84828ff477,0.1652578288685757,1,Low
848501f46f,0.10975038359524286,1,Low
84870643e1,0.16247881344509452,1,Low
848c5addc5,0.15486402293943338,1,Low
84924ec4d6,0.0557014891640438,0,Low
84af6d93e0,0.06779745294967984,0,Low
84afe4569d,0.08252274809662435,0,Low
84b031d8dc,0.05313173129105124,0,Low
84b4c1fe7c,0.05573752427789136,0,Low
84b83c9a73,0.7278346454285569,1,High
84bc4b345b,0.1351066612483304,1,Low
84bc717dc0,0.0711491134920059,0,Low
84c3114913,0.13555081694305396,1,Low
84cb7b283a,0.43229986239736046,1,Medium
84cd424109,0.17886209639082795,1,Low
84e1f4a58f,0.3888959528815748,1,Medium
84e359bbab,0.12163069956420972,1,Low
84e61766fd,0.3447431554866393,1,Medium
84e7dc8686,0.16769400537082804,1,Low
84eb6de34e,0.19454884034901243,1,Low
84f1087e8e,0.12064217016630319,1,Low
85032af060,0.05331966889712176,0,Low
8506b487d8,0.24330272075060624,1,Medium
850bc2accb,0.022606310916581204,0,Low
850c7edb41,0.07686582959726612,0,Low
850e9765ba,0.09245087809788936,0,Low
851435d2bb,0.06630386113354217,0,Low
8514483d67,0.07523116397719569,0,Low
8515d6b50f,0.12538389424826096,1,Low
851965d3fd,0.11583361519026036,1,Low
851a231bc3,0.277004097123426,1,Medium
851a6cc83a,0.18570401193722125,1,Low
851da06046,0.3295918538434876,1,Medium
851fe16094,0.08904228393788416,0,Low
852159bdf3,0.15956943822217667,1,Low
85294ce76d,0.04005264787861473,0,Low
852d186406,0.19939894250202875,1,Low
852d98216f,0.07404527371438124,0,Low
852e6d3c59,0.12460172519573796,1,Low
85318cce3b,0.024674335156852946,0,Low
853698360a,0.0624689599615655,0,Low
8536f4981d,0.07661526235231077,0,Low
853c68de7a,0.11702244859018127,1,Low
853ffbc287,0.353709204125372,1,Medium
854204e8ab,0.35264571161411923,1,Medium
85497bc15f,0.15338635637885972,1,Low
855165875a,0.05778939465904297,0,Low
85537f8ab6,0.25080734597219506,1,Medium
85546e99b4,0.05735756187429001,0,Low
855507116f,0.25590522420216083,1,Medium
8561625694,0.13795993674998655,1,Low
85672edbbd,0.195650623454191,1,Low
8568a48a51,0.04966356315984923,0,Low
856c768b7b,0.12283249253573243,1,Low
857baa0e30,0.21405611673619182,1,Medium
857e7a915f,0.038829787359351026,0,Low
8582af7c41,0.10470042269708534,1,Low
85894fafaf,0.1443389276046439,1,Low
858b24bda4,0.4930792622646419,1,Medium
859735bc9f,0.019268889244533294,0,Low
859b7ad489,0.029083809206601956,0,Low
859e21a471,0.046602832745954,0,Low
85a6c03843,0.3955243764769041,1,Medium
85a9007c01,0.03924116852929867,0,Low
85a966549c,0.028550286982588626,0,Low
85aca46344,0.035465540855777515,0,Low
85ad789de0,0.18492436398501225,1,Low
85b213bea0,0.21790451003188496,1,Medium
85b27ae20d,0.3122912274374335,1,Medium
85b6838d8b,0.16124640369119522,1,Low
85b82b9163,0.14690352382151534,1,Low
85bb6e89a3,0.0341385407284138,0,Low
85bc821b7f,0.12621556727837277,1,Low
85bdae5469,0.039813012923514426,0,Low
85bf5a2840,0.02779022235848503,0,Low
85c0c79c4d,0.07205845427956381,0,Low
85c40661f9,0.19530966166111174,1,Low
85c8f72ec1,0.1647471753719028,1,Low
85c97c825d,0.12343108660827473,1,Low
85ca25bbd6,0.02505051795822624,0,Low
85cb63a06b,0.11143262431479593,1,Low
85cdd39f0b,0.016630868350597947,0,Low
85d270344a,0.2122893045764329,1,Medium
85d5d590af,0.19802937471499346,1,Low
85d9e7c47c,0.06682142021496829,0,Low
85da4f7207,0.1009837387745478,1,Low
85dd0510de,0.058609370735933135,0,Low
85e7746104,0.12323593873237074,1,Low
85ea4ea841,0.2921262509935509,1,Medium
85eb980031,0.09574085630733958,0,Low
85ee3014e2,0.05657499910434831,0,Low
85efb5639b,0.3522046040192749,1,Medium
85f05385da,0.09636782559204769,0,Low
85f2b39454,0.15333904502593573,1,Low
85f3a796fa,0.03926801737622361,0,Low
85ff8342b0,0.03667944391667507,0,Low
860615a9b7,0.10912971451225231,1,Low
860645ec81,0.11029626660187433,1,Low
86077178d5,0.6744052160475298,1,High
860b7bf88d,0.14856336727302547,1,Low
860d473bf3,0.06319759995056318,0,Low
860e87c78f,0.3255189594313091,1,Medium
8610890492,0.15482265231382356,1,Low
86158684b5,0.09071183393101631,0,Low
8616b95066,0.1528421483655985,1,Low
8617c5f7ba,0.29254534389361087,1,Medium
861cc92bba,0.04975745174686969,0,Low
8624805a48,0.16308158272647635,1,Low
86257f8932,0.024251535857159497,0,Low
862707e814,0.11793430525525578,1,Low
862b502f69,0.18282062068573005,1,Low
862b7618d5,0.03334941769014431,0,Low
862cecd586,0.3422644404243249,1,Medium
86330f0c70,0.037011285705715734,0,Low
863354f8a1,0.11049093136609248,1,Low
863ff3051a,0.12144742874036829,1,Low
8649d9c871,0.056373737861646796,0,Low
864ca29f2c,0.12016930540078401,1,Low
864d96671e,0.06395914381133361,0,Low
864fd34931,0.11592748935984083,1,Low
8650d02327,0.04892167918272509,0,Low
8650fc1b77,0.04231986111137504,0,Low
86513fe0db,0.01909012519360573,0,Low
8654602ffd,0.11022635057791937,1,Low
8655d676a6,0.08791575682104547,0,Low
86578c9c25,0.2580920152521145,1,Medium
8658fc1607,0.1860195946043749,1,Low
86599fae8a,0.0806331589862915,0,Low
8659bafd31,0.13365588575343376,1,Low
8659cd4ab5,0.06805860942744477,0,Low
86602b8c54,0.3815137222990739,1,Medium
8662a7faf8,0.10812239601032081,1,Low
86634c7d18,0.35638120195076706,1,Medium
8664db0d05,0.07209217885762158,0,Low
8666059e0f,0.06896592108652036,0,Low
866dcb6541,0.5884466673083311,1,High
8671d29509,0.10758266599752885,1,Low
86733237a6,0.07242903914346864,0,Low
86777be05a,0.0744891199629393,0,Low
8679d7b38a,0.02944688507750901,0,Low
867c026b31,0.18100982290017192,1,Low
867f26bf8b,0.09687052503308,0,Low
8685ab49b8,0.05226114226144323,0,Low
8686d965ef,0.11373688388867378,1,Low
868a7a397e,0.020874368931708975,0,Low
868a993863,0.2619925851052324,1,Medium
868ccfe2e2,0.0449355967854238,0,Low
869014a993,0.17973995348029911,1,Low
86909a5af7,0.0908061058587435,0,Low
8691ef50f3,0.1003784175818188,1,Low
86976aba61,0.07756912915919745,0,Low
86979d9a5c,0.2668629584986024,1,Medium
86991a6c7f,0.15458969683787488,1,Low
869fd7b74e,0.44170586719563387,1,Medium
86a11d6b8b,0.1980993786215565,1,Low
86a2b6bbfa,0.18721271282471583,1,Low
86a580fb6a,0.04354658876133453,0,Low
86a78a4006,0.20626460590113035,1,Medium
86a7dfc9e6,0.47553836674355204,1,Medium
86aa27c28a,0.03174595579698468,0,Low
86ac383f02,0.032462261122599916,0,Low
86b0fbf984,0.19541059170506758,1,Low
86b3b74d0a,0.31981023519513374,1,Medium
86b3d491f7,0.13219894363853088,1,Low
86bbc1fcc6,0.6603562710128793,1,High
86bd91b988,0.06018068735606129,0,Low
86be94da46,0.7183417675188687,1,High
86c0037249,0.13976206083762824,1,Low
86c051be32,0.04024292996374467,0,Low
86c20d7f28,0.07373073473776004,0,Low
86c8c2a45d,0.09109740169170007,0,Low
86cc0008a7,0.08847235692175993,0,Low
86ce2a282c,0.0583740806468738,0,Low
86d03367f5,0.21724623852419317,1,Medium
86d0ab84fe,0.3115021289123839,1,Medium
86d224b22f,0.10351296938567868,1,Low
86d9e028eb,0.09915009926105212,0,Low
86db8472f1,0.2352477807108238,1,Medium
86e09422a8,0.22348671766522266,1,Medium
86e1da2659,0.08969845174638326,0,Low
86e277225d,0.18300342659795707,1,Low
86e341d343,0.14370006351472253,1,Low
86e463cffd,0.11537937177448043,1,Low
86e5ff5a73,0.09343870589827756,0,Low
86e6fb52f4,0.10922412791544514,1,Low
86f72ff4d2,0.0756055272787357,0,Low
86f7433d2f,0.08200677229950815,0,Low
86f9faaa6e,0.13297126021138717,1,Low
86fbd5248a,0.04134796590461352,0,Low
86fe52327d,0.3918223593809799,1,Medium
8701a863d8,0.05998558343224022,0,Low
8701dfc2f8,0.06000486013060382,0,Low
8704ca47b6,0.04620572657000125,0,Low
870959b8bb,0.0684505361992495,0,Low
87123ba8ad,0.0876298734865947,0,Low
8715117b08,0.399420889912001,1,Medium
8716b8a955,0.1115382880703927,1,Low
8717caf85e,0.060112656139552065,0,Low
871b608db3,0.1362588472591199,1,Low
871c39e27c,0.05814262926938126,0,Low
8720387a5c,0.07198476356378652,0,Low
872a0a5159,0.08678431492730322,0,Low
872ac7f6c2,0.32791833634615997,1,Medium
872e54eb12,0.08485014676943455,0,Low
8731a0c4b8,0.14957590685661135,1,Low
87344277c3,0.08740454957905293,0,Low
873ee5c536,0.159519595562116,1,Low
873fbc064e,0.03151992526951305,0,Low
874192ff27,0.13765926903398285,1,Low
87428369f8,0.0839093013457568,0,Low
8744efe23d,0.038567771422274036,0,Low
874706892d,0.253436883712351,1,Medium
874ec9c4d8,0.16064975899187506,1,Low
874ef2a4ed,0.10452779505179143,1,Low
875d23c2c5,0.029943071143017738,0,Low
875d30f4da,0.076790544837746,0,Low
875fb9c8bd,0.09681144536008279,0,Low
87670cc124,0.1576633606344538,1,Low
876b2e1f27,0.42716224452507373,1,Medium
876ee54c11,0.16482718551814615,1,Low
877254fd90,0.02602124503986667,0,Low
8774a3d1d1,0.03884046411250623,0,Low
877730a1ae,0.39497157307821745,1,Medium
8777b501ae,0.10282963338459626,1,Low
877a13d79b,0.16749483238780444,1,Low
8782259f3e,0.05236952629787274,0,Low
878239c47e,0.11834760467406737,1,Low
878406a4ee,0.30793040090854196,1,Medium
8786d23d24,0.061083630521850285,0,Low
8787b9554b,0.14133595154657716,1,Low
8788509f85,0.05589708123848215,0,Low
87891a53c3,0.049992284397119786,0,Low
878c3ce6ca,0.0442857827863403,0,Low
87911fd442,0.2240475377596754,1,Medium
8791ebfd57,0.10240994221284751,1,Low
87921e5ad2,0.13533055558522358,1,Low
8792d2c3d7,0.11870895172495517,1,Low
879610ea5f,0.042761818019907895,0,Low
8799bcf7d1,0.07282241900912015,0,Low
879a1b0473,0.07620102471625635,0,Low
879d05d024,0.10251810770737142,1,Low
879fa7eb67,0.18229490555883948,1,Low
87a291b6f8,0.13114040221197967,1,Low
87a8721166,0.07008253755629242,0,Low
87ab83f497,0.20205451777327949,1,Medium
87b15b2e60,0.19693127621259168,1,Low
87b4f30cfc,0.09560863116049942,0,Low
87b52b7d54,0.07605264563758588,0,Low
87b67a017d,0.05063712907777312,0,Low
87c23fbc8e,0.09496331653152086,0,Low
87c2ee25c4,0.04098330764931136,0,Low
87c8e4d5c8,0.06563352749072618,0,Low
87c99e0374,0.04503742168071495,0,Low
87cf5bae76,0.14202347468743456,1,Low
87d01d1947,0.09332437971511152,0,Low
87d2e703fd,0.16782336533178555,1,Low
87db44917b,0.27331045878009735,1,Medium
87e39f888a,0.10820182148785389,1,Low
87e49e518b,0.045503137494251465,0,Low
87e6971fde,0.03669211759214263,0,Low
87eb237925,0.04553702712721115,0,Low
87f3f425e4,0.10306351876042755,1,Low
87f7b720eb,0.08382989663164454,0,Low
87fae209c2,0.1652303238949297,1,Low
8802d89326,0.04365643055012947,0,Low
88036020a4,0.3661614134923971,1,Medium
880378ed22,0.036780781713636974,0,Low
88058b7b7e,0.047557519804767086,0,Low
88096adbcf,0.10587566672079464,1,Low
880c24390f,0.1296846588205114,1,Low
88101ebcbf,0.11978373691279863,1,Low
8812cf1392,0.1568735104636435,1,Low
88132c6e8e,0.12342390090697822,1,Low
8815faf984,0.17231772515949303,1,Low
881c92de69,0.06758888967378009,0,Low
881f2820ea,0.12799063561200646,1,Low
881fdd6b05,0.47937469115605574,1,Medium
8821805028,0.04251226318063411,0,Low
882235f3cd,0.16045379859741563,1,Low
8825956431,0.13964967642912482,1,Low
883174cf13,0.06309718757202243,0,Low
883a71d621,0.07090390125823297,0,Low
883ec737a3,0.06750870137599076,0,Low
88449340ac,0.04929016594125409,0,Low
8847694965,0.04318972201855899,0,Low
884d20c054,0.17116612401247397,1,Low
884e768d28,0.06075096594336521,0,Low
884f0dbf1b,0.14883431506940048,1,Low
8851040389,0.06847881425904248,0,Low
8853211bec,0.09011483880183613,0,Low
8854270bc1,0.0640165925936184,0,Low
8854e60d19,0.022261557351093243,0,Low
8859f1c1d3,0.15708928914991135,1,Low
885a531d19,0.21190825850894035,1,Medium
885c8d3bf7,0.03312287756522476,0,Low
885f0c7c50,0.10985104252357891,1,Low
8863c37462,0.06379398709076854,0,Low
886e04157a,0.15456348977419346,1,Low
88705e4690,0.09353371505709013,0,Low
88731752e0,0.10783218864797828,1,Low
88754adb22,0.21730494903625885,1,Medium
887d62b53e,0.041486482528481035,0,Low
888339bab0,0.041799456277867464,0,Low
888b5e6472,0.2730367108319677,1,Medium
888c08dc86,0.09312820237868792,0,Low
888c8634aa,0.15848170909564385,1,Low
88932c5be6,0.10421607558583201,1,Low
8895e6d676,0.10452568065391458,1,Low
8896a7d914,0.08893828853758061,0,Low
8897ef0d9d,0.24547823147904382,1,Medium
889aeff926,0.18190217656882463,1,Low
889b884d9c,0.08948562152742487,0,Low
88a05f7b16,0.10581155638131391,1,Low
88a4dbef32,0.27351153434207,1,Medium
88a6d83763,0.18234760117302354,1,Low
88ad411a11,0.0351461438916885,0,Low
88aee13b02,0.20954030106062846,1,Medium
88aff7a4b3,0.023508642718036973,0,Low
88b59d15f4,0.06730041326973878,0,Low
88ba80da05,0.10468895430429002,1,Low
88bc97556d,0.10639845573292962,1,Low
88c26ec4ac,0.4196373224535354,1,Medium
88c9832aee,0.04645016961305374,0,Low
88c9d73e48,0.03833728684915964,0,Low
88cdc4132f,0.1000199280618277,1,Low
88ce371680,0.04543879536728513,0,Low
88d2d494c0,0.03081941720072389,0,Low
88d76200f4,0.16682339382254457,1,Low
88d778413b,0.0923422301710164,0,Low
88da7caf56,0.23150689924435625,1,Medium
88db730606,0.019425583074441418,0,Low
88dd9e8ab5,0.06948546293989016,0,Low
88e015f5a7,0.4706905218639997,1,Medium
88e418c819,0.1305173335686575,1,Low
88e78849ba,0.07384937055557787,0,Low
88e99bc1ca,0.028145909172730854,0,Low
88edf7d25f,0.07041743423542132,0,Low
88ee49ac29,0.07994384863966716,0,Low
88f30a7341,0.03997584856471246,0,Low
88f7c1918f,0.6271320742561205,1,High
88fa28f0c0,0.0456883668026147,0,Low
890a61f716,0.2033728623349848,1,Medium
890ca4980b,0.16521564663747607,1,Low
890d7c41f3,0.12361608716184393,1,Low
890e1d5015,0.03351501886174054,0,Low
8910e40816,0.31090781132181666,1,Medium
89116fb6fd,0.10548994152128291,1,Low
8915e1ae46,0.19154859679405442,1,Low
89186f7442,0.12122797420603754,1,Low
891b200393,0.20377491420272362,1,Medium
891e2c3add,0.06678748069884707,0,Low
891f32a0b1,0.044372765821602655,0,Low
892116f0f5,0.17798237591501903,1,Low
8925ece3a9,0.058493112220332,0,Low
8933c1d5fc,0.056991474352878026,0,Low
8936ac377b,0.06745554199202472,0,Low
8936d2bf86,0.18662408405841,1,Low
8937be4797,0.07332799559768029,0,Low
8939c4368a,0.06299595278760382,0,Low
8941f29f6c,0.04347966033845618,0,Low
89473988b2,0.10026812193124357,1,Low
894d75d757,0.291110504782868,1,Medium
894ddac2a5,0.04466580024805318,0,Low
8951483a4a,0.16796440393243187,1,Low
8951490fb1,0.43260603979706824,1,Medium
89552ea843,0.14065915136716656,1,Low
895c32222a,0.018113272394304502,0,Low
895d6b2f70,0.4129734532917095,1,Medium
895ffe448b,0.03155634820355381,0,Low
8960497bf9,0.08339806386522639,0,Low
896284cbfc,0.0969424511276005,0,Low
8968986f8c,0.13390989083466812,1,Low
896ffbac7d,0.34768065638497286,1,Medium
89701f242d,0.04854570046420154,0,Low
8977a21dda,0.01814498355794522,0,Low
8977f3a490,0.06698708436459709,0,Low
8978ebbba7,0.3144661674082249,1,Medium
897924246e,0.0521920763987916,0,Low
897a6a4819,0.06380817719591943,0,Low
8986091a4e,0.23391020960126777,1,Medium
898ffcd9dd,0.20113639525146687,1,Medium
8990ec8125,0.11355970502677704,1,Low
89984eeeb3,0.23717648887117163,1,Medium
899897e3ad,0.02933380107910727,0,Low
89a0aeb509,0.32824322841535514,1,Medium
89a2af25ae,0.06047564730694499,0,Low
89aa339f09,0.3240899977682934,1,Medium
89ad1c62f6,0.15381833547860913,1,Low
89b0480b89,0.08579295188360565,0,Low
89b3ca81b8,0.3623513943250571,1,Medium
89bccb68dc,0.10305789664161985,1,Low
89c1226be7,0.22690960536104063,1,Medium
89c58861b7,0.27171544069919035,1,Medium
89d03e0098,0.11192281943695143,1,Low
89d0d1e76f,0.18194451215198187,1,Low
89d5d74307,0.1938737864369974,1,Low
89d746d01d,0.05175032548381881,0,Low
89dc211dc1,0.21655049092472806,1,Medium
89dff6d490,0.19462469094573698,1,Low
89e0559373,0.06984686728769517,0,Low
89e16a3052,0.10149626457729984,1,Low
89e228dbe3,0.08645909506436006,0,Low
89e362fd24,0.2946051214775704,1,Medium
89e5a6b1fb,0.14044421974120874,1,Low
89e755725b,0.08381088871704177,0,Low
89e7b5c3d6,0.24736680982817513,1,Medium
89efb98390,0.09896719397632783,0,Low
89f14d492c,0.09658127164840442,0,Low
89f2f0151b,0.05052340191966474,0,Low
89fe43f147,0.18854878059103553,1,Low
8a03e6beca,0.1267411480175099,1,Low
8a06ca8bca,0.029407632947852858,0,Low
8a07a0411c,0.060459446448238245,0,Low
8a0a7f8588,0.27867297732768176,1,Medium
8a0b7cf90d,0.19117113176878894,1,Low
8a125f919c,0.17862809317447662,1,Low
8a147cc352,0.1677770465470963,1,Low
8a1a9e2a74,0.13662680906228505,1,Low
8a1d689cbd,0.4162890450604924,1,Medium
8a1e5d5462,0.10370213580606479,1,Low
8a1e9874d4,0.03089548191940693,0,Low
8a219ed3b8,0.16109099108819655,1,Low
8a22dfc9c4,0.1892927078866961,1,Low
8a245bdc74,0.3265037229449601,1,Medium
8a2ded9166,0.10435268785996885,1,Low
8a2e6fb08a,0.08059917770583358,0,Low
8a3164f681,0.11826518543611493,1,Low
8a35a29853,0.17602765293821632,1,Low
8a36bb590a,0.02018487616012289,0,Low
8a37118dac,0.05010635358940326,0,Low
8a3fe06e16,0.11098763733181558,1,Low
8a46ee91d6,0.4134276219302434,1,Medium
8a4e3518a8,0.33505050152987775,1,Medium
8a5228d628,0.11332759801982034,1,Low
8a55367499,0.16820592300899484,1,Low
8a55a6f904,0.11070023467825733,1,Low
8a569f4469,0.040485685091211435,0,Low
8a5a7a309b,0.1355108177344324,1,Low
8a5f4b6e5f,0.08809917964819246,0,Low
8a66d09343,0.03667200928406496,0,Low
8a70b44b76,0.15716747692592606,1,Low
8a746e5694,0.30389129422401373,1,Medium
8a77b9e483,0.18430341972380251,1,Low
8a7891529b,0.10035122407333891,1,Low
8a79754ea8,0.11149317755871914,1,Low
8a79935ee4,0.020383461410490644,0,Low
8a7e8d5f59,0.13293602834662074,1,Low
8a82f3eb2d,0.47403497958738033,1,Medium
8a8490abac,0.19685985636938133,1,Low
8a881ab0e0,0.02621786620625817,0,Low
8a8b8e64bd,0.02653590823662326,0,Low
8a8d48b5cb,0.05307377997137191,0,Low
8a8d5a4150,0.047814238667205265,0,Low
8a93078a22,0.09219585358440952,0,Low
8a97b38f84,0.09707040109937798,0,Low
8a980f9d1d,0.16671927209778478,1,Low
8a992b6cec,0.05836859493330508,0,Low
8a9c82b6ed,0.2997636341771721,1,Medium
8a9fd7ff82,0.2599169485650008,1,Medium
8aa0f3a648,0.04402443703728512,0,Low
8aa4bab17c,0.030788977253333617,0,Low
8aa8ef461d,0.7203906117969179,1,High
8aaad14414,0.1704114352986091,1,Low
8aab5d1261,0.31471024494128336,1,Medium
8aabc6a9ff,0.04149362306468912,0,Low
8aad645973,0.11176657360924497,1,Low
8aaffd02d1,0.04927493580871991,0,Low
8ab111dd89,0.17302785968422071,1,Low
8ab3036a47,0.04592766215870815,0,Low
8ab4505cc1,0.11115554376815268,1,Low
8ab6ccf776,0.048294100018766134,0,Low
8ab7024138,0.07360462448860709,0,Low
8ac01fc134,0.01667932952954871,0,Low
8ac6d27bd6,0.1676224201225142,1,Low
8acbacd993,0.1985099675250737,1,Low
8aced14a57,0.040034527281498096,0,Low
8ad2571e54,0.35188423823487386,1,Medium
8ad5840301,0.26403473852255555,1,Medium
8ad5f77b2c,0.07632930561070189,0,Low
8adf0aa52b,0.034332851986455803,0,Low
8ae3793e72,0.14087470299317487,1,Low
8ae581f3ca,0.0512665176876912,0,Low
8ae645767f,0.038800689082149,0,Low
8ae7ae4f38,0.14927669895169585,1,Low
8ae88de73d,0.14941360545870574,1,Low
8ae914faac,0.16447626060867615,1,Low
8af04d47af,0.3229243604055289,1,Medium
8af0612cc2,0.09667594711200339,0,Low
8af35124a4,0.13540316953774106,1,Low
8af3d8bbae,0.0854737592391786,0,Low
8af70efb9c,0.023420755389794018,0,Low
8af9f8d654,0.24475932087835814,1,Medium
8b05044d82,0.16260256833071726,1,Low
8b06449edb,0.028304537211415043,0,Low
8b07cb44c5,0.025694589020583757,0,Low
8b07f3fc05,0.18583896077992149,1,Low
8b096267fa,0.14426793339732352,1,Low
8b09c1c028,0.09280560040745217,0,Low
8b0bffdbf7,0.17637411088710261,1,Low
8b1441226e,0.21414289776288487,1,Medium
8b1787ad0c,0.12306656271161341,1,Low
8b1d82548a,0.2697706859297119,1,Medium
8b1e2c37a5,0.1330172076891299,1,Low
8b268adcf7,0.15552074592908313,1,Low
8b2d80528f,0.31012975447934144,1,Medium
8b30a4fa7a,0.18960065709271168,1,Low
8b33af3ab8,0.038963625428753985,0,Low
8b3b80074c,0.584932936070635,1,High
8b3ffe4c1e,0.039762967423823806,0,Low
8b46139ead,0.09459379672673747,0,Low
8b46adcd79,0.0973509306710351,0,Low
8b48fa592b,0.3094622310577177,1,Medium
8b49bd5c57,0.16542399673554375,1,Low
8b4c781d17,0.08827053643580915,0,Low
8b4d67b1cc,0.08082705430686879,0,Low
8b4e0243f0,0.5924603846720469,1,High
8b555d22dc,0.06533721310353452,0,Low
8b5a2bbe96,0.08459972056746187,0,Low
8b5e61d223,0.12869317319871457,1,Low
8b6b3bc6be,0.05203385350563405,0,Low
8b6e1fe2a9,0.13102536890592353,1,Low
8b80b34ed4,0.07991272076618926,0,Low
8b84295d23,0.0233305104588189,0,Low
8b847ac35d,0.05061415225233027,0,Low
8b8b64373d,0.10791851391435249,1,Low
8b96c32407,0.07122129864537928,0,Low
8b971636ff,0.16552549858991245,1,Low
8b979eb5b5,0.08258835424346556,0,Low
8b9c1965ed,0.1325436976556201,1,Low
8ba0767f38,0.2302810331288772,1,Medium
8ba7aedc79,0.02629497620629143,0,Low
8baffb187a,0.19475614428180196,1,Low
8bb543def8,0.11777930387630609,1,Low
8bb700486a,0.1476584436551313,1,Low
8bb902187a,0.14971717441233184,1,Low
8bd4bfb96e,0.19137301950133173,1,Low
8bdb40d983,0.4601409627311589,1,Medium
8bdb418c74,0.15020083423089656,1,Low
8bdd033e9c,0.06251032589555937,0,Low
8be06f8c02,0.3119947997021467,1,Medium
8be533e3c4,0.013491655548806904,0,Low
8be7c3a24e,0.08856339249827595,0,Low
8be8fea159,0.03360560883100346,0,Low
8bea7fc677,0.09446766310657193,0,Low
8bec94f731,0.0512219848764668,0,Low
8becfe3fa6,0.08032317192074222,0,Low
8beed36cb5,0.26908008330416544,1,Medium
8bf25f1f7a,0.09933991901620107,0,Low
8bf26c7439,0.19840376249645134,1,Low
8bf77a5e57,0.11476398613224888,1,Low
8c018e6031,0.22959994039189452,1,Medium
8c022eac69,0.0622123564320653,0,Low
8c06c42949,0.1043791943010583,1,Low
8c08c4bbbd,0.21032851763265326,1,Medium
8c0a8b470f,0.2140484587104822,1,Medium
8c0b1024a8,0.1272810336244692,1,Low
8c0b26ab22,0.08006993911686303,0,Low
8c0b972253,0.07958033242817208,0,Low
8c0bee0d6d,0.041010124529182845,0,Low
8c0ea041fc,0.2789574600532356,1,Medium
8c12031db6,0.06621375622150753,0,Low
8c1382f68a,0.055426598457204324,0,Low
8c1632a4b7,0.19939542653432907,1,Low
8c19b58644,0.18959288887099066,1,Low
8c1c161452,0.07066917537645813,0,Low
8c1e5c3bc9,0.0501547318344509,0,Low
8c244e2410,0.1496112617001882,1,Low
8c2691feb5,0.13171161011971333,1,Low
8c29df2dc5,0.16524972726484127,1,Low
8c2a2f75c5,0.023225718665909553,0,Low
8c2b588267,0.08007174156257028,0,Low
8c2e4ffcb1,0.06770080216792256,0,Low
8c3010d8e4,0.056096058679936986,0,Low
8c3ab93658,0.17362556689085673,1,Low
8c3d0c4102,0.13402630083675376,1,Low
8c4112fec3,0.2686081764581382,1,Medium
8c43327bbd,0.27752250992316946,1,Medium
8c469439c0,0.024798227026794937,0,Low
8c487b6201,0.09153481557108319,0,Low
8c487f4981,0.2341507124726552,1,Medium
8c49fef099,0.034871171272049896,0,Low
8c4a17b38e,0.12601003546563003,1,Low
8c4cccee56,0.09085022703682115,0,Low
8c528abdcf,0.07207891575521366,0,Low
8c5514529c,0.33105855850585675,1,Medium
8c5ef10b73,0.2876747913952905,1,Medium
8c6373af60,0.13806558219467846,1,Low
8c6b8538f4,0.30590551752274303,1,Medium
8c6cab4c99,0.05156868842649184,0,Low
8c6cd3b614,0.053234464748253725,0,Low
8c6d7ccd81,0.26262649194535365,1,Medium
8c6dc9131e,0.08213383537850517,0,Low
8c6f63cac5,0.20092425034764697,1,Medium
8c6f9b4e8e,0.04404866506408802,0,Low
8c72079b54,0.08167143249364636,0,Low
8c74d030de,0.5103950640462013,1,High
8c76296732,0.15632057161194593,1,Low
8c7b041e6f,0.028196638194529448,0,Low
8c7e90d7b3,0.06879366986474525,0,Low
8c805af5fa,0.2578288421206179,1,Medium
8c80eb5ab6,0.07552520874429497,0,Low
8c87599cf3,0.3995936020407348,1,Medium
8c88b5203f,0.12813175682110914,1,Low
8c8b502885,0.5346391782439979,1,High
8c922ca479,0.05724532714779764,0,Low
8c95dc5643,0.17170749043273126,1,Low
8c96463467,0.052738731291608276,0,Low
8c97897ef1,0.07109738009656467,0,Low
8c9bf025b6,0.148369732386849,1,Low
8c9f7d400a,0.061370245996332236,0,Low
8c9fffa8cd,0.21533371101681748,1,Medium
8ca1e9f821,0.024534814747912997,0,Low
8ca37f6e00,0.18225674595396368,1,Low
8ca3c48359,0.1258657003473855,1,Low
8ca4401341,0.03258506594720726,0,Low
8ca8517b66,0.15182070791217253,1,Low
8cac7f894d,0.058040322838506464,0,Low
8cad5d81b5,0.26565827013798776,1,Medium
8cb1a72cf0,0.24037191815039557,1,Medium
8cb6093163,0.12404975890213973,1,Low
8cbe99a6a8,0.1110532502845754,1,Low
8cbf6fbfd5,0.09037206775835749,0,Low
8cc11c3e23,0.06045694800284762,0,Low
8cc28cc3d1,0.063090292568503,0,Low
8cc4eb6dc9,0.18328445460295884,1,Low
8cc862db76,0.0640465849366765,0,Low
8cc9cef752,0.09530314012943658,0,Low
8cce2a3f83,0.07960701559596406,0,Low
8cd273631c,0.16138308567030443,1,Low
8cd650a4f8,0.11164938778322746,1,Low
8cd6cd49e8,0.13233464367843337,1,Low
8cd754bdd8,0.12184303258280885,1,Low
8ce1977493,0.47911876747503207,1,Medium
8ce1ad1d0d,0.08909689609230569,0,Low
8ce2cf2ec7,0.05334136208146092,0,Low
8ce64b78e4,0.06332574181793142,0,Low
8ce9595ae3,0.046366710568445525,0,Low
8ce97900f7,0.13667976034258233,1,Low
8ced81779c,0.0745798163418141,0,Low
8cf5a196a8,0.041584794329506514,0,Low
8cf8a89f82,0.08880677936458134,0,Low
8cfa9e3b44,0.12168900562803582,1,Low
8cfcf1d1e2,0.10552902813656422,1,Low
8d017ad98c,0.07423489611979597,0,Low
8d02d84754,0.05119964365444235,0,Low
8d034f9ba0,0.038142692064009026,0,Low
8d044cb51c,0.06974564491594606,0,Low
8d0cd228dc,0.13099522209140327,1,Low
8d14aa9af4,0.11960893942753237,1,Low
8d1586af61,0.13065123272729712,1,Low
8d1a9d7941,0.27407861657517774,1,Medium
8d1c9f8486,0.08387543541674515,0,Low
8d1d16cd4b,0.1300300816135849,1,Low
8d1d742700,0.05781676940146905,0,Low
8d226ebd4f,0.058740478802474155,0,Low
8d23596aea,0.2207847430207556,1,Medium
8d23777148,0.08210404582672791,0,Low
8d28a974d6,0.25540305768534954,1,Medium
8d28f1b79d,0.12713204450477714,1,Low
8d2a608f8d,0.1576917055577765,1,Low
8d2f3d8244,0.16940710931549233,1,Low
8d31bee393,0.2745072908714575,1,Medium
8d339c6079,0.14229597639250208,1,Low
8d363979f5,0.0650597671924348,0,Low
8d3a20ac89,0.04844669694967922,0,Low
8d3a8d0147,0.11368507672317223,1,Low
8d3b54ac4d,0.1436206006509558,1,Low
8d3def0f2d,0.10142547485542207,1,Low
8d4496efe2,0.1574631808986833,1,Low
8d4609495f,0.433137497687024,1,Medium
8d481546d8,0.06624253056288296,0,Low
8d4bbae9b1,0.12028944621663651,1,Low
8d50be98f8,0.26801845617497877,1,Medium
8d561186a4,0.0940359181477586,0,Low
8d5c36393b,0.7446000689942713,1,High
8d5d3787c9,0.1614642920765481,1,Low
8d6b8a29a5,0.24879085458925654,1,Medium
8d70eeb1e4,0.044368321135767816,0,Low
8d7ed6a7b1,0.09422128713304476,0,Low
8d847f37cc,0.2763370166104687,1,Medium
8d87fd2baa,0.13769582511140185,1,Low
8d8b2af1a8,0.2435566737063085,1,Medium
8d8be02eac,0.09674869697460638,0,Low
8d93ddeba5,0.14799787743611248,1,Low
8d98a9e31c,0.21990994844084796,1,Medium
8d9ead2a2a,0.05490627214559577,0,Low
8d9fd4eb78,0.07173450599030763,0,Low
8da1e0fb63,0.13269014907253465,1,Low
8da5e18afb,0.16095516163082324,1,Low
8daa174dd8,0.08067091468948855,0,Low
8dadb05fd9,0.06720133729582485,0,Low
8daebd2b13,0.04035470094856449,0,Low
8dbac6a40a,0.19021682650157504,1,Low
8dbb8001bb,0.09773180625142877,0,Low
8dbc486abf,0.15348265211070233,1,Low
8dbe0f8313,0.027214959292279964,0,Low
8dbff11d5c,0.11239421842919928,1,Low
8dc4c39b7a,0.05987874872775183,0,Low
8dcd0197b6,0.04029616545815735,0,Low
8dd17cbed8,0.05585134048186204,0,Low
8dd26ba129,0.04185385644730464,0,Low
8dd86cef04,0.019426320110879552,0,Low
8ddb53e9a7,0.03711357047948705,0,Low
8ddfbb475a,0.06055014724525882,0,Low
8de0bae6be,0.12723595650460034,1,Low
8de26c0e0f,0.1519181995318439,1,Low
8de32c5e45,0.09230600500943424,0,Low
8def1ead1e,0.35885622539363005,1,Medium
8def7827f2,0.032804581831162305,0,Low
8df02d70d9,0.2100177680218039,1,Medium
8df47a9fee,0.019431214516039918,0,Low
8df58b3a6d,0.1856434020859374,1,Low
8df85b67a5,0.07344184034348761,0,Low
8df95b41e1,0.1296438958026577,1,Low
8e000deaa9,0.16786494735964763,1,Low
8e013c6677,0.20003920359173163,1,Medium
8e0231976e,0.11501740711798993,1,Low
8e02cef528,0.376001600926924,1,Medium
8e08b05c82,0.07694312463832673,0,Low
8e09957a47,0.061290064190147174,0,Low
8e0b23fcfe,0.03694226317940744,0,Low
8e0b37e345,0.093423657913515,0,Low
8e1e433d44,0.09204732477120536,0,Low
8e20ad5b44,0.23377011933735256,1,Medium
8e2312329a,0.08889412610718234,0,Low
8e26b1c326,0.11339760400972343,1,Low
8e276d66d6,0.1000861642165914,1,Low
8e31bda972,0.08293484169275918,0,Low
8e33769126,0.18635505753679651,1,Low
8e3830a063,0.14349805306689004,1,Low
8e3abf5b76,0.07494642384139266,0,Low
8e3b0b5ebb,0.173051117076922,1,Low
8e3ebc6359,0.06386582175722132,0,Low
8e3f3fb60d,0.03536767585494026,0,Low
8e40460f85,0.1776744020543587,1,Low
8e451e7d7a,0.20721258578448035,1,Medium
8e4dcd86d5,0.2406987645551797,1,Medium
8e4e2681d3,0.30772495951683354,1,Medium
8e4f95141d,0.10300594208642405,1,Low
8e5228655f,0.23957919123446705,1,Medium
8e53915e36,0.1270631507703291,1,Low
8e579e7f3a,0.3119038398880524,1,Medium
8e598ccc75,0.3251896331666703,1,Medium
8e5cb87669,0.14109492322247552,1,Low
8e5f64f1e1,0.184504417231843,1,Low
8e5fc65be5,0.1208428098473985,1,Low
8e6779f5ff,0.05954065491054618,0,Low
8e6998206f,0.14525541632619088,1,Low
8e717dcb75,0.06412135904814172,0,Low
8e72a0c212,0.0630240196380219,0,Low
8e79b321d5,0.057784909255413935,0,Low
8e7f1383f1,0.22328405830242132,1,Medium
8e7f1af136,0.23613114627847465,1,Medium
8e829ecb1f,0.12709201514981008,1,Low
8e83120732,0.1761607220302598,1,Low
8e84e4c3a0,0.07329014923906417,0,Low
8e85b87aca,0.11418425182751257,1,Low
8e894de21d,0.08305964362800676,0,Low
8e90dac9b1,0.11814962295427295,1,Low
8e95ae1c7f,0.1405330695186382,1,Low
8e972a754e,0.07719194518439441,0,Low
8e9828018c,0.041545946459442304,0,Low
8e98a0e8e5,0.15773716023705067,1,Low
8e98c4349c,0.27426011145350965,1,Medium
8e991600ea,0.11929481714557263,1,Low
8e9c4298cd,0.4526744296012623,1,Medium
8e9fb7cb2a,0.21738904905952336,1,Medium
8ea1c18e78,0.045489236735591486,0,Low
8ea2fa4955,0.3973831523765651,1,Medium
8ea4abdd3d,0.3178994020301631,1,Medium
8ea6cdeab5,0.08640924201716278,0,Low
8ea7b4ac20,0.035781041051848726,0,Low
8ea8a427c6,0.17982940580545667,1,Low
8eaa79a5f5,0.20544671683175586,1,Medium
8eb1ee2e81,0.09921052342703768,0,Low
8eb6dc243c,0.15733220161325415,1,Low
8ebb3284ae,0.04440870963129038,0,Low
8ec08fc130,0.07055861665845913,0,Low
8ec9be25f4,0.07912635379634786,0,Low
8eca73d165,0.02815545249957529,0,Low
8ecbd34100,0.21342181944714964,1,Medium
8ecd4c6dd2,0.024057682908542783,0,Low
8ecdbc1f61,0.062215778922736796,0,Low
8ed2790924,0.686030182192188,1,High
8ed74f2ec0,0.0780670844752915,0,Low
8ed9b013af,0.11063558406917892,1,Low
8ede3489de,0.515369689036593,1,High
8ee03343e0,0.0962116658060328,0,Low
8ee3d45c2b,0.09053739904764944,0,Low
8ee43dcb96,0.05250394667453729,0,Low
8ee8200738,0.2884452624079941,1,Medium
8eea1fb53b,0.17162713490177994,1,Low
8eea8f3f30,0.13468377597863243,1,Low
8efa351a20,0.040934346763408576,0,Low
8efac0818e,0.023534538462629928,0,Low
8eff86f9ef,0.027192241052140298,0,Low
8f00642cec,0.2739018343839994,1,Medium
8f052e6522,0.0469213118364817,0,Low
8f06499b20,0.28614520739666655,1,Medium
8f0bbcb079,0.03011352676501527,0,Low
8f0ec27cec,0.6842865436648967,1,High
8f1049f3b8,0.1870253763153456,1,Low
8f1e96a518,0.026526374181329464,0,Low
8f2300457b,0.07970900792499139,0,Low
8f246009ee,0.130704821040356,1,Low
8f24bc8919,0.1428898018857965,1,Low
8f24e64e27,0.06894505364079326,0,Low
8f2cc0cab6,0.14176627320128266,1,Low
8f38e78ad1,0.05451196590781337,0,Low
8f3a516222,0.07834476115919796,0,Low
8f3b64c6af,0.060835041405639896,0,Low
8f3f118be8,0.054234120759105414,0,Low
8f4177164b,0.09080274664588664,0,Low
8f46d27570,0.12114052745462284,1,Low
8f4784ac5f,0.04931569714448097,0,Low
8f4867466a,0.049652152768884024,0,Low
8f4d28cd13,0.12793898571260348,1,Low
8f522035ff,0.01643995584505963,0,Low
8f5b9c0b10,0.052339429874003265,0,Low
8f5c6f7c4d,0.7549247849943603,1,High
8f5d43ad26,0.12893603244436955,1,Low
8f6286849b,0.19619356321523113,1,Low
8f628caba8,0.20793200294502398,1,Medium
8f6a0fd005,0.09017384996434956,0,Low
8f70885035,0.09015411357268079,0,Low
8f725094f9,0.210084296872368,1,Medium
8f731676da,0.0350014328065748,0,Low
8f73395fb5,0.0435373327965315,0,Low
8f745d65ae,0.044956614302433515,0,Low
8f76d7541d,0.1803850359942096,1,Low
8f76e0b9b6,0.28804408138132076,1,Medium
8f774a9200,0.156820838036483,1,Low
8f7dcf9d95,0.042034943253310815,0,Low
8f7dfe6d11,0.036443706358907764,0,Low
8f8297beb4,0.06951114228028907,0,Low
8f83ad7cdd,0.019047064045773016,0,Low
8f88fb5112,0.10754673392004982,1,Low
8f8b06f3ef,0.02986167511492269,0,Low
8f8bc428f6,0.08183925423671774,0,Low
8f92772150,0.14939601634820662,1,Low
8f97a7db6b,0.23780363618409595,1,Medium
8f9f2ff4f0,0.03323027765735752,0,Low
8f9f4d8d92,0.13245727617355585,1,Low
8fa5f9cda4,0.23067833066347287,1,Medium
8fa6e88d1e,0.049117988163007366,0,Low
8fa87ba757,0.49710825758157023,1,Medium
8fa97003e6,0.054436618023083805,0,Low
8facb9de81,0.07170906494970873,0,Low
8fb025410d,0.03524931944729523,0,Low
8fb2ffe621,0.06794271748282284,0,Low
8fb463d047,0.09116476843839044,0,Low
8fb6003d5e,0.029709890445625508,0,Low
8fb7f25d6a,0.13776343913593486,1,Low
8fb96d924a,0.05311976480588795,0,Low
8fb9e304bb,0.09869830472292981,0,Low
8fba06ab3b,0.6244112722425392,1,High
8fba65d79f,0.18780105122380744,1,Low
8fbb544fc7,0.07310215755040553,0,Low
8fc62c2adf,0.041844336065239726,0,Low
8fd53b64de,0.14768637023272513,1,Low
8fd7f696c3,0.1593916889369978,1,Low
8fdf3eb5f7,0.07127841282955204,0,Low
8fec6f5a53,0.11896392289696198,1,Low
8fed6b7636,0.16393780434666583,1,Low
8fee9797af,0.05108140713581676,0,Low
8ff1c01537,0.056435755377581234,0,Low
8ff31f542b,0.6690038699411164,1,High
8ff3a190d6,0.27820304258356987,1,Medium
8ff69dd0f8,0.1676345018424012,1,Low
8ff7900acf,0.03243528289866499,0,Low
8ff9aad7ff,0.21703525125245596,1,Medium
901042e9f6,0.2152951621044125,1,Medium
9010799772,0.05462228474798291,0,Low
90113ee77a,0.10339284652825198,1,Low
9012585970,0.03913991320429993,0,Low
9013e29f8a,0.08003579523929866,0,Low
9015ec3920,0.1999019453944097,1,Low
9018795e38,0.1753932929962101,1,Low
901a4e1f16,0.020154708482962205,0,Low
90201c4603,0.5487083604848395,1,High
9035a7d0dc,0.10970227660564343,1,Low
903818c405,0.08846987041431163,0,Low
9039d41655,0.3413131059888691,1,Medium
903bfe9406,0.08254087840078386,0,Low
904675ec28,0.20781889722338126,1,Medium
9054ce0e3b,0.08285792908638845,0,Low
905f860963,0.019938436081172278,0,Low
905fe2ff5e,0.11939699802035772,1,Low
9060f4d0ae,0.08314699281891598,0,Low
9064c7371e,0.14887789225104098,1,Low
906575da80,0.08442936757273953,0,Low
9067197b2b,0.10352994700903205,1,Low
90677b6a7d,0.2335019602963574,1,Medium
9067d83d5f,0.32476752165661,1,Medium
906a144e42,0.09258805738442293,0,Low
906e9fb167,0.3516801309788817,1,Medium
906fa4179b,0.08278005882408374,0,Low
906fac4640,0.15261262733321806,1,Low
9070f27870,0.06539220028682834,0,Low
9072168a03,0.03354614684767683,0,Low
9075b9c65b,0.03683414466956983,0,Low
90767c9c28,0.014973289141357001,0,Low
9076f6b2c5,0.16182360469462193,1,Low
907ebd4ef7,0.23527683756018047,1,Medium
907f3a4433,0.025261444834395283,0,Low
908279b37b,0.08910474200930853,0,Low
9082f84e1b,0.050214903120599036,0,Low
908a700669,0.11346394971474386,1,Low
908b9389c9,0.14339000240876093,1,Low
908deb70c4,0.14728177068940448,1,Low
9092baea93,0.1351100200814548,1,Low
9092df64ed,0.02961020302575707,0,Low
909391be94,0.06977736475340156,0,Low
9093e7c05a,0.030778433181121754,0,Low
9095c0f704,0.05200625552078738,0,Low
90978e2348,0.12280191533040957,1,Low
909c7a0d6c,0.06890029390532096,0,Low
909ec04748,0.09657036156121766,0,Low
90a04d1cb4,0.026648193727571243,0,Low
90a1be88c2,0.2548283744857606,1,Medium
90a42df46f,0.1065855256394582,1,Low
90a5cd995e,0.6385201846439414,1,High
90a9e1b5b7,0.22934191759810169,1,Medium
90b37548c2,0.10252462372616324,1,Low
90b49c0b19,0.03290355916972748,0,Low
90b83bc8a9,0.18581524012791614,1,Low
90bed30d23,0.07207834273574243,0,Low
90c060bc5f,0.28506604793861,1,Medium
90c4c3c34a,0.13143258132278154,1,Low
90c60a68a5,0.185183346766499,1,Low
90cc4f452b,0.11401000027288045,1,Low
90ce4c8c6a,0.10384423988120464,1,Low
90d1af5215,0.10667747889336306,1,Low
90d77405d7,0.08129832457344076,0,Low
90dfa6a6ce,0.058887144379202075,0,Low
90e4cb3ac3,0.1902484281335054,1,Low
90e541742c,0.14312464062885638,1,Low
90e9f7b435,0.06495640817356245,0,Low
90ef97f356,0.2452743501585272,1,Medium
90f6aed6cf,0.222141949994653,1,Medium
90f8784049,0.03407814838626587,0,Low
90faaf0cc7,0.027511659552023313,0,Low
91015e9435,0.07049854489312356,0,Low
91028d5320,0.10483138715685947,1,Low
9111cd2fd1,0.06109750539905782,0,Low
9117a87d9b,0.1959891274353076,1,Low
911fcde124,0.17872136493286764,1,Low
9121466c0e,0.06688409820256788,0,Low
9125ff5ee4,0.1859889508349943,1,Low
9129953a8c,0.1845704732318754,1,Low
9129c94490,0.4452824682899401,1,Medium
913098b391,0.10058753979685256,1,Low
9133f01560,0.06640187740298446,0,Low
91374d48b0,0.03963039424195615,0,Low
913a2523ec,0.145840183624407,1,Low
913e3838cb,0.11721511346410572,1,Low
913fd4ecf7,0.10036110827217369,1,Low
9141582823,0.5855328013314481,1,High
9143d8f7f4,0.09829531048237798,0,Low
9146c2dc12,0.051968128605230354,0,Low
9147db4068,0.07581385269960701,0,Low
914ae7a7c5,0.37002129096438435,1,Medium
9150598eaa,0.631616668824628,1,High
915aa7e539,0.0950404673048628,0,Low
915dc61f4a,0.0487144068090095,0,Low
915eaf5b9d,0.16854821333186407,1,Low
9160ccf628,0.04349616443601537,0,Low
9161c970d3,0.1129442680116244,1,Low
9161d7b5cc,0.14700793896609496,1,Low
91641e6d2c,0.35719417701765344,1,Medium
9179e04d76,0.13011249268262182,1,Low
917c1160f9,0.076094537929232,0,Low
917ed0657e,0.0797119674601153,0,Low
918347d809,0.0459764597321879,0,Low
9186826633,0.03842969722392878,0,Low
9186ff7996,0.13500077535725774,1,Low
9187c50a8c,0.12374911089848503,1,Low
918ec259c2,0.28852097783528613,1,Medium
919626baba,0.11249478317284729,1,Low
919ffb2782,0.04102715067183142,0,Low
91a7a9ae61,0.10543921140241913,1,Low
91a7f952b5,0.07202805594637371,0,Low
91ab816930,0.09310015887254675,0,Low
91c0aab1e6,0.044447024553706464,0,Low
91c1bbe8d5,0.08442733022365348,0,Low
91c7c2c526,0.17762756890402767,1,Low
91cc175456,0.10065067847138076,1,Low
91cf507553,0.04046833054636501,0,Low
91d5578845,0.06549978756199966,0,Low
91dec9895f,0.11532398168090455,1,Low
91e1ac0fb7,0.11437588264346052,1,Low
91e26054a8,0.0760468338991067,0,Low
91e55afa74,0.05413048825601657,0,Low
91e6b322b3,0.03220528254223091,0,Low
91ebc9cb96,0.1355190447923767,1,Low
91ec011e59,0.044366963775896724,0,Low
91ec84f871,0.21625475637527683,1,Medium
91ee67f6ae,0.06619661530830502,0,Low
91eee48047,0.06438465759599638,0,Low
91ef31239e,0.44858181507205497,1,Medium
91f595e9eb,0.23509128079909067,1,Medium
91f5e487dd,0.4139681188229645,1,Medium
91f66ef0cc,0.0850399034232908,0,Low
91f7910aa5,0.12178869995364928,1,Low
91f9294834,0.14534020504897108,1,Low
91fba9def6,0.048750654221653464,0,Low
91ffa973ee,0.1625145890033602,1,Low
92062fb015,0.13621384200447498,1,Low
92078e2375,0.32190090116612624,1,Medium
92083973af,0.2989352294965808,1,Medium
920bc8ac27,0.11567908826665171,1,Low
920d11f01f,0.1801035645292762,1,Low
92103eb211,0.10140453817423516,1,Low
9213c90111,0.19591294607538015,1,Low
9217a8e6fb,0.12106025270337128,1,Low
9217dd7354,0.07569165780516292,0,Low
9219d0bfeb,0.029626624252961385,0,Low
921c351074,0.08899004141896906,0,Low
92229d2602,0.42700955951188935,1,Medium
9222b9f6a7,0.16911462075140168,1,Low
922364c8c5,0.1322015942074416,1,Low
9227022e56,0.04145147868337387,0,Low
922e1d2f41,0.0389154826623374,0,Low
922ef910c1,0.0531281126200042,0,Low
922f432fd0,0.12563282926225317,1,Low
92347b4461,0.43028004806790127,1,Medium
9234923219,0.10396100499017474,1,Low
92362b7e74,0.07119756426147582,0,Low
9239fdcc68,0.15835094265455557,1,Low
923a9e5e13,0.24426910253004872,1,Medium
92491b974b,0.5847198820320605,1,High
924b09562f,0.06935801011842602,0,Low
925436cad2,0.043002341706593526,0,Low
92553aec36,0.2814530048444914,1,Medium
925a4e1842,0.03339644923003027,0,Low
925cc0f53f,0.37081722789478266,1,Medium
925f63bba4,0.2169359496126058,1,Medium
9260bf0845,0.09578402044024358,0,Low
926554b6e0,0.16570655979674706,1,Low
9267eac46f,0.24846238033143186,1,Medium
927029c72b,0.0414518425637394,0,Low
9270e7de38,0.0701029560775449,0,Low
92716d9f9d,0.13516456659815182,1,Low
9273445bf1,0.09594329683327012,0,Low
9273b2c640,0.03579905283318866,0,Low
9274800a7d,0.14553050563240388,1,Low
927af816db,0.04304175616850777,0,Low
927c6d0a99,0.12452345655844305,1,Low
9282f84af7,0.10926015211134647,1,Low
92845615c7,0.5282046902950256,1,High
928785f999,0.3051579676077563,1,Medium
9287b3be90,0.018358036057626183,0,Low
928de1d002,0.07101949169499953,0,Low
92932f531a,0.0809101146787692,0,Low
92939ad4de,0.06281262027260816,0,Low
9294e0204a,0.014193418623349257,0,Low
9295a60dcc,0.17919013585003438,1,Low
9298319538,0.060361633044474304,0,Low
92993b87f1,0.03464013603356026,0,Low
929a572ce8,0.043170244120735536,0,Low
92a5a03b27,0.3955625281682213,1,Medium
92aa0d2da1,0.03980042631836281,0,Low
92aee9a404,0.30100420754319573,1,Medium
92b18f1c6a,0.025254437524139157,0,Low
92b5ba41fc,0.16760777217284828,1,Low
92b911105a,0.03979069776359826,0,Low
92bf6b6b09,0.5289336683905227,1,High
92c1b5207b,0.09387962157217968,0,Low
92c1e62933,0.21617797636444583,1,Medium
92c2c601f9,0.14180851857629231,1,Low
92c59b79be,0.15152426064289126,1,Low
92cacc9aac,0.22152495263133873,1,Medium
92d0d33e89,0.030215362263045137,0,Low
92d3a058ab,0.14201883462717593,1,Low
92d50b8fbc,0.09185334633682596,0,Low
92dda7a1fe,0.08188828123222895,0,Low
92dfb0b615,0.2042325999413926,1,Medium
92e1cf4021,0.1345069402995587,1,Low
92eb1a48f7,0.26329986386148185,1,Medium
92fac96c1b,0.07561604503037436,0,Low
92fada6d53,0.12271622766528721,1,Low
92fb3cc66f,0.08508494667863684,0,Low
92fb9246b7,0.22068052697780163,1,Medium
92fc699bd1,0.04628709936355013,0,Low
92fca15928,0.04659446731389077,0,Low
92fd3ae448,0.028379848201145252,0,Low
93036c2ec5,0.026460064008962215,0,Low
93075a1324,0.07367674812252833,0,Low
9309aca8aa,0.03359405788309195,0,Low
930ceac5d9,0.06397733688394577,0,Low
9317dc6192,0.08448466608041698,0,Low
9318609453,0.05555405927343687,0,Low
9321dcd084,0.10245240018142741,1,Low
932544957c,0.04686403421061767,0,Low
93254f8a7d,0.12254116245037616,1,Low
9330dd6658,0.04370175866039762,0,Low
9334b9ae65,0.28057858601363467,1,Medium
933876aaab,0.07883535084933452,0,Low
933c858396,0.049197328781402004,0,Low
9341115381,0.26791676963281974,1,Medium
9341e0c277,0.22933116912802717,1,Medium
93442412a7,0.227056781171132,1,Medium
93462d1ebd,0.2130002409902837,1,Medium
93476ff832,0.018520707288219595,0,Low
9354acbe2d,0.4231818904952653,1,Medium
935816a89c,0.3224925437464316,1,Medium
935e029b6f,0.02352092880990209,0,Low
93607b43b3,0.0934546417173724,0,Low
936cdc4b97,0.07868240126062356,0,Low
936df9bd49,0.08878433131174641,0,Low
937413c3b3,0.027266125501745616,0,Low
9380dcd033,0.04546286384642197,0,Low
9386563c2e,0.03875331772448177,0,Low
93873c071a,0.07604119412567337,0,Low
938d4019c8,0.3235647048508714,1,Medium
9399a8d550,0.047543933203467816,0,Low
939b8f2940,0.12200480094809223,1,Low
939e11a300,0.06928832550993219,0,Low
939f6d8034,0.03982981043241772,0,Low
93a13ecca4,0.0281524015282928,0,Low
93a5b93d0a,0.04089937383974341,0,Low
93a7964f09,0.11417478551971305,1,Low
93aab8c23e,0.027767327970377537,0,Low
93b074fee2,0.08798567503078389,0,Low
93b4d27338,0.21036886796066742,1,Medium
93b6a7046a,0.0743667666662504,0,Low
93bdc47a7a,0.13931620475109044,1,Low
93c005cece,0.5289583173994118,1,High
93c1821e35,0.10653417635163555,1,Low
93c35f9fd2,0.06610556441284746,0,Low
93c48f94fc,0.10277622237786556,1,Low
93c4ab5896,0.22201445990983187,1,Medium
93ca9acfcc,0.025109290935663213,0,Low
93cea9684c,0.11906192811407909,1,Low
93d0585855,0.1626698209582868,1,Low
93d4160e71,0.0845131024628203,0,Low
93d9abdb86,0.03062092898584771,0,Low
93dc443b5e,0.03812355083388029,0,Low
93deae2b2e,0.035189727986149895,0,Low
93e0bb7814,0.14488730988302978,1,Low
93e1038be1,0.11589015046230544,1,Low
93e272d6de,0.11207408427977229,1,Low
93e36aa691,0.0239796449645184,0,Low
93e5a8fd01,0.14373988719646708,1,Low
93eb2edc92,0.19052646921851077,1,Low
93ecea48d2,0.185731535333606,1,Low
93ee63ab39,0.03969208950332176,0,Low
93ee98e818,0.07976819781010185,0,Low
93f35136a2,0.04433196695536048,0,Low
93f3dd0af6,0.09161938317820192,0,Low
93f4aa53fb,0.11712678119273176,1,Low
940165ad3c,0.05010000130916263,0,Low
9402ef9159,0.18960038525901085,1,Low
94031cc68c,0.07250424625641032,0,Low
94077260f0,0.2266292389420299,1,Medium
940796f379,0.05043701758435216,0,Low
940b2a1a4f,0.15470267809458527,1,Low
941611df8e,0.1315554960346782,1,Low
94189245bb,0.03173543029750604,0,Low
941e96f583,0.059735366021041354,0,Low
942966386f,0.10612171872165516,1,Low
942a4b5786,0.5256216428786289,1,High
942af76226,0.16013001763311863,1,Low
942e7a40d4,0.18125327739546407,1,Low
94331e2f6f,0.06693606501514389,0,Low
9437eba998,0.19961411732978718,1,Low
9438571112,0.18291701519212702,1,Low
943956e356,0.15236507718015596,1,Low
943d656fd2,0.08017902871543489,0,Low
944252c2f3,0.10085789241261549,1,Low
944c4b1256,0.22147446436112578,1,Medium
9457427754,0.17966422298337256,1,Low
9458a90b02,0.16870221222183926,1,Low
9459ac4480,0.01894785293739183,0,Low
945a3745e4,0.08058676200254557,0,Low
945aae645b,0.23969258673657357,1,Medium
945aaee026,0.21074730145833143,1,Medium
9465943279,0.03552392114009571,0,Low
9466acb4d2,0.05465464899652123,0,Low
9469345338,0.0527801024207861,0,Low
946f0ce213,0.06072567076527029,0,Low
9473373637,0.08387096727181723,0,Low
9473bbb9fe,0.12222432190539996,1,Low
94742e80e9,0.44425618158796293,1,Medium
9474f52806,0.1208444315910385,1,Low
9479524f01,0.17117618358682563,1,Low
947cc5e58e,0.02628293783231312,0,Low
947d32b16e,0.2051473871810568,1,Medium
947e762842,0.14351146467816148,1,Low
947fd12d81,0.07983504980282007,0,Low
9480423fef,0.05890463678196177,0,Low
9485cc7750,0.12843412588506173,1,Low
9487f47a3f,0.1251274482085,1,Low
948b39fa21,0.22464708368769687,1,Medium
948d8a52e1,0.1905837431987272,1,Low
948dcf3ca8,0.12202117399658997,1,Low
948e101468,0.13254106045517622,1,Low
9496c8d57c,0.18878354448323634,1,Low
94975b0e5e,0.07581681712803505,0,Low
949b0a31d6,0.05122159358371068,0,Low
949f8c2cd6,0.045670232707836905,0,Low
94a06adb6b,0.069192276228223,0,Low
94a151809a,0.032950566789723156,0,Low
94a36aa3ba,0.04830465571709299,0,Low
94a485751d,0.07449855239530762,0,Low
94a6bba63b,0.045961698719689026,0,Low
94b156c57d,0.034999070535486156,0,Low
94b38020a5,0.05649411889150151,0,Low
94b608e1e9,0.20336567343062992,1,Medium
94b8a126be,0.09983016142102732,0,Low
94b9ef23be,0.1583275834596944,1,Low
94ba000941,0.050030027157085356,0,Low
94ba6e0339,0.16478223891484614,1,Low
94bfac5b1a,0.09937152645320377,0,Low
94c06127ce,0.10983062973388662,1,Low
94c0c111ee,0.049522880755963054,0,Low
94c56756ad,0.05029581454812599,0,Low
94d11aaf08,0.04433115945838157,0,Low
94d19d9aca,0.04903576942262174,0,Low
94d3ff4654,0.08014292074568512,0,Low
94dcd7ce6a,0.04424398392699846,0,Low
94ddcbf493,0.21664268027347144,1,Medium
94e00a2346,0.08712214941964785,0,Low
94e122b4fc,0.06185626919939778,0,Low
94e37065d4,0.03237157869336255,0,Low
94e444a767,0.050526175355299956,0,Low
94e48e83fd,0.0279872606178945,0,Low
94e6160b2b,0.08236250205743567,0,Low
94ea59c2b1,0.12455239235015056,1,Low
94eb7570ec,0.22783017635692784,1,Medium
94eb7b7ef4,0.0638027147240153,0,Low
94eefb695c,0.19475371196153732,1,Low
94f10b25b8,0.058500674930093845,0,Low
94f41cd930,0.08977919366316592,0,Low
94f52cbfb9,0.14858798980032176,1,Low
94f9ad9d8d,0.02688593347795849,0,Low
94f9be9079,0.16455030172808258,1,Low
94fa1f0d4c,0.026345490984951748,0,Low
95011567ea,0.02732142191662162,0,Low
9504a68410,0.04178044150248594,0,Low
950688e735,0.2921828492827055,1,Medium
950e5aadeb,0.053824995105347294,0,Low
950eff14a1,0.271922370773969,1,Medium
9521ac30cb,0.07873389080120603,0,Low
952307d668,0.074411550513977,0,Low
95293d7de7,0.029247798205659536,0,Low
9534138150,0.13574749381328327,1,Low
95355d6d2c,0.04023098436672731,0,Low
953714a9e5,0.08436155978980318,0,Low
953e8238a2,0.06947564999759147,0,Low
9541400000,0.06100326587255614,0,Low
95460325c1,0.04060834202000233,0,Low
9547a5374d,0.06527473194364704,0,Low
954a728148,0.10354038193559102,1,Low
954aa610c3,0.5882017077459405,1,High
954c10e112,0.19483043200858252,1,Low
954ebe60b5,0.05492285176653507,0,Low
9550404a60,0.1498499287850408,1,Low
9559162994,0.11084723317375404,1,Low
955a9eed78,0.2013125836529177,1,Medium
95643bc1b6,0.1990073238833002,1,Low
95671b50c0,0.06880053445510127,0,Low
956c248e58,0.11979464065195472,1,Low
957427fbae,0.029578989933331398,0,Low
957e13007e,0.06540501375885226,0,Low
957ef928b2,0.6168822823650962,1,High
9585bcab5c,0.059399438819685534,0,Low
9586a42736,0.07101424809180482,0,Low
958a88ccf6,0.10779492329520987,1,Low
958eb34ea3,0.12975414167636606,1,Low
958f42ed15,0.33945799343550775,1,Medium
9598abd035,0.08555914403667926,0,Low
959b0e31ce,0.19225694071260382,1,Low
959e34ef02,0.3463735982407392,1,Medium
959e6104e6,0.41479424414591176,1,Medium
95a29d2d19,0.20151696412129866,1,Medium
95a34be1d5,0.02340889584495686,0,Low
95a3a53cdc,0.06646141662532828,0,Low
95a58f7dd4,0.11557584433958537,1,Low
95a8fabe9f,0.1308125806129844,1,Low
95b26cb44d,0.11405721900261705,1,Low
95b456e570,0.38389661219671317,1,Medium
95b6af463d,0.08222827098331087,0,Low
95b6c244b2,0.08219809221930446,0,Low
95b72e6d98,0.0684525982540527,0,Low
95be213319,0.07108376296621895,0,Low
95c38215b2,0.23226991914157408,1,Medium
95c51e4f37,0.10806713881736164,1,Low
95cef69690,0.07633815119528395,0,Low
95d1683ae6,0.21242683069701462,1,Medium
95d3ef742b,0.38407429680561134,1,Medium
95d51d7cbd,0.16564384958921383,1,Low
95d7b7c752,0.1411128054039299,1,Low
95dc190b0f,0.07265897626333839,0,Low
95e3355095,0.033987235483611475,0,Low
95e9948902,0.15108759203014016,1,Low
95edbc2eb2,0.1880839968530665,1,Low
95efbc5ce7,0.05594111794711983,0,Low
95f39f8299,0.18610696107496594,1,Low
95f3a851bd,0.397439125987658,1,Medium
95f81e9e59,0.2992260369323793,1,Medium
9604e3ed00,0.054842300177608334,0,Low
9614904f1e,0.24528544621861162,1,Medium
9618be63d6,0.03246324168448477,0,Low
9619413383,0.022947706815748682,0,Low
961d533b82,0.03263246821313759,0,Low
9628be03e1,0.19999764636949807,1,Low
962a4f1f15,0.053647038269782135,0,Low
962f12eea6,0.04184223255273356,0,Low
963b4d7877,0.03680663618527659,0,Low
963f09270f,0.10902511455923211,1,Low
963feaf266,0.05615042846430975,0,Low
9641e3368e,0.110655934709735,1,Low
9642e9b18c,0.27322774303600716,1,Medium
9649d655e4,0.11984138610873693,1,Low
964a34a100,0.1606861106665335,1,Low
964ac3bc49,0.09440510949035837,0,Low
96518eb29c,0.09181622129870218,0,Low
9653f6624a,0.12271054824806847,1,Low
965707593f,0.2731287308717656,1,Medium
965886e332,0.06275735713488678,0,Low
96590d072e,0.020585937405486424,0,Low
965b9b1e7d,0.20158110984913125,1,Medium
965bbce648,0.056599724346815934,0,Low
96698a90d3,0.089330929546945,0,Low
966f50d1d4,0.021621919694394694,0,Low
9670bf72c7,0.03635289172528209,0,Low
96776d6f16,0.0359280464429436,0,Low
967a2c012e,0.22469662189661238,1,Medium
967cbf64f8,0.03429283306805612,0,Low
967e939fb2,0.18966038015179815,1,Low
96803ed792,0.039121456008003305,0,Low
96821ec55e,0.021104104237441877,0,Low
96886e909e,0.0378046651334085,0,Low
968c4ddb8e,0.08791153004801143,0,Low
968d387f4c,0.07078435198944574,0,Low
9690695c4e,0.02847611303728336,0,Low
96923ed9ff,0.10376928282521682,1,Low
9694750c18,0.28931807115849706,1,Medium
9694c556be,0.11437259349994675,1,Low
96952f36cd,0.0372848438560877,0,Low
969b8bc13c,0.1003820756111954,1,Low
969ccd98af,0.05609619952441019,0,Low
96a1127375,0.10499914248275656,1,Low
96a11a6a9f,0.12114088798582494,1,Low
96a1caf936,0.13513458876022072,1,Low
96a4db45bc,0.16807222014656098,1,Low
96a5e369ad,0.14597379423664245,1,Low
96a8ce6ed0,0.05223110538024403,0,Low
96b1248a29,0.11857474923959958,1,Low
96b14b44a1,0.017263875710054926,0,Low
96b4f795e7,0.06911041460158956,0,Low
96b65632e0,0.040937517108674326,0,Low
96b7e8751e,0.1494502806241792,1,Low
96b8210fe3,0.14460650127075303,1,Low
96bd57d288,0.1646192264281345,1,Low
96c0ea24bb,0.050191731890934115,0,Low
96c42dbeb3,0.16610087119059191,1,Low
96c7e1ae90,0.10597834155644065,1,Low
96d02ed4a7,0.37953121452718785,1,Medium
96d17f1e65,0.06187928830951723,0,Low
96d219a37f,0.10919771491710221,1,Low
96d585afd7,0.17282658914398144,1,Low
96d98d38ce,0.04310644194075664,0,Low
96dcb19d02,0.04040039303556662,0,Low
96e17757ab,0.07594955154557706,0,Low
96e43ae240,0.10662437753718101,1,Low
96e6032ca2,0.16639273162819324,1,Low
96eaeb2207,0.08452639315716538,0,Low
96efa4c522,0.05506046368578774,0,Low
96f28f455b,0.10706717029067019,1,Low
96f7a78400,0.1917675691615152,1,Low
96f7f8b338,0.08241275434759096,0,Low
96f97b4650,0.030160516541415584,0,Low
970926b6b7,0.11650858718397918,1,Low
970b73c5d4,0.21443985098475055,1,Medium
970efb8a7c,0.1802881827098981,1,Low
9710a2dca0,0.036026854986309115,0,Low
9714260fbe,0.127360325574084,1,Low
9716ecfad1,0.07890715306986204,0,Low
971d280fa6,0.1216177680598828,1,Low
972238590f,0.128374755983335,1,Low
97286c795e,0.03703280418115427,0,Low
9728b8f5f9,0.06451231696037545,0,Low
972b9e3c48,0.028635285435399272,0,Low
972cb4f52f,0.135762303187759,1,Low
9730293be1,0.13534892233146614,1,Low
973488d233,0.05282522705829757,0,Low
9737ab70b9,0.35295197520770016,1,Medium
9738a43e4f,0.06746330720390678,0,Low
973f99d48c,0.18917047646214694,1,Low
97426ea549,0.07133818647739164,0,Low
974426f6d6,0.32685374682584184,1,Medium
974689b33f,0.3681079597214953,1,Medium
974fa30c22,0.03697250990648616,0,Low
97503837bb,0.34085940714235685,1,Medium
9750434ad3,0.6941597493911031,1,High
975153ffd1,0.06581108802762872,0,Low
9759789d05,0.10454034966988483,1,Low
975ba4179c,0.044577503324540274,0,Low
975d6881ec,0.2484426794841938,1,Medium
975da08a3d,0.2571711829551246,1,Medium
975e63b4a4,0.07009427813919113,0,Low
97610a0ed7,0.041265088613936046,0,Low
9764e199ee,0.5052518900341831,1,High
9767b54506,0.31745201773450116,1,Medium
976cd12a9a,0.21416335792948873,1,Medium
9774e6af4f,0.09532739607231912,0,Low
97768afafd,0.13826108245796853,1,Low
9782c721f5,0.10723745428472867,1,Low
978b4b5366,0.16767631400986685,1,Low
978b5b9629,0.2516713649375664,1,Medium
9799473e40,0.06556346653847532,0,Low
9799d20b85,0.04598054095098088,0,Low
979c5e8bd8,0.16671366566713894,1,Low
979d734da9,0.13283079255970676,1,Low
979fc455ca,0.11764316004605901,1,Low
97a38275ba,0.11990949957578581,1,Low
97a6d4f001,0.11501620437634423,1,Low
97a6fb2bef,0.20580438241816984,1,Medium
97af36138a,0.42343054404870545,1,Medium
97b19a06d2,0.5367836900946169,1,High
97b319b6b8,0.06476141761360887,0,Low
97b37a4889,0.311506909748659,1,Medium
97b4ef1ace,0.05237575880635258,0,Low
97b6b5d6f5,0.2919891571298704,1,Medium
97b8c94887,0.1001890899895094,1,Low
97b8e474fb,0.07277482320430644,0,Low
97bab2b35a,0.030395241217938827,0,Low
97baf9ad38,0.24996849653936323,1,Medium
97c1dceeed,0.32564664002054305,1,Medium
97c21f0277,0.06686962757393622,0,Low
97ca18e1f2,0.18024563165407423,1,Low
97ce59a77c,0.2616104055575079,1,Medium
97cf81857f,0.09208957833512446,0,Low
97cfaf46f8,0.18829305312844974,1,Low
97d00451bb,0.6712631777984616,1,High
97d09da892,0.1180671587916369,1,Low
97d24edadc,0.20579381551727424,1,Medium
97d4b906eb,0.17259054386894473,1,Low
97d75d3b2c,0.17986540876611604,1,Low
97d88f9cf7,0.10501289950781043,1,Low
97dbbcf4aa,0.07215707866815854,0,Low
97e15120ea,0.11069985927190686,1,Low
97e3cd3a4b,0.19487345100338213,1,Low
97e4d499af,0.11320844773201505,1,Low
97e4fff5e4,0.044938884326433906,0,Low
97e814d544,0.08040790091214421,0,Low
97e9e000b7,0.11221979591850545,1,Low
97ea2f24c8,0.027530933887580253,0,Low
97f067f070,0.07687865599524629,0,Low
97f24076e0,0.05509898338625239,0,Low
97f9579373,0.145988272376769,1,Low
97fa0bf29e,0.060973454410376694,0,Low
97fb6d718a,0.1982622861805236,1,Low
97fc720cf2,0.15416536526394686,1,Low
98042cd843,0.053417644877279964,0,Low
9805bb2ac2,0.043173766207058976,0,Low
980e23bc47,0.08185221493731251,0,Low
980f49d439,0.058462734490670513,0,Low
980fccedfa,0.05710457204647025,0,Low
981499c775,0.16443917021755344,1,Low
9815508315,0.17399078327168144,1,Low
9816277ea7,0.16297136704898044,1,Low
98175ec193,0.12645484947784605,1,Low
9819b65d06,0.14413246087028092,1,Low
98271df3a8,0.06719944542987709,0,Low
9827ad7ade,0.10737056997119893,1,Low
98289965e2,0.1754543948651235,1,Low
982a3b5390,0.07483858058957088,0,Low
983a133bfb,0.021625386170320532,0,Low
983dd637b3,0.09502520909713032,0,Low
983e105898,0.039520955295056,0,Low
983f7265de,0.11003667304179857,1,Low
98428f631e,0.038951349109351566,0,Low
9845b6be18,0.0793245556224019,0,Low
984619f2f1,0.23132789662746317,1,Medium
984d11971e,0.026292272638383993,0,Low
985073fcab,0.05394496082683522,0,Low
985163d5c6,0.08611195663310718,0,Low
9852c54e71,0.1822203058862882,1,Low
9852c6657c,0.2578400472157651,1,Medium
9854b74d98,0.1764428404254665,1,Low
9857aa73a9,0.17134810860004043,1,Low
9858f84bc6,0.0477656779265663,0,Low
9859e3429b,0.1838250254336862,1,Low
985a27a93e,0.14159578001521367,1,Low
985a58a06c,0.16356244177611864,1,Low
985b8cec11,0.13465644188481796,1,Low
986125aa9b,0.0710120708210276,0,Low
9865fb231f,0.5191039323838842,1,High
986e079d30,0.16696327982972356,1,Low
9871c7f47a,0.06802714683748434,0,Low
9872e9e375,0.025454299731771424,0,Low
9876547fd5,0.22962532371363079,1,Medium
98785acdc5,0.03623650420760597,0,Low
987b0342cc,0.20268729547798547,1,Medium
987b104ab9,0.11222995126968034,1,Low
987c008db9,0.24689280318500614,1,Medium
987e216e4f,0.0310746193731907,0,Low
988018b3c2,0.11045022514274815,1,Low
988544a0a5,0.06430285422151598,0,Low
988ceb67f4,0.1982289490356611,1,Low
9892048321,0.3153526153440114,1,Medium
9895d9c873,0.1813689843860213,1,Low
98984b18e0,0.10876109117195878,1,Low
989accf879,0.15404439797199826,1,Low
989b76303d,0.04018583106619609,0,Low
989d208cac,0.17438226892197287,1,Low
98a830d971,0.18303039283519887,1,Low
98ab34d088,0.09419498001139284,0,Low
98ac890f00,0.11558335156035379,1,Low
98b2b1f23f,0.10052079416332668,1,Low
98b39867f6,0.1047375935387467,1,Low
98b48dae92,0.16032761277153554,1,Low
98b506f951,0.03812124118846595,0,Low
98b920acae,0.2365156737424876,1,Medium
98b9e13b7c,0.11751864816541098,1,Low
98bbd8785d,0.08803525482240299,0,Low
98c030ee29,0.055017564458475304,0,Low
98c1acd67c,0.03537909052241067,0,Low
98c2867eaf,0.39567475234267424,1,Medium
98cb664024,0.07670229631809866,0,Low
98cc498172,0.05458144826232559,0,Low
98d193a24e,0.13058990510542093,1,Low
98d23116ba,0.04354441314396836,0,Low
98d4702d17,0.34761386355982316,1,Medium
98d89e41cc,0.13255241550221064,1,Low
98deda5bf5,0.020331690524551273,0,Low
98def05c08,0.21230226807519967,1,Medium
98df5efc3f,0.10984114658506107,1,Low
98e45beb93,0.1897290939828278,1,Low
98ea2f82ef,0.01790125586784354,0,Low
98ee1f6672,0.04473742382372896,0,Low
98f229aba5,0.045482248924527985,0,Low
98f86e88c2,0.17603440754551591,1,Low
990426b968,0.03607392821693936,0,Low
9905f7626c,0.05846711120348256,0,Low
990722fd28,0.05938937565071513,0,Low
9908a7ddc2,0.05300307424371774,0,Low
990d4daccd,0.6597414259668613,1,High
990e8aa4a6,0.22011488380823382,1,Medium
990f17cabc,0.04260352410437019,0,Low
991cc419ab,0.1383350804155457,1,Low
99231375ea,0.4030805190951034,1,Medium
99238fbc0e,0.07587592502151952,0,Low
9923e248a3,0.0626040562909455,0,Low
992d36b997,0.07873370500325788,0,Low
9931b4c833,0.11825148803892924,1,Low
9937cd4e10,0.16481324097854785,1,Low
99423962f4,0.07857345503071574,0,Low
9945c3f1e2,0.1623709877485175,1,Low
99503ee2f2,0.06863953866155241,0,Low
9952a81306,0.09329134421864076,0,Low
9953d0d3ff,0.16656633666947526,1,Low
9954eb0995,0.08988397919563429,0,Low
996084e422,0.11650056186078075,1,Low
9962b4137d,0.21364506528903493,1,Medium
9962fdd0e7,0.16840278619401813,1,Low
99640fdbba,0.016291727809205552,0,Low
996a564583,0.5078855953407684,1,High
996fe0f478,0.14379567409719107,1,Low
9970cd1bf8,0.04579150964048539,0,Low
99752573eb,0.11822071484198542,1,Low
9978a5a96f,0.12271320308490107,1,Low
997bd7dff1,0.12156961068221142,1,Low
997c3954da,0.10909408999342589,1,Low
997d9139d7,0.07377948934256996,0,Low
997dec98f2,0.10641347257375107,1,Low
9980533bbd,0.017483219752773792,0,Low
9982b59305,0.13078728686182808,1,Low
9985ec702a,0.12252348874445847,1,Low
99944bd22a,0.10040916600250675,1,Low
9999e1b791,0.2064334678179973,1,Medium
999a4656f5,0.026671839595408194,0,Low
999a6b5e68,0.038714593946975254,0,Low
999b5780e4,0.07113698339555112,0,Low
999c9a2419,0.15165847394851378,1,Low
999e7d041a,0.04094723141526405,0,Low
99a10fcc05,0.08228900649000653,0,Low
99a2f9fba2,0.33199733940159987,1,Medium
99a53a5341,0.09544242170366327,0,Low
99a7c82789,0.14641139498218245,1,Low
99b62881bb,0.11411196378620894,1,Low
99b6d970cd,0.07515942128367356,0,Low
99b76f5d57,0.04401100816350213,0,Low
99be48d294,0.4440078346652546,1,Medium
99c108b33e,0.20696516393603587,1,Medium
99c487c940,0.20327085260096311,1,Medium
99c4d3e206,0.047836443679058246,0,Low
99c4d4cc34,0.14349733910168433,1,Low
99c52f5f11,0.13452546818107952,1,Low
99c71b1f1b,0.291812445019426,1,Medium
99c8bf8a03,0.260142026589996,1,Medium
99c9575e24,0.0407237323266214,0,Low
99d5bb8f3b,0.04762961307361697,0,Low
99d67e5d3a,0.032984535960349635,0,Low
99d7494438,0.1634144683699717,1,Low
99e1192c49,0.03237234488361021,0,Low
99e681c98c,0.17765677684286538,1,Low
99e6e052ad,0.06328344460694092,0,Low
99e82adba3,0.03281605594802727,0,Low
99eb797388,0.1775715400081303,1,Low
99f6891ecf,0.16559290505222013,1,Low
99f78d326c,0.055227818810186916,0,Low
9a0247c14b,0.04655137589725143,0,Low
9a056cfff9,0.06483701182524813,0,Low
9a08a3010f,0.01786530206897583,0,Low
9a09975ebe,0.06259684940715667,0,Low
9a0d8eebb5,0.023288146902505816,0,Low
9a0f550847,0.07569341693965671,0,Low
9a1126a678,0.04340451598646136,0,Low
9a13528e04,0.3432031088683429,1,Medium
9a19c96978,0.10071102125656256,1,Low
9a1b66730a,0.27122441918258694,1,Medium
9a1c81d6ff,0.11984916036476448,1,Low
9a1ff224f4,0.07393320341357365,0,Low
9a22be7289,0.2527753058823463,1,Medium
9a2ea905d2,0.08173301017793691,0,Low
9a34ce74b8,0.10037451695089122,1,Low
9a3588916b,0.06401430091032116,0,Low
9a39de819d,0.04340847083550587,0,Low
9a3a922d28,0.07154853093596794,0,Low
9a4018905e,0.04066306319410007,0,Low
9a4018b055,0.06567443690603429,0,Low
9a416dd683,0.01714865540071352,0,Low
9a429ff195,0.11654508581831147,1,Low
9a42b76ef2,0.039971031967128076,0,Low
9a43c9bdb2,0.16322256514442235,1,Low
9a467b6a9f,0.12001199833528375,1,Low
9a4ab3e726,0.13535394747681362,1,Low
9a512b0ba4,0.12038362134049273,1,Low
9a51ac6401,0.2143108738974264,1,Medium
9a59cb3274,0.04576489485186501,0,Low
9a5b056bf6,0.07620388623480577,0,Low
9a5c73bee2,0.14635261418750228,1,Low
9a5fb7ce26,0.15287387243925213,1,Low
9a61e3c4d5,0.07688617152707841,0,Low
9a6632ee83,0.15515493735276228,1,Low
9a70b5f93d,0.14258591868199208,1,Low
9a733702f5,0.029153018167106033,0,Low
9a796166d4,0.06457738845031635,0,Low
9a7d35119f,0.1211727011404012,1,Low
9a826c8d13,0.10110522408974698,1,Low
9a8694419b,0.2218750962426547,1,Medium
9a87200064,0.1828898038110053,1,Low
9a8a96c7ee,0.023408913273981414,0,Low
9a91c5a6f3,0.0764848408018256,0,Low
9a9ca83220,0.02747537446923199,0,Low
9a9d632d56,0.16504304561868172,1,Low
9aa154dc26,0.09027717482735853,0,Low
9aa4f94f84,0.14805910178333953,1,Low
9aab006a9c,0.04042009512432004,0,Low
9aae0da91c,0.09231838805955578,0,Low
9aae744a1d,0.5004339794244452,1,High
9ab8cc25c6,0.058490749858088484,0,Low
9abcce1227,0.053467805543582374,0,Low
9ac6da2d6b,0.033335810441784006,0,Low
9aca93683f,0.0581197955983608,0,Low
9accf0d4c4,0.2858469525657161,1,Medium
9acfc6abad,0.1808633996239598,1,Low
9ad1767032,0.11098841715807606,1,Low
9ad32b66f0,0.04736743534437822,0,Low
9ad4012440,0.1182695583307093,1,Low
9ad649bd4a,0.07928146647002574,0,Low
9adae2391c,0.21744554594375815,1,Medium
9adec3949f,0.02926047804066791,0,Low
9ae59f247a,0.3371390224161546,1,Medium
9aeaa5629b,0.11649744907898203,1,Low
9aecca23b9,0.17423106067511904,1,Low
9aed40807a,0.07372988604892537,0,Low
9af2f1c2f3,0.10044106132890178,1,Low
9af9541afd,0.03679888250369207,0,Low
9afcb308f0,0.03840666188044006,0,Low
9b01c9dd2c,0.1147864177071047,1,Low
9b058b7846,0.5326526748007565,1,High
9b0bee128e,0.10824764185412124,1,Low
9b0e55224a,0.2552691440597609,1,Medium
9b0f2b5960,0.14822959651975484,1,Low
9b10be9802,0.17411941803825307,1,Low
9b1259963e,0.10666056417235041,1,Low
9b13af5810,0.07021824815186269,0,Low
9b172d41d4,0.2318070040315288,1,Medium
9b1ac960b0,0.26292686123834386,1,Medium
9b1f931e94,0.11067944073841335,1,Low
9b254a428b,0.08017839741108172,0,Low
9b272d9d97,0.17099816852541083,1,Low
9b29079086,0.1622720538264508,1,Low
9b2cdd3270,0.043146200215851645,0,Low
9b300754b0,0.21266809936728856,1,Medium
9b30d28c61,0.18096454415297455,1,Low
9b313a02ed,0.13083216547452037,1,Low
9b34cb30bd,0.09077070289224752,0,Low
9b35cee273,0.03919336292168014,0,Low
9b3dadf033,0.08906146566796776,0,Low
9b4096e7fe,0.07850685000918299,0,Low
9b478d8eca,0.17782509423089551,1,Low
9b4f7f3ccb,0.2249549449905414,1,Medium
9b4fcee534,0.04823559487625412,0,Low
9b53be6120,0.05515210383968748,0,Low
9b544d2cd7,0.09072958877327027,0,Low
9b5eec0731,0.09579989579272737,0,Low
9b614cc65e,0.14459474045698387,1,Low
9b65a6354b,0.5481020806292006,1,High
9b679f8342,0.2658691699931813,1,Medium
9b6a794662,0.22222620681200367,1,Medium
9b75357c82,0.431861764447284,1,Medium
9b7a121804,0.030115004882773938,0,Low
9b7bfe3efb,0.14683088129191993,1,Low
9b8b392cd2,0.22354072986250903,1,Medium
9b91c36937,0.15370398318876707,1,Low
9b91e100ec,0.09520596326127559,0,Low
9b94ccdbb3,0.06113427116939462,0,Low
9b953704c2,0.1972832886260165,1,Low
9b9603bd82,0.07209515289463182,0,Low
9b968e1d88,0.06677194019340327,0,Low
9b977e3a0c,0.044231484953299,0,Low
9b991ef9e7,0.04164101103035219,0,Low
9b9a807c69,0.13108216220807947,1,Low
9b9b2b7718,0.15378305097549558,1,Low
9ba0f447b9,0.10881887379391068,1,Low
9ba42f96be,0.11788785344614956,1,Low
9ba48f3576,0.08854423072397079,0,Low
9ba4fb9468,0.07958120631203404,0,Low
9ba8778d4c,0.4184528829574294,1,Medium
9babd25622,0.13418409306195891,1,Low
9bacbe740d,0.5654600810762966,1,High
9baf924fb2,0.10793714671601946,1,Low
9bb2acfffc,0.039830165179729295,0,Low
9bb712cefd,0.06778874232381876,0,Low
9bb94508e8,0.17188492543763623,1,Low
9bba3828a3,0.15398413341291461,1,Low
9bc06ae842,0.0911545973205858,0,Low
9bc46d2e44,0.08138618455212623,0,Low
9bc52b0989,0.11538023419071329,1,Low
9bc84b302e,0.18895914794318047,1,Low
9bcf94aa4b,0.027467627935951595,0,Low
9bd0ec5868,0.03390277806567537,0,Low
9bd7ed76cc,0.07023643118227461,0,Low
9bdcbd7a47,0.14374896669470924,1,Low
9be1fc11e7,0.056416671100708166,0,Low
9be4dfccfa,0.18289385837868238,1,Low
9be55df0f1,0.17637284390075503,1,Low
9be7fe9967,0.035742303204549956,0,Low
9beaf07cff,0.11729499850853976,1,Low
9bed673ddc,0.39214952243524837,1,Medium
9bf1e342bf,0.2637976499450166,1,Medium
9bf21ea6b5,0.10687297716980881,1,Low
9bf6127e8c,0.08226123105961845,0,Low
9bfa78d5ef,0.3460987474537914,1,Medium
9c00540a5e,0.24285790751441585,1,Medium
9c05a2defe,0.1948232270521794,1,Low
9c12f0f6fc,0.36051777634560617,1,Medium
9c1a60340a,0.03710477847338405,0,Low
9c1c6c3256,0.2694515850962423,1,Medium
9c1e0b6f72,0.2653553155450827,1,Medium
9c1e0f49cb,0.06839797163998741,0,Low
9c222871c6,0.08047156501902837,0,Low
9c265bff0e,0.13561225231643448,1,Low
9c26f93b28,0.2480990400574353,1,Medium
9c29285709,0.08184941860937044,0,Low
9c2bccd5c6,0.11992389308847265,1,Low
9c2df816dc,0.18087061633465668,1,Low
9c32dad3e2,0.11528521484316213,1,Low
9c388bbe12,0.15280314372171053,1,Low
9c3a0e2364,0.0746653042526277,0,Low
9c441077b2,0.08569883299800389,0,Low
9c47628fa7,0.04367557745853838,0,Low
9c4c9d4e2f,0.12016380889329285,1,Low
9c4d1122e5,0.1121728929218775,1,Low
9c5088bf34,0.03590332264330398,0,Low
9c54fd614f,0.02839270720201947,0,Low
9c5eafd53d,0.04131332493944857,0,Low
9c62511be5,0.07319521784922757,0,Low
9c655defd8,0.17679661983249345,1,Low
9c666cfeea,0.14264161263885497,1,Low
9c6cf6963d,0.06481566454954223,0,Low
9c6df6b1d2,0.026820087860807838,0,Low
9c6e127a2c,0.05617597732637332,0,Low
9c707d6022,0.04581633291257799,0,Low
9c71216d15,0.29330924375909745,1,Medium
9c742ffd66,0.02361990710414901,0,Low
9c743e072c,0.12713945821831665,1,Low
9c76c599ab,0.3957096917655556,1,Medium
9c776c28b1,0.24605631026481112,1,Medium
9c7a916c74,0.03211707580936476,0,Low
9c7b1a062a,0.1178643489723171,1,Low
9c7ce53958,0.19836755705560213,1,Low
9c802f4c7a,0.0731032931223546,0,Low
9c831ca3db,0.09032459039938541,0,Low
9c84a90f9b,0.13220923730827874,1,Low
9c84d645d6,0.31659960321726094,1,Medium
9c87be702e,0.03389348170943086,0,Low
9c8bab9a8f,0.14808277735192646,1,Low
9c8d6cbc13,0.15199314520429674,1,Low
9c962e73ef,0.07360529770803684,0,Low
9c96cc81fb,0.3525698436304762,1,Medium
9c99de1c2d,0.13414096391268737,1,Low
9c9d7c272e,0.08958872701116564,0,Low
9ca751c561,0.3116439828986794,1,Medium
9ca8a83392,0.09973432752850687,0,Low
9cac72b3ed,0.09648164361396289,0,Low
9cb20955f1,0.27883291133327714,1,Medium
9cbc3e04ff,0.09734127100818574,0,Low
9cc0ad407f,0.18768760886941338,1,Low
9cc12b2878,0.13220396181632207,1,Low
9cc66d88bd,0.05584023224922451,0,Low
9ccc260669,0.12956402053570812,1,Low
9ccd78a15e,0.44311661546599357,1,Medium
9ccf6384ee,0.2686239521940503,1,Medium
9cd1aa2c87,0.07483781829885455,0,Low
9cd45897c8,0.18586835154241313,1,Low
9cd9426494,0.12588065699099021,1,Low
9cdd7324f1,0.2740188010300317,1,Medium
9cdefb9c52,0.14194839770604833,1,Low
9ce20f3567,0.19585996278557233,1,Low
9ce3f1a267,0.06180968617064923,0,Low
9ce8584070,0.4568848098030562,1,Medium
9ceb1eb343,0.15649339605280674,1,Low
9cebfc63b1,0.1900297104851239,1,Low
9ceddeef9a,0.10222494563746592,1,Low
9cf67fb938,0.2912450600704962,1,Medium
9cf7110797,0.1730509550411499,1,Low
9cf9a16dbc,0.03029872019335113,0,Low
9cfbc4b1c4,0.07361871113353771,0,Low
9cfdd086dd,0.3317874759592713,1,Medium
9cfe63aa35,0.061887390522735,0,Low
9d02367564,0.12032854725887658,1,Low
9d04650d3c,0.03914942035105953,0,Low
9d05d3158f,0.057229523763880456,0,Low
9d0c00ad7c,0.11977347947017761,1,Low
9d0c9d29ae,0.286642366516563,1,Medium
9d0d63bb34,0.037131122844399435,0,Low
9d110e675c,0.09428489849607025,0,Low
9d11137205,0.027064504330966764,0,Low
9d1609553b,0.03689071359965995,0,Low
9d17c2fae7,0.18733126981801587,1,Low
9d1940a25e,0.27018146276373756,1,Medium
9d1d4a6356,0.3836700818209708,1,Medium
9d1ec8d610,0.12385162296761232,1,Low
9d219bc4cd,0.08394585175981295,0,Low
9d220d0c04,0.0595835522520279,0,Low
9d22a200d8,0.42285394768431017,1,Medium
9d2a680f6d,0.18675568893912747,1,Low
9d2e80786f,0.06915135341679657,0,Low
9d2f2e0c7b,0.05112825834469194,0,Low
9d30776737,0.018944893801648068,0,Low
9d326db08b,0.03696013962908138,0,Low
9d3738f663,0.13607277918991453,1,Low
9d374840e4,0.07902184716110419,0,Low
9d3a885d66,0.10905161963322015,1,Low
9d3a945a29,0.24951138831786948,1,Medium
9d44b27db6,0.062188113414544645,0,Low
9d4759e13b,0.07912329668952653,0,Low
9d4b1de703,0.09669620503380881,0,Low
9d4c5affad,0.16990471506205085,1,Low
9d5011930c,0.050724680521677404,0,Low
9d52950d47,0.09909236649855224,0,Low
9d529cd9e2,0.16349554754327597,1,Low
9d560d72ac,0.13056532667371787,1,Low
9d5988b906,0.048263808947248826,0,Low
9d5eb457ba,0.09195462522482414,0,Low
9d612108cd,0.0799102610163701,0,Low
9d66a35b23,0.0398028445529,0,Low
9d6a5479b7,0.16776315837232994,1,Low
9d6f5c5db8,0.14912314211669483,1,Low
9d76124d8b,0.15079854367635054,1,Low
9d7cc56165,0.05540534471250131,0,Low
9d7fb3714f,0.14013930453238346,1,Low
9d81cdece2,0.1197684358344803,1,Low
9d83529748,0.07445517306643772,0,Low
9d83da6f2d,0.16614099966470108,1,Low
9d85914044,0.19568343754964937,1,Low
9d896d2384,0.22761528330984648,1,Medium
9d8e93d75d,0.10178435406152692,1,Low
9d8f9392be,0.0641688547486391,0,Low
9d920366af,0.45129033932422885,1,Medium
9d9b6c8758,0.6402533033801578,1,High
9d9d8ef38e,0.08284498748779894,0,Low
9dabc3a1ea,0.10384414072006384,1,Low
9dad9e688f,0.27316531944841416,1,Medium
9daffec8cb,0.4359025838075801,1,Medium
9db3b7e403,0.060092215647214176,0,Low
9db5758fe0,0.12222572635056171,1,Low
9db73f8f9f,0.5739224792199668,1,High
9dbb0c1e37,0.12465159501934253,1,Low
9dbc8c9792,0.19344444894701182,1,Low
9dbe52d313,0.055789249060943895,0,Low
9dc21e9443,0.06235618976639268,0,Low
9dc413003c,0.17414125704389766,1,Low
9dc479891d,0.13653298440270398,1,Low
9dc53b4b6c,0.2298098674482507,1,Medium
9dc68b3d67,0.2030618012972065,1,Medium
9dc766b19d,0.1137887080678988,1,Low
9dcf71e352,0.029996811266989346,0,Low
9dd0670105,0.1548829225267865,1,Low
9dd42fdf78,0.10327434817179534,1,Low
9dd6b05370,0.11038796028148888,1,Low
9dd7ca72db,0.475879049690317,1,Medium
9dd8c23bce,0.031589108634238715,0,Low
9ddb86be93,0.1661283502733565,1,Low
9de20b5b70,0.03905007114984997,0,Low
9de82fd54b,0.09382762228368649,0,Low
9de837a9c1,0.044308248102187586,0,Low
9df9e23894,0.10545747609081524,1,Low
9e09b61698,0.017078947837948753,0,Low
9e14d7d04e,0.216347795736039,1,Medium
9e15b88338,0.28949396535779104,1,Medium
9e162a3b50,0.0655829979602704,0,Low
9e16c604df,0.09605513171439319,0,Low
9e17430b0a,0.18379924941811437,1,Low
9e1a133258,0.07849928279325412,0,Low
9e28c1f8da,0.07197844452707877,0,Low
9e2981ffe3,0.2775892005178446,1,Medium
9e2e0e617c,0.0870790127065791,0,Low
9e2e7948e4,0.07679855619868003,0,Low
9e365e8fe2,0.028645716944165175,0,Low
9e3902a757,0.11916249953518865,1,Low
9e39e5d111,0.03579415274608243,0,Low
9e3b91d913,0.1967842956676214,1,Low
9e3c27e128,0.06958658110462615,0,Low
9e3f9b8db7,0.0410471611543779,0,Low
9e46ba2649,0.11440370899337292,1,Low
9e5247edea,0.23581494583940596,1,Medium
9e52ecda47,0.05928715985132703,0,Low
9e540ce14a,0.04768139793976866,0,Low
9e57fff8a6,0.11118839121956604,1,Low
9e5a1714a6,0.09335837190175718,0,Low
9e5aeb1ff0,0.05112151686195369,0,Low
9e5c9400d7,0.06259930630936887,0,Low
9e5d78d62d,0.22754217960921855,1,Medium
9e6100c50c,0.2010173887944636,1,Medium
9e6250520d,0.021341565892164294,0,Low
9e6911e9b4,0.10801335272099391,1,Low
9e6ba7ccb9,0.16395443982498223,1,Low
9e72892287,0.14855554329030074,1,Low
9e77fae84f,0.0657913063224914,0,Low
9e78705c12,0.05202700837675719,0,Low
9e7c5feda5,0.0703654321158776,0,Low
9e820fe71f,0.4433646567598756,1,Medium
9e85f9f295,0.07493576393205978,0,Low
9e8906b275,0.1735975475610367,1,Low
9e89787bf8,0.40394135371973544,1,Medium
9e8f0ae8e2,0.07205061728648814,0,Low
9e8fda060f,0.13047447692048125,1,Low
9e9296a918,0.04879156428751055,0,Low
9e96070576,0.053528701126264046,0,Low
9e9613dd9a,0.2441972358531784,1,Medium
9e9715ce38,0.1516732991170539,1,Low
9ea4c103d7,0.05332080691017691,0,Low
9ea5408a7c,0.10947900992772934,1,Low
9ea81ea8e8,0.13442064280142824,1,Low
9ea8af528d,0.05658167043338833,0,Low
9ea93de8e1,0.10160291943949558,1,Low
9eb1ad3159,0.20305700961736467,1,Medium
9eb6e84eb3,0.020226748332947367,0,Low
9eb76a9f04,0.04780289540437985,0,Low
9ebcd85776,0.18895887687201685,1,Low
9ebf56b80d,0.06121279471623866,0,Low
9ec07002c8,0.1623718300332908,1,Low
9ec38adf1c,0.03910158796909109,0,Low
9ec61b24d9,0.15506743727037192,1,Low
9ecb80c01e,0.21379381273924747,1,Medium
9ece000c50,0.09896905001902656,0,Low
9ece4acbfb,0.05335183028241324,0,Low
9ed5ab6777,0.06540718555401795,0,Low
9edf775deb,0.12309940481041606,1,Low
9edf9cb2b8,0.09123204762555617,0,Low
9ee10b1138,0.2974482345973089,1,Medium
9ee92a415d,0.18438612285880177,1,Low
9eee17e6fc,0.16201030478159653,1,Low
9eee4eed56,0.04183312687189145,0,Low
9eef1b390f,0.049113248489498024,0,Low
9ef60126db,0.039028948886895065,0,Low
9ef617d413,0.4065094989051734,1,Medium
9ef6435e13,0.03316305228347109,0,Low
9ef9fd65cd,0.03698640168368444,0,Low
9efda64eb1,0.16400566874725409,1,Low
9efde25231,0.44089660589730173,1,Medium
9f0186094e,0.16037766019990657,1,Low
9f06a25ac6,0.16835246202029763,1,Low
9f12bf086c,0.0892391762856207,0,Low
9f14e8f971,0.04284769985547324,0,Low
9f14face60,0.07538601999404128,0,Low
9f1c7d1407,0.19530351742021548,1,Low
9f1d432c9a,0.30955709435326084,1,Medium
9f1fe179b2,0.1167527039366301,1,Low
9f2033e43c,0.13516797303937017,1,Low
9f2d39caed,0.04912524728729963,0,Low
9f325b3207,0.13308973389490927,1,Low
9f338b9335,0.15373180808589976,1,Low
9f347047c2,0.1085161670450184,1,Low
9f34f11bf7,0.07956749497150256,0,Low
9f35c6a58c,0.14568434784636117,1,Low
9f3863ed09,0.06326007511974971,0,Low
9f3ed7ff81,0.06247189932483214,0,Low
9f3ffd073e,0.02436958481819254,0,Low
9f460425f7,0.1419010711504934,1,Low
9f558be11e,0.14709468944333295,1,Low
9f5804f974,0.0752985364622285,0,Low
9f68b40631,0.07022032496379314,0,Low
9f69bccefd,0.08496179066245572,0,Low
9f6e82e293,0.04500261958903718,0,Low
9f75d5980b,0.3771233493395881,1,Medium
9f7b494cb1,0.17882550634844535,1,Low
9f7da840af,0.155276813044766,1,Low
9f815b7242,0.05333483840599909,0,Low
9f821baf4c,0.09620371715755868,0,Low
9f849c7ea7,0.07484570403609184,0,Low
9f84d12e8c,0.23586544807205945,1,Medium
9f8ccdf34e,0.07943611901044736,0,Low
9f900060ac,0.2687381448471989,1,Medium
9f9a89031d,0.04652503978543268,0,Low
9f9c056255,0.12000163442718807,1,Low
9fa2e3ba85,0.17382187092763624,1,Low
9fa644f12e,0.04851614682937369,0,Low
9fa7530089,0.06080227222483251,0,Low
9fa9819459,0.1268383661798854,1,Low
9fae65856f,0.1929394676294948,1,Low
9fb048095f,0.26118171243119004,1,Medium
9fb23f405e,0.07073433068744674,0,Low
9fb262e973,0.059856654049382424,0,Low
9fb6ddd24d,0.0775742764817814,0,Low
9fbb9a5306,0.16608035965918574,1,Low
9fbf29efc5,0.25453259972742476,1,Medium
9fc02f49c9,0.09599371338300121,0,Low
9fc5e30813,0.06493017167568427,0,Low
9fc9ce61df,0.3449643892703527,1,Medium
9fd147b73e,0.06667886089360005,0,Low
9fd469ed60,0.05595993262858106,0,Low
9fd5e249ed,0.05855566764055579,0,Low
9fd65e0822,0.07038187254477304,0,Low
9fd6f95c1e,0.16099508034990678,1,Low
9fd75295da,0.1950381467075047,1,Low
9fda5f13c8,0.06625855500973346,0,Low
9fdd8c3621,0.28137982406433376,1,Medium
9fe57d3824,0.16439553584500072,1,Low
9fe87d7de8,0.2755971727195995,1,Medium
9feaa3da3d,0.40858010486862834,1,Medium
9febb4e7d8,0.18205488806214193,1,Low
9ff2d9ef52,0.02578240990410802,0,Low
9ff4c0b261,0.21061088357517688,1,Medium
9ff4ca61eb,0.07497871353296488,0,Low
9ffe7c7247,0.0641915092248683,0,Low
9ffeba0b7d,0.3209766471693683,1,Medium
a000251da0,0.14525077086563631,1,Low
a00abf2c3b,0.0880754765727962,0,Low
a00be7b1ce,0.018006114620098795,0,Low
a01258a384,0.08503074815092923,0,Low
a012e67982,0.12746880272851793,1,Low
a0134419e9,0.33347672072689843,1,Medium
a017b40840,0.045733336842644766,0,Low
a019691f2b,0.18834394729664247,1,Low
a01ad15ec2,0.14475227069132113,1,Low
a01bfbfcd0,0.023367456302456232,0,Low
a023e98cd2,0.08706853379659299,0,Low
a0253195f5,0.08564413273186475,0,Low
a0344e96a1,0.17438537387873806,1,Low
a036204122,0.12249180049663916,1,Low
a036efc415,0.0691467905049074,0,Low
a03906e722,0.6495025867296292,1,High
a039661589,0.032241773843121505,0,Low
a0439cfb0a,0.37147129824110925,1,Medium
a046530db0,0.04833850871283603,0,Low
a047c4eb6b,0.07515974989813275,0,Low
a04855406e,0.12595788383931006,1,Low
a04b20df29,0.048613601457688525,0,Low
a04bcf901c,0.33112344013570194,1,Medium
a04e619144,0.014003221502455036,0,Low
a04e8511ac,0.11213663724172768,1,Low
a050eebd37,0.5065299508099161,1,High
a05540915d,0.11092739663959827,1,Low
a059398416,0.16550201270707077,1,Low
a059b89796,0.15194855313889707,1,Low
a05b126f0f,0.04036911112729197,0,Low
a05cc3e303,0.0536598862849278,0,Low
a05e3d356a,0.15797931466510554,1,Low
a06041d953,0.019248669692766795,0,Low
a063a8827c,0.7259999065480145,1,High
a0657fca8f,0.04950127636690034,0,Low
a06672189f,0.09311081230953047,0,Low
a06ee1d404,0.15403928191147598,1,Low
a07a4d4334,0.03513411881357273,0,Low
a087ffa394,0.1865374616943913,1,Low
a08b034049,0.11967169972071441,1,Low
a09011dd25,0.3685860693033861,1,Medium
a090d3a544,0.16184335494280222,1,Low
a0a04539e1,0.23956344003791455,1,Medium
a0a6155c7c,0.11356594867288165,1,Low
a0a67155a1,0.23340500041255155,1,Medium
a0a8ca6d8a,0.3413015126353777,1,Medium
a0ac3ab11e,0.059922850763039756,0,Low
a0ae7ef70e,0.0545771713827093,0,Low
a0b1031751,0.09673174885275872,0,Low
a0b20b2ab8,0.08933400556271051,0,Low
a0bab35849,0.05886528348384628,0,Low
a0befdee7f,0.17659640786787728,1,Low
a0bf58614c,0.10498381042955454,1,Low
a0c0801f88,0.0316897656158779,0,Low
a0c2b9d55a,0.2092584016719232,1,Medium
a0c6cc1d27,0.03496957155903951,0,Low
a0c7269412,0.03423605135904487,0,Low
a0c77bbe13,0.1562988775257565,1,Low
a0ccc4fa3c,0.42449548271008114,1,Medium
a0cfe766f5,0.16320487068681938,1,Low
a0d0186de1,0.13347404930052278,1,Low
a0d94df773,0.43461798491992565,1,Medium
a0e11784f3,0.1856081933083505,1,Low
a0eb5e0f83,0.061750383333298436,0,Low
a0f2f04a76,0.08465767618306627,0,Low
a0f3d5c15d,0.0509007975124542,0,Low
a0f6ab0f3e,0.05568573217010191,0,Low
a0fc02220d,0.19750694602793145,1,Low
a0fdc1c2f7,0.08641059339354376,0,Low
a10648aac1,0.16820792782807767,1,Low
a110640363,0.17823842395025424,1,Low
a11548011a,0.23223061271467188,1,Medium
a11552a8e1,0.2429236651881189,1,Medium
a115cf707d,0.07483065809864095,0,Low
a116399d39,0.21937305463556458,1,Medium
a1166275e8,0.11066056568616109,1,Low
a11a7a67a0,0.045716238075042714,0,Low
a11d67cd46,0.18869193513399007,1,Low
a11de04f0a,0.07326032466941491,0,Low
a1273dc954,0.05977554465890323,0,Low
a1282dc570,0.03132611906013497,0,Low
a1287441d9,0.2183574356138551,1,Medium
a129344b4a,0.06752577871832861,0,Low
a12aa27a86,0.12944580749505874,1,Low
a12df3d941,0.07749462274441991,0,Low
a12ec6efe0,0.10739262755156138,1,Low
a13f03d4b1,0.057363503830929405,0,Low
a13f4cee44,0.08164142304891599,0,Low
a143df99f3,0.055630512426563514,0,Low
a144e9af40,0.141921745237103,1,Low
a14a0a8937,0.20352567758285864,1,Medium
a14a6056aa,0.18600157615464483,1,Low
a14b5848b3,0.2160697627034751,1,Medium
a14b83b415,0.07694796938336051,0,Low
a1530ecb0c,0.059574761394781,0,Low
a153e560d3,0.08911692637433763,0,Low
a155977634,0.20057388639474502,1,Medium
a159182108,0.12839018475811462,1,Low
a162e08db5,0.2010286775524895,1,Medium
a1665e5385,0.11127748884211656,1,Low
a1677220c5,0.1352940985633689,1,Low
a16c5a044c,0.13076241644630363,1,Low
a16ed59650,0.03915326500345919,0,Low
a16edafca3,0.08344026208117511,0,Low
a1705a061b,0.035589243782081524,0,Low
a174eed2e1,0.18396849137449903,1,Low
a17571dcb4,0.08119477240115927,0,Low
a176c24598,0.19519977203480807,1,Low
a17862fada,0.2142816189866802,1,Medium
a179da7d45,0.078846052793771,0,Low
a179dfae66,0.030116352590574706,0,Low
a187068708,0.06235721547081774,0,Low
a18747f3fa,0.02715959307600319,0,Low
a188c74a8e,0.09251752252595266,0,Low
a18b8fa7fb,0.1845993702572028,1,Low
a18c03e79d,0.11042189962759218,1,Low
a18fff64a7,0.07466073074894103,0,Low
a1939eb6f8,0.12092765090844858,1,Low
a1984c8ea7,0.05738232753220538,0,Low
a19f1cb76a,0.047239009116114464,0,Low
a1a3b4bc48,0.16721758655037666,1,Low
a1a5f93f15,0.3304442479616655,1,Medium
a1ab2a6a39,0.17150905067940017,1,Low
a1b17b4c3a,0.11099223979428241,1,Low
a1c170fd51,0.1803630623241155,1,Low
a1cb56e3cb,0.1899492590727414,1,Low
a1cb96c06a,0.3043939785311453,1,Medium
a1cc48e2d6,0.18732847899145122,1,Low
a1cd4a5d9e,0.043560836260304686,0,Low
a1ceb0eef0,0.25769635334814367,1,Medium
a1d2f38a87,0.29769299756667195,1,Medium
a1d3fee762,0.03977667838392026,0,Low
a1d66478a8,0.1618930941513726,1,Low
a1d6921411,0.03172415268890392,0,Low
a1d7f38cf6,0.03972002338460881,0,Low
a1daa3ae18,0.10564760979231579,1,Low
a1e0338b6f,0.08936188188743227,0,Low
a1e34bf043,0.03681669361112821,0,Low
a1e6fe6d6c,0.05642370389332571,0,Low
a1e8338fa6,0.08680666480089935,0,Low
a1ee3f83c1,0.08203421157611761,0,Low
a1f0ebca84,0.07695115647883759,0,Low
a1f77ec196,0.08233405777106406,0,Low
a1fb3ec702,0.027341406955283688,0,Low
a2046787b5,0.059688425995207885,0,Low
a205508ccf,0.12945847561500706,1,Low
a209bcc411,0.15124031516871891,1,Low
a2104cc7db,0.22657187976873353,1,Medium
a21377ca71,0.1339814942326198,1,Low
a21957acee,0.22415570831790252,1,Medium
a21a40df01,0.08000955811940148,0,Low
a21b49d8ed,0.04568036517797298,0,Low
a21d39a083,0.04864765597295187,0,Low
a227a2dd6e,0.08896100839939568,0,Low
a228d86367,0.16981704667782543,1,Low
a22d641473,0.2528171665958781,1,Medium
a22eafc4d7,0.2235737674907586,1,Medium
a231bb0cbf,0.04717770137546622,0,Low
a2326672c5,0.10088795699379582,1,Low
a233886ac7,0.12954473274092326,1,Low
a235a85f1e,0.10017719422890371,1,Low
a236e78534,0.1942815581492763,1,Low
a237b26cc2,0.49184688544053295,1,Medium
a23ccba43c,0.1609448030746816,1,Low
a241607c15,0.14891698776350215,1,Low
a242a06806,0.038570315237888425,0,Low
a246dc187a,0.07280222439083639,0,Low
a24b5b3e45,0.15294959012156195,1,Low
a24f2a5e0e,0.13000452643066115,1,Low
a250902c90,0.07420104938304858,0,Low
a2554469af,0.16851829420033393,1,Low
a259db6df3,0.3217609419311958,1,Medium
a25da11b3b,0.03298848206953318,0,Low
a25e041eaf,0.31172336519802424,1,Medium
a25ef9a1a8,0.06434822781599582,0,Low
a2603e3e1a,0.1895769294533507,1,Low
a262539518,0.1382471991512226,1,Low
a2663dbfb4,0.08984508974684802,0,Low
a26b8803c8,0.032421691528605724,0,Low
a26f025a5b,0.21340003372478114,1,Medium
a26fb37c00,0.1832547839479543,1,Low
a2710592d8,0.06317532119417421,0,Low
a2720526f3,0.17024799046968275,1,Low
a27e984a4b,0.07811160549344999,0,Low
a282516e74,0.16486835909482395,1,Low
a28939ea3f,0.06924990112721467,0,Low
a28afa8afb,0.029546560823935003,0,Low
a28e588b26,0.10474511177277074,1,Low
a28f48736a,0.014920557019021907,0,Low
a28f58a3e1,0.11969319345526207,1,Low
a291af5782,0.17934704158791054,1,Low
a29341e49f,0.08293920403634643,0,Low
a295630a1e,0.12173100666716953,1,Low
a29797afa0,0.23177682412450573,1,Medium
a29977eec4,0.043152786108430895,0,Low
a2a2097970,0.0634245350927332,0,Low
a2a3efe895,0.1598443268661587,1,Low
a2a96437e8,0.04278403869249201,0,Low
a2a9cbf670,0.2245009151675783,1,Medium
a2b078ec3e,0.21385608426788372,1,Medium
a2bb1be026,0.19213004208397522,1,Low
a2bd4c492c,0.13707761167505494,1,Low
a2be75dc61,0.09016462133867562,0,Low
a2c1438377,0.15015282193726326,1,Low
a2c33d9856,0.07777576915979165,0,Low
a2c3dea6e6,0.4530312966486676,1,Medium
a2c4291244,0.07178749142270326,0,Low
a2c9fa5475,0.4240138592145039,1,Medium
a2cc805f93,0.43190595705807744,1,Medium
a2ce6e322d,0.3159504438487718,1,Medium
a2d3bcdbe4,0.1733050862176931,1,Low
a2de6f318a,0.09694090863813466,0,Low
a2ee1c8472,0.26081378694318164,1,Medium
a2ee39dbbe,0.11189817033124397,1,Low
a2ef8621f2,0.17007738819387103,1,Low
a2f4d91565,0.05848384478850565,0,Low
a2f6f5cf51,0.20488430157419943,1,Medium
a2fbea4fb2,0.12172446123781012,1,Low
a2fd9b45f6,0.03506491033548758,0,Low
a3016fcfa8,0.12732979772962486,1,Low
a30282f88a,0.1411245292225588,1,Low
a30e3f008b,0.23337068647023607,1,Medium
a30ec790ff,0.06866052476362232,0,Low
a3118e4df4,0.03988562422866295,0,Low
a3120844dd,0.02773059378423544,0,Low
a3183d8d8a,0.2933762583841323,1,Medium
a31af5c052,0.03915665526679106,0,Low
a321020f76,0.09420540454541598,0,Low
a322f3f8f4,0.038119749181932394,0,Low
a328d1a3e2,0.09612952178225978,0,Low
a328ee58ba,0.0758698962873563,0,Low
a3290cd7df,0.07509317530936417,0,Low
a330be6784,0.4802338990111481,1,Medium
a3330913a9,0.08110913297150202,0,Low
a3336b7780,0.04575383598685821,0,Low
a338bce802,0.12672801598699587,1,Low
a33f12e343,0.1286012557176308,1,Low
a341e83c77,0.11997475433362158,1,Low
a34268a2bb,0.07619064996025907,0,Low
a357e44dde,0.06852383711693305,0,Low
a35b988153,0.03319540900979528,0,Low
a35eb43062,0.2386774886891739,1,Medium
a35fc19901,0.16811879764371837,1,Low
a3649834a1,0.04145101849819476,0,Low
a36ab3274e,0.07713662436365504,0,Low
a36daa8828,0.018546142583181314,0,Low
a37139bdb6,0.16830937185967254,1,Low
a374db6403,0.06899095705829236,0,Low
a375e33392,0.04719159106089794,0,Low
a376883f3f,0.17775585464917784,1,Low
a3781b5ca4,0.13199338176618497,1,Low
a37f0e9701,0.034469114811794814,0,Low
a3819ad150,0.2428135594147877,1,Medium
a381c0c378,0.09029826359528834,0,Low
a3993b5545,0.11070287546081492,1,Low
a3996cafd1,0.1463711577299101,1,Low
a3997f6104,0.029441977914845433,0,Low
a3999026b5,0.05490143971777952,0,Low
a39a83ed52,0.13341378087359085,1,Low
a39ca50d64,0.07115177001760978,0,Low
a39ca65f2b,0.11330254694305403,1,Low
a39dd9f8f3,0.11888873984831543,1,Low
a3a99cd0e8,0.34014707742926825,1,Medium
a3aafdb3b7,0.07849522461989328,0,Low
a3ab2909ac,0.021285500957849385,0,Low
a3b0f7a98f,0.17310488923267991,1,Low
a3b5d12438,0.2560029058748485,1,Medium
a3bc70bd80,0.04650154126241315,0,Low
a3be99571f,0.13301783702211406,1,Low
a3bf344f8b,0.08324136097079508,0,Low
a3c4e5d668,0.047594488545246116,0,Low
a3c54fb097,0.23338631618121974,1,Medium
a3c81a7944,0.42711632221927665,1,Medium
a3cc3a9a37,0.0795005011309527,0,Low
a3d00a74a3,0.10259172301675623,1,Low
a3d1b06642,0.2983995462077119,1,Medium
a3d3dee77e,0.26641283532896043,1,Medium
a3d5f2e799,0.1598900489200571,1,Low
a3d7662410,0.2051559618500808,1,Medium
a3dcdfaf4b,0.04403111673414828,0,Low
a3e1ac376b,0.07434928064639842,0,Low
a3eec01272,0.20556389190133115,1,Medium
a3efeae975,0.038682688089569615,0,Low
a3f349c1c3,0.038032333360731134,0,Low
a3f41c1514,0.07854167383370404,0,Low
a3f57e49dc,0.18938896270686215,1,Low
a3f6789b0a,0.05583067092357697,0,Low
a3f915c983,0.13390761503199092,1,Low
a3fe40cc94,0.21881817653979307,1,Medium
a404487f79,0.050799825391390746,0,Low
a40d7fe0ec,0.03656373095704225,0,Low
a40fa9e385,0.07817231175998618,0,Low
a412ea4837,0.05796536411232429,0,Low
a414be56cc,0.10310522078823127,1,Low
a415c9d873,0.07883645099586117,0,Low
a417341f34,0.1234464891234277,1,Low
a41830fb84,0.050289100165343714,0,Low
a41f7c83ec,0.13070359380423943,1,Low
a429319b38,0.10158392676391019,1,Low
a43058e549,0.11629145939125148,1,Low
a432651245,0.15638620379399557,1,Low
a43333daeb,0.08535079795810659,0,Low
a439f43696,0.030661070066850222,0,Low
a43d83af16,0.17370893774750937,1,Low
a43dafb709,0.09047091482788346,0,Low
a4493a71ca,0.24082633232339598,1,Medium
a44f079b22,0.057295314297655164,0,Low
a44f6c4afb,0.0568355250095008,0,Low
a45821bace,0.4756868578062135,1,Medium
a45c7feb43,0.08102805611703365,0,Low
a45eec2c1c,0.06034502595360135,0,Low
a464146b0d,0.16647075741129325,1,Low
a46555dc74,0.060147427893321545,0,Low
a4674b5dd0,0.19869828666973252,1,Low
a467b49675,0.04835449199746887,0,Low
a46a7e9fb5,0.1802806718782119,1,Low
a46d515552,0.25358965778112863,1,Medium
a46f877737,0.5331573156276015,1,High
a474640d89,0.15556062552296734,1,Low
a47587c694,0.034839100180478574,0,Low
a476c3b449,0.14054344468881674,1,Low
a479636bc1,0.36801583629139767,1,Medium
a47bd9527a,0.056954448467445344,0,Low
a47fbaf544,0.18484868952356825,1,Low
a480b25533,0.18896909711692705,1,Low
a48109ec59,0.10235444237142584,1,Low
a488629c44,0.1084275973121839,1,Low
a48dea28ae,0.07699011216439557,0,Low
a48e8e46b9,0.09260821513032709,0,Low
a490fdf767,0.11039233332589304,1,Low
a49654bfba,0.03133527273439868,0,Low
a498b14d8e,0.14543105699984404,1,Low
a49f5ea9ba,0.13247660607988632,1,Low
a49fbd417e,0.14490191678893435,1,Low
a4a148afd1,0.05089964493024573,0,Low
a4a73476a9,0.13901092393699643,1,Low
a4a86762d9,0.0783645983162552,0,Low
a4a95d7808,0.10199829177525697,1,Low
a4a99c6ed0,0.04836342131076683,0,Low
a4b59b10ba,0.025874055249797523,0,Low
a4b6fb9293,0.07929458027429721,0,Low
a4b707cffa,0.285191273492422,1,Medium
a4bbf5407f,0.40782913212180144,1,Medium
a4c004306b,0.11525041224572131,1,Low
a4c62783ac,0.10558202669104329,1,Low
a4cb69c5f9,0.03850474649078087,0,Low
a4d1edd5be,0.18856069914356127,1,Low
a4d7e002cf,0.04016869447053639,0,Low
a4e4939424,0.04750621819237823,0,Low
a4e4e8f276,0.2048266248054942,1,Medium
a4ebea0974,0.12692364230118833,1,Low
a4ec007ed8,0.4569884253004589,1,Medium
a4ecb97d60,0.1101429027841967,1,Low
a4f079be26,0.11537375334598733,1,Low
a4fd7d96c3,0.3704301161621231,1,Medium
a50a6813ad,0.07094344139207928,0,Low
a50ab72806,0.07511977570230302,0,Low
a5194d202a,0.048621324213057406,0,Low
a51fc73a97,0.029549441676919846,0,Low
a5210b9789,0.27955632539096736,1,Medium
a526cfa17e,0.09105001122886774,0,Low
a5282e8725,0.051400439608501644,0,Low
a53c462376,0.2499634989936669,1,Medium
a53e26b2a4,0.05919618335378969,0,Low
a53e61ba5a,0.02773666504796157,0,Low
a5433eeea7,0.08447024930268583,0,Low
a546f6fe4a,0.09752472386323617,0,Low
a549350b27,0.02894703557170488,0,Low
a54bff3d14,0.12692477810827513,1,Low
a54d676878,0.5581258727252486,1,High
a554df9c95,0.031932329301815644,0,Low
a556c1abf5,0.07770685944593435,0,Low
a5584403bd,0.1662103956870857,1,Low
a5640604df,0.033030329231204525,0,Low
a566a55bd8,0.2419340378134636,1,Medium
a56c3571e8,0.03819253205727496,0,Low
a5773e13d9,0.022199120768370436,0,Low
a5791533cc,0.3726923708365533,1,Medium
a58161de2c,0.15592987242137432,1,Low
a58238a910,0.1991485804801267,1,Low
a5847bd19a,0.15572891216155235,1,Low
a585a3ab1d,0.21540733393319061,1,Medium
a591782159,0.17418443723783839,1,Low
a594e43e83,0.18729869231199225,1,Low
a5a1581e11,0.17039837420130968,1,Low
a5abd407f6,0.1066740671093308,1,Low
a5ada34037,0.06935848721617918,0,Low
a5aef8b2db,0.04652018738772266,0,Low
a5b0fcfa4f,0.19684055513174845,1,Low
a5b0ffef03,0.038787151316326735,0,Low
a5bb265504,0.1243136794989428,1,Low
a5bbde82e7,0.46264862716922167,1,Medium
a5be491833,0.036413748996514804,0,Low
a5c1960db2,0.14490537096551287,1,Low
a5c59ad76e,0.19955825429086735,1,Low
a5c5bdc6e6,0.12714631492611267,1,Low
a5c7f049c0,0.028179863465042348,0,Low
a5c958293e,0.16001398253475851,1,Low
a5d3b8a162,0.16932469029402894,1,Low
a5d76434ca,0.2359026521661401,1,Medium
a5dadd0069,0.029240038569977884,0,Low
a5dfb5ec20,0.3118794257855866,1,Medium
a5e176147d,0.12779761224318367,1,Low
a5e28513da,0.15191617094351278,1,Low
a5e7f14831,0.05187299805044855,0,Low
a5ec6ab933,0.03593775763380134,0,Low
a5edc0629c,0.11478428753281167,1,Low
a60035516a,0.13044602574705383,1,Low
a60266e5cb,0.03726622414221588,0,Low
a6066848c7,0.10901752946050931,1,Low
a60bfc8de2,0.07669955365444217,0,Low
a616bf797d,0.07782138460663655,0,Low
a619562ea4,0.11509677777763241,1,Low
a62a21f6e6,0.025305212067284737,0,Low
a633b17b3b,0.2240269405209032,1,Medium
a636e0cbb1,0.14043539151889067,1,Low
a63a0f0ef9,0.2185139224398646,1,Medium
a63ac00ec5,0.14469257481909617,1,Low
a63b4af108,0.03517464086420247,0,Low
a63f29ef9c,0.054295116522232,0,Low
a645558737,0.058434000661626406,0,Low
a645f236fd,0.12815276709379692,1,Low
a6478ced89,0.20336936235196418,1,Medium
a658111bea,0.1194576401385688,1,Low
a65938e994,0.06873787459247427,0,Low
a6596ac5c4,0.07648246576872343,0,Low
a65a615883,0.041874901314456404,0,Low
a65aea3855,0.06837804081984275,0,Low
a65d01e139,0.3251086953029751,1,Medium
a65e5b3109,0.0286980309863697,0,Low
a65ede8ade,0.04038312769684881,0,Low
a66217c98a,0.14326832235489065,1,Low
a666154d89,0.08470500214281665,0,Low
a66a43d6c5,0.13319486083614332,1,Low
a67131e58c,0.039588737494619206,0,Low
a67a1329aa,0.07810835433474618,0,Low
a67b14cc67,0.04019119442588643,0,Low
a67b44924e,0.21776224166704244,1,Medium
a67c664ae6,0.038764243654384634,0,Low
a67f1c1f60,0.1801172152527299,1,Low
a67f2ae1f2,0.045850662165781965,0,Low
a680f13c86,0.16923355637968623,1,Low
a681afffde,0.06064368798729211,0,Low
a685a6cccd,0.20400545529036784,1,Medium
a6868248e1,0.08652037751330549,0,Low
a688bb0ac5,0.6430077550851242,1,High
a68c376f6d,0.3493056802899412,1,Medium
a68c68844c,0.23130603739413616,1,Medium
a68c6c5712,0.059406174352532,0,Low
a68eb452a0,0.0946764438021342,0,Low
a68fddb2af,0.11532432236091493,1,Low
a694e38737,0.16194560828079246,1,Low
a6a01694ad,0.3362319110907372,1,Medium
a6a18139cc,0.17755687617777358,1,Low
a6a314942b,0.04180537963603004,0,Low
a6a602966f,0.07623079833278135,0,Low
a6a83ef66b,0.13890390289139057,1,Low
a6b5421c41,0.07797581405592424,0,Low
a6b599b1f0,0.07244691109665945,0,Low
a6bc06d7b4,0.17128960297152096,1,Low
a6bcc8c8f7,0.3898956686097131,1,Medium
a6c315040f,0.04808944875403566,0,Low
a6c4e1db94,0.08628164763843586,0,Low
a6c60c21ab,0.175844805637123,1,Low
a6ccdae92e,0.1629143200293889,1,Low
a6ce24fd78,0.20885797272462298,1,Medium
a6ce7ec71a,0.10736578843044788,1,Low
a6cfc7b609,0.12035795611209814,1,Low
a6cfd30e90,0.06621253843900358,0,Low
a6d17515bd,0.10760459493234165,1,Low
a6d29fa841,0.1323985303984802,1,Low
a6d5863cdc,0.11959143019202437,1,Low
a6d994aa12,0.04820430202752283,0,Low
a6df427926,0.19121197195234196,1,Low
a6eb96dffd,0.025639462281900213,0,Low
a6ed336ec2,0.027458492694676987,0,Low
a6ee6206f2,0.1365278641731814,1,Low
a6efb1b452,0.14360387187706458,1,Low
a6eff5999f,0.0527390244739499,0,Low
a6f1c229eb,0.10943549184500949,1,Low
a6f1c6674e,0.04271016075602624,0,Low
a6f42a6d90,0.1329956295566545,1,Low
a6fca8d1ea,0.055410425268594944,0,Low
a70edd7ea7,0.057395553020634066,0,Low
a71a4f119e,0.15751243340092438,1,Low
a71e8de7eb,0.08004152448236893,0,Low
a71ea01b39,0.07893393965594907,0,Low
a723fcaed2,0.08498020563508826,0,Low
a7294daf22,0.14307091664810032,1,Low
a72feca2eb,0.0467148103294194,0,Low
a73232c2ce,0.08124118166078051,0,Low
a7323f58b5,0.11801644175681339,1,Low
a733e2ef98,0.0179274124688947,0,Low
a735081027,0.09972032018619725,0,Low
a736aecd2c,0.023764839474801118,0,Low
a7379cbf8d,0.06703688368746089,0,Low
a73a11e130,0.17325037377040448,1,Low
a73b7cd8d7,0.01655792588844839,0,Low
a73bb3c354,0.33610551306169134,1,Medium
a73d11c00d,0.13849967135469463,1,Low
a73ebb441c,0.11233746723374875,1,Low
a73edbb767,0.023431921032580752,0,Low
a73fc2f104,0.2200544952032876,1,Medium
a743a0ac2c,0.03407352212656355,0,Low
a74f34c10f,0.15036213578412255,1,Low
a7530616d5,0.08409744907809372,0,Low
a75328a557,0.19511025254369346,1,Low
a755c9ab64,0.14348901475880904,1,Low
a7568f1ccb,0.04707365200357526,0,Low
a75f6f2c76,0.07475621167719741,0,Low
a7695c4672,0.04891792812951698,0,Low
a7697866f3,0.16233484029831285,1,Low
a76d699d71,0.10723627987712753,1,Low
a76e1519ca,0.03619679834772748,0,Low
a7756528f8,0.3306326318035763,1,Medium
a77f1bd9e1,0.16927420435101578,1,Low
a786a1fdc7,0.105295234949296,1,Low
a78c1a8039,0.19204348734786048,1,Low
a78ec7092b,0.043263858267808535,0,Low
a7959fa133,0.05348952710170661,0,Low
a7973678ac,0.17098107558309328,1,Low
a79a01bfa3,0.1290746309406841,1,Low
a79a4b0e7e,0.06099967494548843,0,Low
a79eed7ddf,0.044253468062150296,0,Low
a79fd7441d,0.10518190546874676,1,Low
a7a2f31ac2,0.1459104903785651,1,Low
a7a36e924c,0.10750478506187229,1,Low
a7a65ba95c,0.058911654844971455,0,Low
a7a8b55f7a,0.17540920958757125,1,Low
a7aa84e9ac,0.08438748943267013,0,Low
a7aa970072,0.0632352643827474,0,Low
a7ab0b99b0,0.13247713965019803,1,Low
a7aebc5b74,0.21198223805164318,1,Medium
a7b143e1ec,0.029569389428407065,0,Low
a7b580fe6c,0.2066291461247003,1,Medium
a7b6a09811,0.1014518312533057,1,Low
a7be809866,0.5348305254015336,1,High
a7c4bf9fd7,0.06635444002276362,0,Low
a7c5f2ea22,0.22313127479079123,1,Medium
a7c63b0a08,0.08790944843649415,0,Low
a7cb8a0d85,0.10866765637724032,1,Low
a7d662c66e,0.029660573714647153,0,Low
a7dba5f504,0.06678983654725898,0,Low
a7e1194c04,0.15187596826362648,1,Low
a7e9cea88c,0.06438831038917824,0,Low
a7ec2eca74,0.08870491587455953,0,Low
a7eda79792,0.099716551994935,0,Low
a7efcc41b8,0.021269742306827506,0,Low
a7f0b64e8c,0.06460736589268523,0,Low
a7f2da8247,0.06129506469527161,0,Low
a7f4b0a266,0.05020059515714371,0,Low
a7fa3f1c47,0.18599865884964425,1,Low
a7fb40639e,0.26654324692326303,1,Medium
a7fb5c055b,0.0943087688210328,0,Low
a7fe189f09,0.23168925984814875,1,Medium
a7ffa8e044,0.03145762287091485,0,Low
a7ffc6e517,0.1802658825504746,1,Low
a80037ce20,0.020621579356697024,0,Low
a801452ec4,0.07908648254164809,0,Low
a8024de516,0.20709395422981072,1,Medium
a802f6217a,0.16460563561292677,1,Low
a80996eec5,0.5808759324815543,1,High
a809c058df,0.2744905788085762,1,Medium
a80bf35d03,0.10036575788641251,1,Low
a80d0d9d5b,0.22811820693738838,1,Medium
a80d0e64af,0.23297017034136774,1,Medium
a80f95593e,0.020447101145873416,0,Low
a811f705ae,0.027466664616376105,0,Low
a8168f4539,0.02463730787384807,0,Low
a817379c80,0.05014744310604912,0,Low
a81be6fab4,0.1515699356505555,1,Low
a81f91524c,0.1704893991342642,1,Low
a8257948ca,0.20647441861577054,1,Medium
a82636d177,0.13926904989534647,1,Low
a827e55acd,0.26532233938985494,1,Medium
a82d062552,0.0188998798259903,0,Low
a82ee7b0f0,0.05369188718205407,0,Low
a82f65c130,0.059741143449648315,0,Low
a82fffc615,0.03486339823562314,0,Low
a832b96a63,0.12950008118904488,1,Low
a8347ccfe7,0.20304334437148439,1,Medium
a836055967,0.0751500537653919,0,Low
a83d114615,0.09353860205387851,0,Low
a83dbcb8b0,0.24641204077414677,1,Medium
a83ffdf4fb,0.18331321636490788,1,Low
a84118d13d,0.05215643218384845,0,Low
a8417edeb0,0.053185573294907654,0,Low
a84515aa0c,0.08285804302223083,0,Low
a84792d96b,0.05118931565421311,0,Low
a848f411a7,0.1721132201405316,1,Low
a8498fa1f8,0.017228866326274926,0,Low
a84b67cf91,0.10026785501095088,1,Low
a84bccceb9,0.2069724727672759,1,Medium
a84c43f678,0.05575550053154673,0,Low
a84d53f469,0.14700896926577198,1,Low
a850cc8a90,0.14761345044564936,1,Low
a85191b976,0.2259888296902909,1,Medium
a851e5a8a4,0.07030014353723417,0,Low
a854ab64e0,0.04392422366156937,0,Low
a85779f253,0.19506960900874815,1,Low
a85b5608d8,0.04870804650152806,0,Low
a85be48a7d,0.17429235869290216,1,Low
a8644e6824,0.08572340386589444,0,Low
a8666dd2b4,0.36284608462844414,1,Medium
a868b728d1,0.15860702906919297,1,Low
a86ebaeb82,0.3746432277447368,1,Medium
a87a3f4b68,0.04032913299913976,0,Low
a87b0d48c9,0.10363691503218035,1,Low
a87d8a7906,0.08504550133355936,0,Low
a886c7ee9d,0.1112855951934435,1,Low
a88d52bac4,0.08543758353386377,0,Low
a894712ea0,0.22462563049685216,1,Medium
a8987484a4,0.06407776719784676,0,Low
a89b4bc78a,0.06655639969652126,0,Low
a89d472502,0.040058158678555215,0,Low
a8a5502fc6,0.10496109425300902,1,Low
a8ae235914,0.09950156163017417,0,Low
a8afc65076,0.08865749659866512,0,Low
a8b14080df,0.03239291330707387,0,Low
a8bd9bdced,0.06911564147293721,0,Low
a8bdfaf646,0.027038394656138064,0,Low
a8be95bb73,0.029563624521873867,0,Low
a8c0db72dd,0.3447370490982236,1,Medium
a8c1639986,0.05260393162016585,0,Low
a8c8fedbd9,0.10302018529231846,1,Low
a8cb723ea2,0.051016480565656316,0,Low
a8d117d82a,0.18304121483824817,1,Low
a8d1c7fb38,0.14501752246950053,1,Low
a8d5b50233,0.19651018772263337,1,Low
a8deb9a169,0.05196034227292835,0,Low
a8e497ef15,0.07815110351864019,0,Low
a8e633f284,0.04789559849634705,0,Low
a8e6e40178,0.14807816414070452,1,Low
a8e824f17e,0.08632048310242024,0,Low
a8eba7af01,0.07502128926148018,0,Low
a8f2200e1d,0.1905506264906778,1,Low
a8f48b25cd,0.02549460586354942,0,Low
a8f7f20646,0.25391625283838104,1,Medium
a8fbeaa032,0.05070215326389057,0,Low
a8ffe1f10f,0.1316662657187556,1,Low
a901b728f0,0.04840664247732762,0,Low
a904059d5d,0.042328804596588006,0,Low
a90685dfb1,0.0623453788675866,0,Low
a908eaa57a,0.33529986961835906,1,Medium
a90a20493d,0.03738009788086842,0,Low
a90a41f43e,0.06482980817857087,0,Low
a90b2b1718,0.13047711729225295,1,Low
a90f73ef79,0.024346438520957445,0,Low
a912af1f3f,0.11541031273597503,1,Low
a91333f25f,0.16277791816792803,1,Low
a91519dfa4,0.09631986229498565,0,Low
a91a001e7c,0.12166741515658375,1,Low
a91f377051,0.1763120964199376,1,Low
a920d712d9,0.06409564940160443,0,Low
a9211018f3,0.18249175058173495,1,Low
a921a19b61,0.16163399387094066,1,Low
a923b822fc,0.03804314765144582,0,Low
a9245a805f,0.08406502714815768,0,Low
a92c5eb824,0.07897063540617787,0,Low
a92d7e7c96,0.3843210262331254,1,Medium
a933b58631,0.18906928295139394,1,Low
a934154cb1,0.06198937443042446,0,Low
a936a0fdb5,0.04514501839989225,0,Low
a9447fb620,0.1440902622800107,1,Low
a9459d3807,0.14883280612309693,1,Low
a947fe0093,0.016285837527544585,0,Low
a949f028f5,0.052429240083090106,0,Low
a94d5cad21,0.17254052510326795,1,Low
a9555a6722,0.1506340904895727,1,Low
a95a1eccc9,0.5760118375770732,1,High
a95ff1c92b,0.04268331124068341,0,Low
a962c267fa,0.20313863793236886,1,Medium
a96314adf3,0.19851135870466274,1,Low
a96768e2fd,0.02574669539141675,0,Low
a9691ed3a6,0.028800331396307968,0,Low
a96c210307,0.10162980485023063,1,Low
a96c41d0e8,0.017095904432765253,0,Low
a96d0cdc99,0.05589745463168843,0,Low
a96f800e25,0.04234008712965031,0,Low
a9709fb4c6,0.07106729258763161,0,Low
a9736eae6c,0.4188307435424425,1,Medium
a974924c69,0.06763792891646724,0,Low
a97994fb76,0.03992358678850482,0,Low
a97bc41f71,0.0730199236928242,0,Low
a982cdc262,0.02541253483090422,0,Low
a9870e7473,0.12258991452798211,1,Low
a999d76c56,0.08213794570303959,0,Low
a99a0e8e44,0.17209140825070057,1,Low
a99a76010f,0.14768408435572275,1,Low
a9a430179b,0.2675054610139058,1,Medium
a9aa8d1e85,0.1779136403347012,1,Low
a9ab020d32,0.1809815214988489,1,Low
a9acd7748c,0.10182598280514132,1,Low
a9b008aa6c,0.28731569070992263,1,Medium
a9b1961160,0.04026814567959305,0,Low
a9b30e9ddc,0.05392998073820422,0,Low
a9b55c9bdf,0.08767318548933202,0,Low
a9b975591a,0.05740243180264697,0,Low
a9ba957b43,0.021133278081993674,0,Low
a9c37e7bd6,0.1515846769799908,1,Low
a9c6d27d02,0.11290505303351711,1,Low
a9c7a07344,0.09786555185194543,0,Low
a9cba9a557,0.05700502804562175,0,Low
a9ccf21331,0.45422219600674135,1,Medium
a9cf49c655,0.06873709609095818,0,Low
a9d059ec12,0.056620816019574034,0,Low
a9d752e842,0.19798346947953138,1,Low
a9d7d1901a,0.2651155594251507,1,Medium
a9debd51b5,0.14535665738632395,1,Low
a9e1d11e08,0.08043054635512223,0,Low
a9e3b441c4,0.04214168570372133,0,Low
a9e623e190,0.14371850164214756,1,Low
a9e6bf4798,0.14097293625625643,1,Low
aa03189654,0.04604213936961328,0,Low
aa03931ce0,0.20736518899532225,1,Medium
aa063b5149,0.0796964522780297,0,Low
aa0df3abcd,0.13820127452064104,1,Low
aa19c44255,0.131875251390924,1,Low
aa19fefa6d,0.6656427006223479,1,High
aa1fa92962,0.2678820472681349,1,Medium
aa2ce442d5,0.23179963514305768,1,Medium
aa30278ef7,0.07365981598463262,0,Low
aa3194daa7,0.03413883765695505,0,Low
aa3405c770,0.1922238393658443,1,Low
aa34b7f381,0.13368364314324013,1,Low
aa35e3e252,0.055833477298452054,0,Low
aa3816cfed,0.09619086843078138,0,Low
aa38d2068c,0.727797666287001,1,High
aa42a46f4a,0.02535109304074162,0,Low
aa46abec22,0.06536246459268262,0,Low
aa4700fab1,0.22762474448430692,1,Medium
aa4cf13a78,0.023739309050336842,0,Low
aa57fb1d34,0.051531814370364915,0,Low
aa5d2174d4,0.06994241155582957,0,Low
aa5d557813,0.13547157737178972,1,Low
aa5ec82fa3,0.04585024105723562,0,Low
aa5edafa22,0.07604630203272858,0,Low
aa66b37773,0.11869712253096125,1,Low
aa696180d5,0.20840542507407953,1,Medium
aa69ae25df,0.040752247602527325,0,Low
aa6cd4ea2b,0.18999323724489267,1,Low
aa6dc40cd3,0.0367604010545882,0,Low
aa6e84d791,0.06753268237505176,0,Low
aa784343d3,0.29567758907139347,1,Medium
aa7c8182d7,0.08106088453678843,0,Low
aa7d489e08,0.06458756457056261,0,Low
aa824ade94,0.06513187605477,0,Low
aa845b54e2,0.5025060371895436,1,High
aa87b6bff2,0.08075822757011844,0,Low
aa8afd1c99,0.1753472237957607,1,Low
aa8f4bf5a8,0.5686158520854321,1,High
aa8fdc1245,0.22634643388218054,1,Medium
aa9197a15e,0.03771947803358356,0,Low
aa94cb40e2,0.11049493542822729,1,Low
aa9579fc1d,0.2304629532338558,1,Medium
aa96da29fb,0.13182125625838736,1,Low
aa98f1d2bb,0.11540382098526211,1,Low
aa9a5013a0,0.049626468927563124,0,Low
aa9b68551d,0.040680849955129335,0,Low
aa9cb4ca11,0.053269980416354196,0,Low
aaa45d250a,0.039481056372583444,0,Low
aaa61909f0,0.1560468339128395,1,Low
aaa80edc4c,0.06412970986511096,0,Low
aab1eea636,0.0228739189517673,0,Low
aab6a99f15,0.1314239640822614,1,Low
aaba235702,0.07440394205529538,0,Low
aaba779dfc,0.2828689733027481,1,Medium
aabbb57f3b,0.06301103941504639,0,Low
aabe3e328e,0.04337132486375024,0,Low
aac28eb81e,0.06823927950456854,0,Low
aacd6b18d4,0.14209916280271964,1,Low
aacde9cad2,0.1372698063771686,1,Low
aad5a99340,0.0993323738868216,0,Low
aadfdcefe1,0.08127157662223293,0,Low
aae2f2f8e2,0.020822804497938663,0,Low
aae3a34ab4,0.05802188491390311,0,Low
aae5747d23,0.0847258111860191,0,Low
aaf1d8c118,0.23133006264331596,1,Medium
aaf1e231d8,0.09100083463886298,0,Low
aaf2a52051,0.1211458524009695,1,Low
aaf2c32522,0.18078036036840042,1,Low
aaf77f20ee,0.08996814313940941,0,Low
aafe677152,0.0316821852888884,0,Low
ab05e42609,0.2311790244707415,1,Medium
ab09aa1382,0.0964255288395158,0,Low
ab10480025,0.253992464845919,1,Medium
ab133ebdcd,0.11949755636254315,1,Low
ab14bff0a7,0.12482706546993749,1,Low
ab17ab3429,0.17025394427143814,1,Low
ab184f90be,0.10025154301829338,1,Low
ab18ca7259,0.2345489724711592,1,Medium
ab19382507,0.14235873140519584,1,Low
ab1dcbb6f4,0.041786565458972816,0,Low
ab29b5a623,0.02814153004574634,0,Low
ab2a79f414,0.10319505817598047,1,Low
ab37d604d9,0.09309584111296464,0,Low
ab3bad9a73,0.19520095697190637,1,Low
ab4969c49c,0.13837117792608553,1,Low
ab4d00f604,0.14534519783408417,1,Low
ab521bfd90,0.035936501499182885,0,Low
ab532a72fa,0.14187637992791644,1,Low
ab53f74cbd,0.04035123302240702,0,Low
ab565e4e5b,0.15060108110859682,1,Low
ab56cf0a9c,0.17823995109321278,1,Low
ab5785ba30,0.17493508987717338,1,Low
ab5b046504,0.06226230471564418,0,Low
ab5b4bbe66,0.15308879009532275,1,Low
ab688d4e89,0.15135305889059036,1,Low
ab6bad00fc,0.08386523457808967,0,Low
ab6fca0a77,0.033877489443664345,0,Low
ab780acec7,0.04128149527854142,0,Low
ab79e677d3,0.19893054233679897,1,Low
ab7ba72cf7,0.07170811561219101,0,Low
ab8319faa5,0.1683400306626938,1,Low
ab85cad8c6,0.2586817138832179,1,Medium
ab8c772385,0.2978190165884472,1,Medium
ab8c8c5323,0.09723901465134635,0,Low
ab8e7ef5f2,0.10756401003280083,1,Low
ab91f152b4,0.056715599213238994,0,Low
ab95d21cea,0.371806623112652,1,Medium
aba77067f4,0.20365486447734257,1,Medium
aba7a83b06,0.03756462832951124,0,Low
aba8286d87,0.21235806693391826,1,Medium
aba8caad4a,0.0904644125965403,0,Low
abaa39eeb8,0.1362798349939472,1,Low
abac14572d,0.35161620416645734,1,Medium
abb4ab42a2,0.027464365680303478,0,Low
abb5693796,0.09045661455788781,0,Low
abb5aa1ca0,0.0860820938588661,0,Low
abb6ed9ef5,0.30317281875309693,1,Medium
abc9f61984,0.03126927744870672,0,Low
abcb11178b,0.13963955908610662,1,Low
abd2761834,0.04216166438446738,0,Low
abd95a2162,0.02937661183276488,0,Low
abd97eaadc,0.11005095504306377,1,Low
abd9f9c25c,0.035665158768746014,0,Low
abda0ba837,0.08030626682996739,0,Low
abe3bf4444,0.20749121431322093,1,Medium
abe40840cd,0.11434166604328212,1,Low
abe8ad452c,0.0835886735566339,0,Low
abe987be18,0.031015723923203925,0,Low
abea8938f8,0.3877150330190476,1,Medium
abee67d00d,0.14618143399054392,1,Low
abeef7b951,0.07574187306677592,0,Low
abf17bea4d,0.288174701578246,1,Medium
abf2f727c9,0.03453004763687067,0,Low
abf762ec2c,0.07434380642759914,0,Low
abfe0609a2,0.11441231806529482,1,Low
ac005fca0a,0.2649324432459293,1,Medium
ac01049d57,0.028927804224517684,0,Low
ac012452df,0.05354777249968461,0,Low
ac0129c2c6,0.058669773901928665,0,Low
ac0503c48a,0.13411634782587842,1,Low
ac0cfafaba,0.4531842703346467,1,Medium
ac0d626bf4,0.119000633852254,1,Low
ac0e34d9a6,0.04819941770189634,0,Low
ac0f4cc6b0,0.11778222484899963,1,Low
ac11b59c20,0.044742862077597235,0,Low
ac1229d901,0.021935299514585376,0,Low
ac146bbec9,0.07587912175944045,0,Low
ac1851de3d,0.12975175632018462,1,Low
ac1a269d8c,0.15136432705329522,1,Low
ac1b50beb7,0.14005985217862202,1,Low
ac227255fa,0.07019092713141013,0,Low
ac27632e53,0.06283176558263051,0,Low
ac2ea0082b,0.09036838592117945,0,Low
ac30e13a13,0.04862232873535824,0,Low
ac3a106f3c,0.11954828160029146,1,Low
ac3c1644cc,0.1004686114897521,1,Low
ac43b26ec5,0.07121907292867263,0,Low
ac453a40ff,0.32856923042959835,1,Medium
ac4968ee4b,0.05470246152441796,0,Low
ac4d2c0faf,0.09974649778338514,0,Low
ac5343dda3,0.06601885032315946,0,Low
ac5642e3c4,0.07465422512645142,0,Low
ac57d071f2,0.022576971143609507,0,Low
ac5ce23bd4,0.03270965557904661,0,Low
ac5fc7b6c5,0.09081098646426393,0,Low
ac5ff6c46a,0.18561948352601,1,Low
ac647b22b1,0.020353586685778326,0,Low
ac65d1469a,0.1020497695037508,1,Low
ac6620bffb,0.1297704782809891,1,Low
ac6c4da0de,0.20491857610699443,1,Medium
ac6cac0548,0.07957775021690218,0,Low
ac70e7316e,0.08954149757417139,0,Low
ac723e1ebf,0.08178739515505971,0,Low
ac7982acbb,0.4866006520497831,1,Medium
ac81f0ce7c,0.10874550928775774,1,Low
ac87e4cdde,0.40808796405904896,1,Medium
ac89937246,0.08132130020806182,0,Low
ac9aca30bc,0.07895990872344139,0,Low
aca0ece68c,0.061699751474301436,0,Low
aca326e75d,0.19187683221266819,1,Low
aca95f1d5e,0.33221565273929743,1,Medium
acaa125edf,0.13863636890850056,1,Low
acb50096a0,0.22322240371840935,1,Medium
acb84aa349,0.018865743961127973,0,Low
acb89fa994,0.1187533616872225,1,Low
acbc6f6f71,0.09511282805159439,0,Low
acbdcd3736,0.036338341036737935,0,Low
acbf5177f2,0.3076682386161341,1,Medium
acc08d17e4,0.06430972476354196,0,Low
acd4f7d8c2,0.1543784843085254,1,Low
acd646aee5,0.038010306349910886,0,Low
acda8fe396,0.024116383769783194,0,Low
acdb666544,0.031157151844035245,0,Low
ace09c793e,0.09578060822081677,0,Low
ace10d1fea,0.20461899297373728,1,Medium
ace777aa3d,0.029331263374282074,0,Low
ace907d742,0.03616152784613895,0,Low
acea081732,0.06570639841565312,0,Low
aceb18d73a,0.207792395975906,1,Medium
acebee7dcd,0.04185688551790454,0,Low
acf0415f66,0.11953981241064196,1,Low
acf12686e4,0.06175454640846688,0,Low
acf1871384,0.07793492110554748,0,Low
acf3e0a908,0.04662794228044396,0,Low
acf782335f,0.4680218057416386,1,Medium
acfa6d02ee,0.3187254021275628,1,Medium
acfb36923d,0.1289597498850965,1,Low
acfffc4660,0.025376019348143545,0,Low
ad07f1d53a,0.19039166744105465,1,Low
ad0c9c1897,0.413344416970416,1,Medium
ad11f2150d,0.03242494053536744,0,Low
ad13363a20,0.12265117383125908,1,Low
ad1e940627,0.012052848956257786,0,Low
ad1f84c23e,0.06810954750758952,0,Low
ad1fb8d101,0.11091543862247384,1,Low
ad21728e43,0.04669474818147678,0,Low
ad22d61aa2,0.07378756737195519,0,Low
ad2a295220,0.045900804219690144,0,Low
ad2bd80aef,0.050837341710380575,0,Low
ad331141a8,0.15898507422041755,1,Low
ad35246051,0.051701826832230825,0,Low
ad393ac54f,0.15524175536145635,1,Low
ad3c8de7a8,0.08863009887266202,0,Low
ad3f6a1c62,0.04812821830198028,0,Low
ad41211656,0.018888097013814362,0,Low
ad420e4187,0.0403035403147672,0,Low
ad446a1d62,0.19167230236300656,1,Low
ad4832576d,0.09725943658936846,0,Low
ad4bf9c365,0.024677983375655386,0,Low
ad4f0aefaf,0.606825270287369,1,High
ad4fcc9d9b,0.027725017776999816,0,Low
ad588084a1,0.10627833791935182,1,Low
ad5a95cbf0,0.10953835403724965,1,Low
ad64bf39fe,0.13688578841840093,1,Low
ad6f9e1745,0.45223753931310023,1,Medium
ad76ee6eca,0.06973598311957704,0,Low
ad77f840e9,0.047813067112901536,0,Low
ad7915397b,0.15097240766502523,1,Low
ad7c1514e4,0.2787957893135687,1,Medium
ad7e3227bb,0.18779696016553568,1,Low
ad7f8a3db5,0.16235117024698037,1,Low
ad8031c2dd,0.07469943211753341,0,Low
ad85906884,0.040812992220149114,0,Low
ad860cec68,0.036546964303544496,0,Low
ad8b0069fe,0.05687966954704335,0,Low
ad9131fa9d,0.09262490119873579,0,Low
ad95f6a684,0.07824945013895045,0,Low
ad963debff,0.13479751023682326,1,Low
ad9643e4a1,0.17567161540575166,1,Low
ad9ab313ef,0.1131358568573306,1,Low
ad9f5ff070,0.05315478716825256,0,Low
ada596edce,0.24163241543192443,1,Medium
ada7946729,0.10744581812077812,1,Low
ada9079e3f,0.790904403892174,1,High
adaa115df9,0.056540538778630155,0,Low
adaf2a150f,0.06270506237583594,0,Low
adb114795a,0.0610870703421841,0,Low
adb212a652,0.12170557150236552,1,Low
adb229fca0,0.06856059247901458,0,Low
adb756d52e,0.03582391789961862,0,Low
adb973eee8,0.09008666375594641,0,Low
adc0faf560,0.15311346142582288,1,Low
adc71ab5b0,0.11949719566336733,1,Low
adcc21b84f,0.2653309266577273,1,Medium
adcf833af5,0.05694619366781284,0,Low
add18272aa,0.11606760143119692,1,Low
add737a600,0.11984168468635537,1,Low
add870a148,0.24729276062416405,1,Medium
ade1d181ca,0.145240312559895,1,Low
ade234b913,0.5521398209962785,1,High
adedb63b79,0.044312624259732356,0,Low
adf0417525,0.16175277161833823,1,Low
adf52ae208,0.056806518789711505,0,Low
adf6824627,0.03463803441618504,0,Low
adf6c88ed8,0.049897309012435394,0,Low
adfbb15af2,0.06216992651486015,0,Low
ae081c55c3,0.056684249647929875,0,Low
ae0dab416c,0.19797803198908526,1,Low
ae0f90a1f6,0.19509464368944213,1,Low
ae0fd78194,0.15493286364890896,1,Low
ae1109ba63,0.1981744048645624,1,Low
ae1ab5f523,0.2985228963845718,1,Medium
ae1ff7e845,0.0694364533605395,0,Low
ae25e3217a,0.2078292986608328,1,Medium
ae2ac42aa4,0.09826367200886567,0,Low
ae3061b0bc,0.13729220365008626,1,Low
ae33987e78,0.05265247808054927,0,Low
ae3879f9e8,0.09510870588717366,0,Low
ae3a4c52f0,0.03824590719498887,0,Low
ae3bbdc3e5,0.3283330122535859,1,Medium
ae3bcc51b7,0.05605678585127391,0,Low
ae3bfd91c2,0.12558533785091333,1,Low
ae3c2eb2a6,0.062121770829541005,0,Low
ae4a5cad23,0.0630839182346797,0,Low
ae4a9a2579,0.12415022796171057,1,Low
ae4bc47527,0.05989382286972182,0,Low
ae4c53323e,0.29266867096565996,1,Medium
ae504465e5,0.22592121908635515,1,Medium
ae51425f18,0.055782235662332764,0,Low
ae55bbc1e0,0.21865673168065952,1,Medium
ae58b5077e,0.4300545613681125,1,Medium
ae5d5624ab,0.10592242472069512,1,Low
ae5ef7ae99,0.08551699039746284,0,Low
ae6343a822,0.08559398122592649,0,Low
ae63a23b12,0.12599347045421808,1,Low
ae65cb8c62,0.04511563502458828,0,Low
ae6ac53a71,0.1751393171993671,1,Low
ae76e77102,0.07106473855235415,0,Low
ae783bea95,0.04292454999289406,0,Low
ae78df176b,0.25462507244315813,1,Medium
ae79bc87ca,0.5356877957580014,1,High
ae7d93f5d7,0.03660257592474595,0,Low
ae7df0afb0,0.02999660816217769,0,Low
ae84984a00,0.05584055825088963,0,Low
ae8f51f890,0.24663955396319562,1,Medium
ae955a5766,0.15927853390622262,1,Low
ae98414cb6,0.20239337452730427,1,Medium
ae9f394663,0.11145482156483302,1,Low
aea07220e0,0.06175729472923572,0,Low
aea89e5d4a,0.34484103820356193,1,Medium
aeac135b36,0.054318154654541664,0,Low
aeb881a130,0.41057721035883177,1,Medium
aec1f20728,0.06225388938311596,0,Low
aec414d3cd,0.05430528510830119,0,Low
aec46b988b,0.20438762015056794,1,Medium
aecb009057,0.28014687100236585,1,Medium
aed03b02e5,0.4304533562076206,1,Medium
aed447cab2,0.09123069131148691,0,Low
aed6f2f63d,0.047875532429337446,0,Low
aeda3bd74b,0.1832263455091295,1,Low
aee3ae9f06,0.44027297661992026,1,Medium
aee3cd59f9,0.03837050278615824,0,Low
aee939de3b,0.11618758540353669,1,Low
aeec66ef1d,0.09828057160476539,0,Low
aef4c4c575,0.06562958967745443,0,Low
aef607b1be,0.053291235358008456,0,Low
aef61b478e,0.1234229047274963,1,Low
aefdab7be7,0.059385262657257326,0,Low
af039c3f21,0.13185480743845146,1,Low
af063ccd16,0.3012772976487304,1,Medium
af09e6b897,0.4192303059898388,1,Medium
af0b87def4,0.08740169339411472,0,Low
af1794a1f5,0.04442221234565224,0,Low
af1dabd867,0.029281237262604055,0,Low
af21749ede,0.04204005966433647,0,Low
af228fe62b,0.14781156652372635,1,Low
af24ec9206,0.24622801405980316,1,Medium
af24f9f76f,0.08402431178235527,0,Low
af27c529e3,0.0673031791600289,0,Low
af281d7999,0.10002078596359404,1,Low
af29416dfd,0.08532040422825361,0,Low
af2dc35ed8,0.1679173624160576,1,Low
af3609c46e,0.07875915719898416,0,Low
af39ce9606,0.5704035304007264,1,High
af3d36c459,0.058638984974582906,0,Low
af4819cc0d,0.10185459228679349,1,Low
af484beb93,0.17865713419870202,1,Low
af4d29669b,0.04492031729081928,0,Low
af5eb4115a,0.10091983413494286,1,Low
af63983d91,0.06522200641143201,0,Low
af65091c1d,0.04128548573006512,0,Low
af68ed7184,0.24887630421487913,1,Medium
af6e2c9569,0.030256439040030853,0,Low
af703b717a,0.1686087110498267,1,Low
af722da698,0.43695425014357464,1,Medium
af7a2d5c75,0.11821913375745198,1,Low
af867ebd3b,0.023263153762286586,0,Low
af882bf85e,0.12139409567487965,1,Low
af894339a9,0.08516590851134992,0,Low
af8d4ec28b,0.06828625716931484,0,Low
af8e3596e2,0.08615162016811326,0,Low
af8f77e3fb,0.09600705970922531,0,Low
af94425f91,0.09292307457683784,0,Low
af955b67ec,0.08297144129120936,0,Low
afa205a546,0.18040457320907347,1,Low
afa291d90b,0.04320935246168215,0,Low
afa3bc9047,0.08607485525533652,0,Low
afa9c2023c,0.028135606153830737,0,Low
afad048894,0.3651113473906909,1,Medium
afad673fd0,0.17635785840381263,1,Low
afb1afa7b9,0.15871749056601242,1,Low
afb2ace185,0.128373955193807,1,Low
afb834b2c9,0.21093256639155428,1,Medium
afbff36b3c,0.03026705047569709,0,Low
afc8ec838a,0.1540599062358076,1,Low
afcf1ecbd0,0.09505663264259724,0,Low
afcfa895cc,0.10988768887446367,1,Low
afd103ae16,0.12347838536500014,1,Low
afd1ad84f0,0.043080470337106345,0,Low
afd3f0ea36,0.050497188829054025,0,Low
afd501d9cf,0.10733076949832814,1,Low
afde8cb40c,0.10822648946273836,1,Low
afdf6cea17,0.03491120741271095,0,Low
afe0e8f268,0.3575963206042059,1,Medium
afe2452fbf,0.014905671176874571,0,Low
afe313c0fd,0.11431778677331206,1,Low
afe4613884,0.06402124725536909,0,Low
afec076756,0.041124960163789526,0,Low
afec3c9479,0.18052586450249325,1,Low
afeefe1cf5,0.03138420636636553,0,Low
aff249754e,0.02139918760369403,0,Low
aff6d0ced9,0.08481186077002556,0,Low
aff7afb07a,0.1015528555620957,1,Low
affb33a638,0.04937780100166467,0,Low
affd70e641,0.026464196552756166,0,Low
affda75a79,0.368617353258058,1,Medium
affe894915,0.04891372432497155,0,Low
b0018d8ffc,0.039378116366327855,0,Low
b0044a4dd0,0.046456633639980954,0,Low
b00ccfe786,0.027317436680640638,0,Low
b014dccc85,0.17340734751828402,1,Low
b01af10bb6,0.03622474600932541,0,Low
b01b0184c7,0.11856518077399625,1,Low
b01d54206d,0.12322522709556291,1,Low
b01f32982c,0.2011311199812996,1,Medium
b01fe2fa15,0.05767332397351847,0,Low
b022d8da19,0.05109057851889527,0,Low
b02c9a90d5,0.05449722173087212,0,Low
b02ed13eed,0.05912766105483856,0,Low
b030f76821,0.2386059886774933,1,Medium
b03224d9bc,0.043402287241606725,0,Low
b03626b89a,0.0775323985104375,0,Low
b03c0efe1a,0.15766912670124297,1,Low
b03defaf8c,0.18909004936743604,1,Low
b03e58e6d9,0.16373012559319847,1,Low
b040ebbe2e,0.04092865322539199,0,Low
b04886080e,0.15189178610363324,1,Low
b04b3258e6,0.07447381461075107,0,Low
b04b8e5ef1,0.021857942074167667,0,Low
b04d84f12a,0.23922386356241376,1,Medium
b04e525465,0.14077301602919476,1,Low
b04fac300a,0.14990820285343245,1,Low
b0540a579f,0.1907372932357948,1,Low
b05d2edd3c,0.09872073917220858,0,Low
b05d968c5c,0.36587428390366106,1,Medium
b061e9743a,0.10676000115780471,1,Low
b0635e76ed,0.29837133689080736,1,Medium
b0646006d6,0.10282416351762103,1,Low
b0648f1c8e,0.041478054583526984,0,Low
b0668f799b,0.21402922971943314,1,Medium
b06766a7a2,0.23190837224681016,1,Medium
b067e54669,0.09656386211250909,0,Low
b06d3c50db,0.09012529127718925,0,Low
b071dbe72a,0.14021324971195395,1,Low
b0733105a7,0.10473738945905833,1,Low
b073d42eca,0.037030518842694406,0,Low
b0797ea34d,0.07570657785627843,0,Low
b07b05fb6e,0.14161796966923923,1,Low
b07e3922d0,0.11825228491173005,1,Low
b07e9cbac5,0.1829330454884358,1,Low
b07ebf41e3,0.03046376381117155,0,Low
b08307905c,0.1503277967043105,1,Low
b08acb390b,0.02777940076023654,0,Low
b08de3bfdf,0.06463543117350487,0,Low
b08e0ddadf,0.05691344442438754,0,Low
b0928e5ad8,0.12045331673519119,1,Low
b093d29fcf,0.12750191255909213,1,Low
b09470eb8a,0.05376634721504768,0,Low
b096affd67,0.04459389248873853,0,Low
b0973027f8,0.15849407195652335,1,Low
b099ca946a,0.3536046288089624,1,Medium
b09ace378a,0.25361113348186454,1,Medium
b09d2e84b4,0.2131482973518672,1,Medium
b09d69c6bd,0.37417987503774947,1,Medium
b0a770eb3c,0.17776584577780483,1,Low
b0b55094d6,0.11522959644065048,1,Low
b0b7565c48,0.17418296904238573,1,Low
b0b7f986dd,0.14342963966813882,1,Low
b0b94d605d,0.11534051853409566,1,Low
b0c0f161a8,0.17021551022034945,1,Low
b0c2a5cde7,0.15894938170311665,1,Low
b0c569e4b5,0.11886345433859807,1,Low
b0c5ea73b4,0.19703000085389274,1,Low
b0c65c8046,0.18440265775283332,1,Low
b0c794f420,0.09768887451590245,0,Low
b0c7e83082,0.06220256930128409,0,Low
b0c95b8ded,0.18829160602484213,1,Low
b0ca94d900,0.1973880009500423,1,Low
b0cd43b306,0.10899184972676736,1,Low
b0d120e8c3,0.09437791110726451,0,Low
b0d192bd78,0.01590187222177375,0,Low
b0d8d2b4bd,0.15852493703277096,1,Low
b0da8033e7,0.10097481974458553,1,Low
b0de4f974c,0.07141034063573433,0,Low
b0dfeae104,0.27020594309624335,1,Medium
b0e7911033,0.13478045599705507,1,Low
b0e92c5c17,0.05817160750985254,0,Low
b0e9f63c2f,0.10983363609119806,1,Low
b0ee22a1ee,0.245980929611848,1,Medium
b0f06cdd0c,0.028371472320582555,0,Low
b102120bbd,0.17490075324534232,1,Low
b1041a1099,0.10480007661285672,1,Low
b1092fcd31,0.02723389959387778,0,Low
b10a75e7ff,0.03175413517824094,0,Low
b10ad94223,0.15079775305651708,1,Low
b10f0b476d,0.14863612258843958,1,Low
b1125bc76f,0.07273711429503123,0,Low
b11617c358,0.07999615468860982,0,Low
b11df19dc5,0.06570162401554226,0,Low
b1256e169c,0.034054080018215166,0,Low
b125713a3e,0.05512772081613208,0,Low
b131700e2f,0.017739461771924075,0,Low
b131934977,0.20293207387458426,1,Medium
b132e9da11,0.0749124484464116,0,Low
b134cf4e70,0.15815934886156477,1,Low
b138241dfc,0.02912042024661681,0,Low
b1385facf0,0.024789141355014314,0,Low
b139522402,0.028570015136402564,0,Low
b139e4c44e,0.07245295073991652,0,Low
b13d412e85,0.29393336939552456,1,Medium
b13e4d60eb,0.02826218150845837,0,Low
b13e637f6e,0.22030931488707498,1,Medium
b13f023736,0.11446913368134598,1,Low
b13fbb76ca,0.245254363750412,1,Medium
b1417d5654,0.055736960387659934,0,Low
b14ce00d82,0.04393361162875179,0,Low
b14f1153ae,0.2677750867542542,1,Medium
b15021d1f6,0.16888835645565048,1,Low
b1519e8d54,0.08686991668499282,0,Low
b1525bc3c1,0.1551056149171891,1,Low
b156d0d705,0.06940678494546265,0,Low
b1583ffe8c,0.20846895894716633,1,Medium
b15b00cbe7,0.05438218555390638,0,Low
b15f511267,0.047526983418746636,0,Low
b1642b7258,0.39407930181791667,1,Medium
b165937037,0.047319082929370274,0,Low
b166952419,0.26510078740035065,1,Medium
b169bad334,0.06961914014196684,0,Low
b16b46fb2c,0.18714904999517487,1,Low
b16d23da2b,0.15715010739994864,1,Low
b17325fa1b,0.08894009272098646,0,Low
b17a0a3e30,0.046017383217293775,0,Low
b17e579dd4,0.08335967901046186,0,Low
b18004dec5,0.0504941415075346,0,Low
b1848a85f3,0.040449333765694796,0,Low
b1860f5994,0.03436341732642342,0,Low
b18668c222,0.1637260472553802,1,Low
b18ae824c3,0.04188700095918185,0,Low
b18b0e0f75,0.252043023208739,1,Medium
b190024f65,0.10453672542366921,1,Low
b19d845841,0.05356657008780396,0,Low
b19dae52d5,0.12349287828183132,1,Low
b19fb0e681,0.2756616128765952,1,Medium
b1a22cdcb0,0.15915718408282006,1,Low
b1a4145912,0.12309823423330932,1,Low
b1a7f3bdf4,0.28788607874106914,1,Medium
b1abbb2b35,0.10867064006831108,1,Low
b1aee0c6a4,0.1381426859328503,1,Low
b1af77f1b6,0.04803205168627425,0,Low
b1b6fdf8b5,0.11535791974119997,1,Low
b1b8240806,0.11726116423105395,1,Low
b1b86afa89,0.026891124399645222,0,Low
b1c0960499,0.12160800923204117,1,Low
b1c67f6fb4,0.04566815029101795,0,Low
b1d089a8a2,0.053795420688226465,0,Low
b1d1fac564,0.06282335006235108,0,Low
b1d5449207,0.16467845542613785,1,Low
b1d6d34e42,0.07297960726757638,0,Low
b1daf3b6ca,0.026909310698091396,0,Low
b1dbb0b554,0.04055081658026043,0,Low
b1e0f18bee,0.055049240923249546,0,Low
b1e3c14529,0.16654223292382778,1,Low
b1e66c0344,0.12193384327932236,1,Low
b1e6b9beb6,0.17136100531159798,1,Low
b1f19f7d28,0.09330080564138875,0,Low
b1f3f2474e,0.1398976439581284,1,Low
b1f61efe65,0.08601899471097647,0,Low
b1f7a44777,0.06413886351528571,0,Low
b1fa75c0fd,0.09504521750769261,0,Low
b1fa9f3ccc,0.030582253135887638,0,Low
b206b915ae,0.1076193391400985,1,Low
b20c7224de,0.5083415848889108,1,High
b2176bece5,0.04631058682346755,0,Low
b218ccf7c7,0.18179443036850396,1,Low
b21c32826d,0.056913113965013785,0,Low
b21fa8afa5,0.07528756887894925,0,Low
b22227b987,0.39903988667141976,1,Medium
b223cc2008,0.31916794514088476,1,Medium
b22c5f36d4,0.07633319496489739,0,Low
b22f65d9b5,0.024356458747642983,0,Low
b2302a3853,0.16238120252847785,1,Low
b2321b027e,0.6649104574679872,1,High
b232228725,0.19120013565259866,1,Low
b232d495d9,0.18694352428824978,1,Low
b235887e81,0.1241732591986019,1,Low
b239f59da9,0.06157049149101321,0,Low
b23a1cd835,0.12119608306513995,1,Low
b23bd13534,0.27268073022203904,1,Medium
b24139f23d,0.09349336472095582,0,Low
b242f163a8,0.12069046254885968,1,Low
b2436ee0ee,0.07896466714088307,0,Low
b246d77577,0.32975529478586396,1,Medium
b24d426ca8,0.07364962906561054,0,Low
b25109c48c,0.02212255574092309,0,Low
b255597f70,0.09720412594773052,0,Low
b25eb3f66c,0.382612873676945,1,Medium
b2689023bf,0.05156056907969775,0,Low
b26ae1af04,0.09691657349092998,0,Low
b26c531719,0.041486204800327255,0,Low
b273fc39c4,0.22756612234134244,1,Medium
b27acf646e,0.03993847789392902,0,Low
b27bd0bb0e,0.13064929914205728,1,Low
b27cdef15e,0.07084409264490685,0,Low
b282e45f12,0.049933738278883415,0,Low
b2844862c7,0.03926755264562764,0,Low
b2858a9836,0.12840203741909764,1,Low
b287aa8924,0.2025274979305546,1,Medium
b289f88ba0,0.19364042893316277,1,Low
b28fa4466d,0.0795266877275602,0,Low
b290f35cd5,0.08558031097826786,0,Low
b292c7a077,0.09822457548152227,0,Low
b296542ec0,0.06357603176856912,0,Low
b297afc03d,0.16508528649608173,1,Low
b29d9d43a3,0.15507519314530083,1,Low
b29fd9f9c1,0.12115496071940592,1,Low
b2a12662b3,0.16378126082289426,1,Low
b2a4345bb8,0.10053450193466743,1,Low
b2a76c2090,0.11986939226970308,1,Low
b2ad8cbb71,0.2060909871090201,1,Medium
b2b3f32d6b,0.09748261033135304,0,Low
b2b72d0669,0.046297724771377446,0,Low
b2b7ffcb6f,0.07795719680622185,0,Low
b2bf8cd006,0.06548055023957727,0,Low
b2c20924ea,0.16056665426610925,1,Low
b2c2abaa56,0.0669944691366675,0,Low
b2c2b98dce,0.017823844389602952,0,Low
b2c43f8bd5,0.1398218967019911,1,Low
b2cf9106be,0.12077149229108296,1,Low
b2cff143a1,0.062035965055778165,0,Low
b2d0d51fd1,0.10171022086525776,1,Low
b2d463de74,0.04002969517936686,0,Low
b2d80f6f5e,0.14207582818743192,1,Low
b2d94d6e61,0.17376326547156323,1,Low
b2db3f2e38,0.23455960848295687,1,Medium
b2dc20d543,0.2217506410347882,1,Medium
b2df428469,0.1634527903977339,1,Low
b2e2866d16,0.09112638076689014,0,Low
b2e3f970f5,0.19604073416754444,1,Low
b2e83d6585,0.029259784595357146,0,Low
b2e8de6634,0.07524409358961257,0,Low
b2ec32f64b,0.14955016556287612,1,Low
b2edf7a1a5,0.021750199581804196,0,Low
b2f63ec05c,0.26400771643934595,1,Medium
b2f9082ba9,0.1497300968925227,1,Low
b2faf5eeab,0.0415141550345658,0,Low
b304cf8d37,0.04152790573885942,0,Low
b305c2beba,0.09661539313405255,0,Low
b307781205,0.09938896733379225,0,Low
b30c1f1ac5,0.08016619860318454,0,Low
b30dbadcf9,0.7937414166507584,1,High
b30e12d5b3,0.056681586986248866,0,Low
b313ce4a68,0.018050684083673035,0,Low
b317391c6d,0.07127773691917898,0,Low
b319261aac,0.04251302491547221,0,Low
b31cac0870,0.1993086260151533,1,Low
b3231e0172,0.04017842562681817,0,Low
b3232f1d62,0.0543821125905814,0,Low
b32425386f,0.04798247704599045,0,Low
b3243e1369,0.08405213536031253,0,Low
b324b5c9b2,0.05757282910565844,0,Low
b325d5f640,0.02625843207456366,0,Low
b326c0909f,0.1721741170879369,1,Low
b32a43f422,0.07690258943471688,0,Low
b32bbd7750,0.1820515996147238,1,Low
b32d927d82,0.14579297785657902,1,Low
b33050815c,0.1527752942764846,1,Low
b330c3850a,0.02690782609785491,0,Low
b33110d660,0.060869994788229624,0,Low
b3338b58de,0.07275548081760475,0,Low
b334e711be,0.031685187727650874,0,Low
b3353bdab5,0.23528942798203878,1,Medium
b3357cc58b,0.12791705665448574,1,Low
b33829eff5,0.1404067117336597,1,Low
b33a7b3858,0.12355957261128184,1,Low
b33e0193e8,0.038084303828117824,0,Low
b33f099707,0.04858429970533376,0,Low
b343025f4b,0.07696027085843127,0,Low
b3454850c0,0.03467987017513108,0,Low
b34924d239,0.1394704930803087,1,Low
b356a6911d,0.048916067609220244,0,Low
b35892bd50,0.10909884897611913,1,Low
b358afe897,0.43715183285733167,1,Medium
b35a4c8a37,0.16377835966157367,1,Low
b35be973ce,0.15621393869995667,1,Low
b35eed02d9,0.18531401525908842,1,Low
b365b2dec7,0.24614480419384166,1,Medium
b36cf4d5ef,0.03014885925152307,0,Low
b36de76b34,0.12330384253080483,1,Low
b36eb3dc46,0.3048821060577484,1,Medium
b3731bd902,0.06070207960410196,0,Low
b3782fad00,0.27518758236072277,1,Medium
b37868a1cc,0.10741916689473471,1,Low
b37d0ebe71,0.06322067678692202,0,Low
b37dc22c46,0.1501020144032107,1,Low
b37f857d55,0.07096620893551725,0,Low
b38004626a,0.20595326963192243,1,Medium
b38c7070ae,0.06302722855726628,0,Low
b38e974bcd,0.18070595188390554,1,Low
b39c3228e8,0.06854613740477526,0,Low
b39f77fdf4,0.19365380569841123,1,Low
b3a22ef0ba,0.10068121995258007,1,Low
b3ac71a4a9,0.028944022322298615,0,Low
b3b3fce5e4,0.12527564678936975,1,Low
b3bf6a8f0f,0.12890767972468953,1,Low
b3bfce8a94,0.13954469155716118,1,Low
b3bfdfe2df,0.08209524355152235,0,Low
b3cce19b20,0.4769597193721416,1,Medium
b3cf1d6419,0.0211290995929274,0,Low
b3d1435f9d,0.25772475372550585,1,Medium
b3d25b9673,0.29754084647932627,1,Medium
b3d61dd26f,0.11658236031973143,1,Low
b3da497b87,0.042486604831461876,0,Low
b3db13e912,0.06262523933207727,0,Low
b3e772604e,0.08710379699821486,0,Low
b3ed4989d4,0.16155935079982278,1,Low
b3f7f85dd6,0.04374933791509413,0,Low
b3fab6e535,0.013767069146919853,0,Low
b4002b02a7,0.04330774785787779,0,Low
b405545e09,0.08914306591318993,0,Low
b40c0d7f00,0.09675154111999565,0,Low
b40d5f2052,0.5836957168270146,1,High
b411fd54a7,0.05277700298342515,0,Low
b4141a70bf,0.049865588261439955,0,Low
b418fafc97,0.27859100404757353,1,Medium
b41c0b21e9,0.2535937804076681,1,Medium
b41c21a7c0,0.04948171548799923,0,Low
b41c9905af,0.15692131623502298,1,Low
b42dbad8bd,0.054754263294181135,0,Low
b42fa4c946,0.20488721597604775,1,Medium
b434cb4372,0.02668127355510624,0,Low
b439557389,0.06277756907442818,0,Low
b4398e2e9f,0.0423555885260854,0,Low
b43d336471,0.049791449777762835,0,Low
b441fc09b9,0.01964918641262699,0,Low
b44478bb6f,0.11956693215760207,1,Low
b4477984bb,0.04885091821808469,0,Low
b44918258f,0.1646391860744359,1,Low
b44a5f5118,0.05825661982277611,0,Low
b44a946484,0.043808369940833015,0,Low
b45c0759b5,0.21673241660930226,1,Medium
b45c3602ad,0.15078387268167065,1,Low
b4685018fa,0.05127707477553521,0,Low
b46ccfcdc6,0.028557297336206527,0,Low
b471db19d4,0.22366404411538837,1,Medium
b47581d274,0.027668830630017734,0,Low
b47cfad675,0.12685788447169266,1,Low
b484e1de85,0.02845175781114491,0,Low
b484f3d7d3,0.07973377622207614,0,Low
b4883cb7bd,0.11279522335613171,1,Low
b48a4c35ff,0.02064043556553313,0,Low
b48b13db2b,0.22271910915351484,1,Medium
b48c9535da,0.17707574855096428,1,Low
b4911902a9,0.7164941612785518,1,High
b49218c759,0.48691432017472197,1,Medium
b496c2df81,0.21239366210751945,1,Medium
b49bb28fef,0.05689629240038741,0,Low
b49f561671,0.16070808522238714,1,Low
b4a7eacf9e,0.320004256841179,1,Medium
b4ad7cb549,0.15174471548113205,1,Low
b4af1a12da,0.2402225575121377,1,Medium
b4b79c7dca,0.15510869321906126,1,Low
b4b838889d,0.07141001078780525,0,Low
b4bc0db120,0.10029624713861375,1,Low
b4bf2b2468,0.05925687327889459,0,Low
b4c032ba7a,0.2700744922155088,1,Medium
b4c0ecfc3e,0.0583215434336509,0,Low
b4c1a581fa,0.10292687672812023,1,Low
b4c7088020,0.12220306200318236,1,Low
b4c74e1abf,0.18801926916366118,1,Low
b4cee62312,0.053258792778503705,0,Low
b4d639d562,0.1818239043329355,1,Low
b4d6edf737,0.17767285501824784,1,Low
b4d9587ac2,0.09738684362556253,0,Low
b4de4f8ad7,0.13907710984181182,1,Low
b4e159b68c,0.05483241273410048,0,Low
b4e2b99c30,0.4575951140652619,1,Medium
b4e2c68ded,0.06194773856187354,0,Low
b4e313caeb,0.06755324813020427,0,Low
b4e549bf69,0.08864187394932888,0,Low
b4e5cfc20f,0.008520278211804838,0,Low
b4ec755802,0.16676642570416536,1,Low
b4ed5bf01c,0.06214121534510492,0,Low
b4f24018ba,0.12584204774716126,1,Low
b4f474b1b6,0.05954877027697749,0,Low
b4f6349339,0.23668756874452934,1,Medium
b4fdd9273c,0.07084216011677132,0,Low
b4fdf56f21,0.18770409284290696,1,Low
b500d8a985,0.051410134365907946,0,Low
b5067ccdfc,0.04529154014585302,0,Low
b50acdd2d9,0.03660519623348727,0,Low
b50ad63177,0.0889380567394518,0,Low
b50c6bedec,0.03135495237943626,0,Low
b50c9a9686,0.043789745837309484,0,Low
b50dab0795,0.19245031629052706,1,Low
b50e1414a6,0.026444752368646317,0,Low
b511365a91,0.163605440778447,1,Low
b511cc0b81,0.141531422661268,1,Low
b5123f53ea,0.08292190042477218,0,Low
b516fdb526,0.11566885841643919,1,Low
b51949df73,0.030267963827149538,0,Low
b519592b5f,0.10450166587011457,1,Low
b5226128be,0.12488608815824997,1,Low
b525679856,0.10051001383601832,1,Low
b529ceffcc,0.05628828952320024,0,Low
b535b6b417,0.04242780037435269,0,Low
b53a4dd18f,0.35520706625138204,1,Medium
b53ca41360,0.05670044067962369,0,Low
b53cf80fd8,0.037264087625283326,0,Low
b53fb83a02,0.1658584855451611,1,Low
b543bfb532,0.30110626184344214,1,Medium
b54d1267fa,0.2725879607079101,1,Medium
b553e73638,0.08812081311454023,0,Low
b55b5ff83f,0.050740950309282946,0,Low
b55c6dcfa4,0.0233144033280007,0,Low
b55e2e2b22,0.06893374253147973,0,Low
b5628fd00d,0.039346351384584956,0,Low
b568380d4d,0.2505449705341686,1,Medium
b569e7b5d9,0.09032386656584829,0,Low
b56c2d3fe3,0.1328828646811458,1,Low
b56cf92cea,0.3070510549450201,1,Medium
b56ed88f25,0.06807633727704722,0,Low
b57302c1f7,0.10264775535549849,1,Low
b574ef96d6,0.030909753795201552,0,Low
b5763f63b6,0.1845948859583129,1,Low
b579dde554,0.5327662891536916,1,High
b57fde5e8e,0.08427809434520854,0,Low
b58042b243,0.11892845508689608,1,Low
b5874fcbf9,0.044846035305360334,0,Low
b58854b557,0.03763007975510743,0,Low
b5909e5f1f,0.08861794709139822,0,Low
b59395a7fd,0.08877638118253839,0,Low
b593ff64d9,0.08453982587766799,0,Low
b59411a571,0.27928895746564364,1,Medium
b5947ca652,0.1098645064324263,1,Low
b599d8f568,0.06987898019055802,0,Low
b59e8eccc4,0.2814860372366589,1,Medium
b5a4ccb3b0,0.04541410059752256,0,Low
b5a64293af,0.04697130878760484,0,Low
b5a7236b43,0.6066972766692666,1,High
b5b71e9d70,0.16606009852773626,1,Low
b5c31fc244,0.05622136130488152,0,Low
b5c3b58c5d,0.12137015243932475,1,Low
b5c3df5032,0.050098231150363146,0,Low
b5c506184c,0.05594268426134421,0,Low
b5ca2e7961,0.09430372115656972,0,Low
b5cbf78919,0.18522457869129752,1,Low
b5cd7e8143,0.021790575632742636,0,Low
b5cf3824a4,0.2794376431400291,1,Medium
b5cf657368,0.06835871228969544,0,Low
b5dbb50816,0.19052646921851077,1,Low
b5ddaa06f5,0.18687175522737162,1,Low
b5e18a0c47,0.08973775226421696,0,Low
b5e37f6b14,0.6076294647999381,1,High
b5e8a02042,0.03646145551371432,0,Low
b5eb482984,0.6545009353436716,1,High
b5eb53dc54,0.04442028190380959,0,Low
b5f15a5825,0.055476864859278774,0,Low
b5f275ff63,0.03427027082854011,0,Low
b5f7a6a55f,0.1875351026943165,1,Low
b5fcb25759,0.11805225590259578,1,Low
b600f6b812,0.3409711301586313,1,Medium
b6014e95a5,0.1547150750367655,1,Low
b606d0a1b2,0.1652161796946363,1,Low
b609fa3d69,0.1507925509299677,1,Low
b61873c91f,0.2522691098264724,1,Medium
b61c2d106f,0.11732893625430696,1,Low
b6219ebd7a,0.14214495068017802,1,Low
b621f8a935,0.1900733334093225,1,Low
b6227054ae,0.32764366976849646,1,Medium
b62c274cb3,0.24570411850512758,1,Medium
b63a50fd92,0.21186951122792455,1,Medium
b64094e422,0.09494304859340853,0,Low
b6486fe6eb,0.06304044594785385,0,Low
b64a593bc7,0.034708523318399624,0,Low
b64e6b72d9,0.167019566801459,1,Low
b64fbe2fd4,0.1123156443052773,1,Low
b652fb6b11,0.03538353461837282,0,Low
b655865a73,0.22966836726285525,1,Medium
b6581594b6,0.1426616932695148,1,Low
b6584a4c53,0.06828714953031308,0,Low
b65d0eac6d,0.0734893095223313,0,Low
b66163b035,0.018218040584444328,0,Low
b66b6c4e41,0.0950278433991091,0,Low
b66d154f19,0.11532238270701227,1,Low
b66f327010,0.06475676308567066,0,Low
b67037d664,0.19551807825418388,1,Low
b67259356e,0.06816794925662081,0,Low
b677ff4291,0.08940270743492568,0,Low
b6789dfa81,0.16687724659153197,1,Low
b67b59b060,0.5562271094481755,1,High
b67dd8b9ce,0.04689874132060221,0,Low
b683392420,0.15725675768662697,1,Low
b68830127e,0.12468199429668814,1,Low
b688f191f8,0.10796023735943445,1,Low
b68ff0d208,0.1124298539536873,1,Low
b69cb0df40,0.051681213952642545,0,Low
b69f9dd37e,0.10285391873745882,1,Low
b6a1a76475,0.0307353326464903,0,Low
b6a309df9f,0.05159928287795573,0,Low
b6a607293e,0.1089532055978522,1,Low
b6a6da6e9e,0.19851561152345829,1,Low
b6a8f6fa56,0.15002803575817295,1,Low
b6acffb249,0.1599032250958034,1,Low
b6b551e7ee,0.0705946627353201,0,Low
b6b7499e34,0.03994121144923594,0,Low
b6ba43ebfa,0.14478951048449193,1,Low
b6bd27016e,0.046542182672819905,0,Low
b6be5e46e1,0.08774326951849698,0,Low
b6c2dd5fcf,0.021402707762982275,0,Low
b6c38f4790,0.14862232207090678,1,Low
b6c55e30a2,0.06381551383185707,0,Low
b6c7119620,0.14329281651150236,1,Low
b6c890b442,0.03856876337861362,0,Low
b6c8f3bf5b,0.17802826568091779,1,Low
b6d1a3fae6,0.14487151673210288,1,Low
b6d7dcd43f,0.2031152822541829,1,Medium
b6daa507f4,0.10140282384170043,1,Low
b6dffd1ef8,0.13386169013920327,1,Low
b6eb0e33f2,0.06751613033046384,0,Low
b6eb225e8c,0.15785191302438353,1,Low
b6ee253b19,0.06794988646587619,0,Low
b6ef8bfaf1,0.12300923277217614,1,Low
b6f04bc1b7,0.1414335198863009,1,Low
b6fdfe203c,0.19305386349374676,1,Low
b6fed8e768,0.09949122089498703,0,Low
b7014e86fd,0.05754218110220849,0,Low
b702042f65,0.06570907177151496,0,Low
b706ca2430,0.04151167262702639,0,Low
b70aaddff4,0.1755658491596265,1,Low
b70be7d183,0.03455599019160404,0,Low
b70fafe67f,0.13506550638810333,1,Low
b7156eef7b,0.01144743029258124,0,Low
b71ccfb7f3,0.0851306539088787,0,Low
b71f39bf99,0.2985686791116958,1,Medium
b722a8ded7,0.03011482285665371,0,Low
b727ce2dd1,0.0718561340487631,0,Low
b72e03f89f,0.044881053550547785,0,Low
b7326c9bbb,0.055820042430884564,0,Low
b735bbf08d,0.1914752349465314,1,Low
b7391e7188,0.06549793031874403,0,Low
b73a3cd13e,0.05687480342646762,0,Low
b7492f0985,0.07779756846305459,0,Low
b749ad8009,0.18789601642473822,1,Low
b74b79a23d,0.06759638808773391,0,Low
b74dbcc684,0.09163423397303165,0,Low
b74e4edfea,0.03364114627025741,0,Low
b75114bdb4,0.17311958944770545,1,Low
b751d79ba2,0.15642031008480928,1,Low
b7579e2163,0.5136940189194692,1,High
b75a765420,0.13445747579298806,1,Low
b75c8077e7,0.024495394644092637,0,Low
b7628ccaf5,0.20293084248455404,1,Medium
b763f97668,0.5174896002025737,1,High
b764699b03,0.2168679117829232,1,Medium
b768055d1f,0.2224058960814822,1,Medium
b769c644fc,0.6564828377021624,1,High
b76bb0ba9b,0.1369338495850807,1,Low
b775576ef5,0.5060492425768995,1,High
b77c619219,0.4518709194031947,1,Medium
b77d6a58ab,0.10578910160861285,1,Low
b77e4f21f0,0.5601240611324746,1,High
b782af17e0,0.03390323941388099,0,Low
b78a69463f,0.04004665304894073,0,Low
b78f12ca20,0.029325912892681598,0,Low
b797c90462,0.21124447278945968,1,Medium
b7991fbcea,0.17178214348184428,1,Low
b79a8f46c0,0.08286829178389199,0,Low
b79bd03fcc,0.037350198377800584,0,Low
b79cb4d01c,0.032803771479237485,0,Low
b79cc3e108,0.03832688286243181,0,Low
b79dae1e1c,0.09328853538616835,0,Low
b7a0bba4a8,0.2378706415857032,1,Medium
b7a26f2d57,0.0652089514580975,0,Low
b7abdd1877,0.10931639928451913,1,Low
b7b22431c0,0.1160063612698079,1,Low
b7b6c4defa,0.09996981435977599,0,Low
b7ba9a1459,0.18418448785934255,1,Low
b7c01eb779,0.1449792937413601,1,Low
b7d8a44a7a,0.05665065870654365,0,Low
b7d961aaad,0.12626196818440064,1,Low
b7db229c17,0.17822973609425571,1,Low
b7dbcf0529,0.13180280215960097,1,Low
b7e3a497db,0.06555613108585719,0,Low
b7e5e1f58d,0.05927223266849341,0,Low
b7e6173ff0,0.11708973075774849,1,Low
b7e7b0d97c,0.03747077082270452,0,Low
b7ec02a848,0.07379624053646949,0,Low
b7ed8abc43,0.07220435120527662,0,Low
b7f10c239d,0.1242525418108759,1,Low
b7f6b0cbbe,0.13414332615257168,1,Low
b7f8ac3b38,0.06679835749248544,0,Low
b7fedadd5b,0.29512512187412615,1,Medium
b8031212a7,0.051763318836451445,0,Low
b80bb03811,0.0599076799989154,0,Low
b80bd69e4f,0.1561259779693304,1,Low
b8146d7de2,0.14883894757661423,1,Low
b815d30da6,0.16732433744846212,1,Low
b8169c3ac3,0.1944501246766879,1,Low
b81b1f9524,0.06435131893189401,0,Low
b81cd1042c,0.1259896493040822,1,Low
b8233d1c4a,0.0374089146202604,0,Low
b824ea8999,0.05543202062721783,0,Low
b827fd51ce,0.1595906028047413,1,Low
b82e99cb0b,0.010773736276417875,0,Low
b82f62f625,0.16311971217117,1,Low
b82fe14828,0.18511641496689932,1,Low
b83036fef0,0.19839947894104445,1,Low
b8323e899d,0.02919194890048932,0,Low
b832c82558,0.03187821786121169,0,Low
b83689100d,0.19321681406339225,1,Low
b836fcf263,0.17597550189313202,1,Low
b8377f7207,0.07410635523220577,0,Low
b83f29952e,0.14718114046265737,1,Low
b83f41cfab,0.3432049058135323,1,Medium
b8410727b7,0.030294306660919514,0,Low
b84183fb33,0.03688262250830674,0,Low
b844ba2fe9,0.041866011786210765,0,Low
b84652f728,0.13789581815897917,1,Low
b84756b6d8,0.035381062342657324,0,Low
b84af77442,0.1544184755300776,1,Low
b84b47e74b,0.46403794483120675,1,Medium
b8583f378e,0.12848157918567987,1,Low
b85940befa,0.09898365738343451,0,Low
b860ba6378,0.14682163519725167,1,Low
b864c82c18,0.21382041353117714,1,Medium
b866c24c93,0.22740311707480657,1,Medium
b868138778,0.15358073264973965,1,Low
b86ddf2821,0.04852324505133358,0,Low
b8741e0f8f,0.2295128544645024,1,Medium
b874924c94,0.43493927961885315,1,Medium
b875d10c91,0.5325353161269186,1,High
b87b9604fa,0.43867381022064544,1,Medium
b87f42c2c4,0.08878496867948979,0,Low
b882a825ee,0.08588332196194758,0,Low
b883483a4a,0.09850988204718966,0,Low
b889750b4a,0.21677109092787702,1,Medium
b8900e4c23,0.2319588528299021,1,Medium
b8923ca366,0.054751885569932324,0,Low
b898a73add,0.5671350064114419,1,High
b89979f1f3,0.045064426263148695,0,Low
b89cde6081,0.03418139083386905,0,Low
b89d28c34a,0.038783880020392264,0,Low
b89e65afd7,0.03530756613208017,0,Low
b8a1c69b78,0.026080025020343192,0,Low
b8a6f90817,0.12790258939395618,1,Low
b8aa5b5845,0.23066111990342242,1,Medium
b8aea6def0,0.026726402447366574,0,Low
b8b0a7d4df,0.0714147308267813,0,Low
b8b5d00de7,0.12955228673974403,1,Low
b8b80b7f97,0.47966879381849215,1,Medium
b8bbb511cc,0.2241004043822811,1,Medium
b8bbdd6e94,0.04940350433832984,0,Low
b8c0dd97cd,0.02566767994205243,0,Low
b8c4f885c2,0.1472163934704322,1,Low
b8c5b85a34,0.10880401259135004,1,Low
b8c7186937,0.18334595101443996,1,Low
b8c911937a,0.4984553102280934,1,Medium
b8d3175d8e,0.10963102127440695,1,Low
b8d3db1300,0.06444103560142024,0,Low
b8d49476c0,0.023179259015694453,0,Low
b8d50b6352,0.06658042288313085,0,Low
b8d7ae3db6,0.056904849620991176,0,Low
b8d832d00b,0.03790039635118354,0,Low
b8d92e5945,0.08404446687843858,0,Low
b8d9dce44a,0.13378496364733444,1,Low
b8dc8f32fb,0.05876721678982074,0,Low
b8de6e668f,0.19494671960437962,1,Low
b8df22711a,0.360776242261169,1,Medium
b8e18a4252,0.1293175913961961,1,Low
b8e2123fec,0.16776893298928805,1,Low
b8e57a7abd,0.037240389190605794,0,Low
b8e5ec7939,0.07643021904341885,0,Low
b8eb03a7ee,0.3409709036225016,1,Medium
b8ec63f555,0.04770596785843705,0,Low
b8f01ab565,0.030468333339944316,0,Low
b8f3ab135c,0.14581834560518864,1,Low
b8f9e914a3,0.039225083977294864,0,Low
b8fc50ec91,0.2964828377136773,1,Medium
b908cba1af,0.1142995802844685,1,Low
b90f2a4e79,0.06985589807565858,0,Low
b9137ad8ef,0.16646957317305366,1,Low
b916a676bb,0.04585180859315595,0,Low
b91bc93482,0.5334503725824516,1,High
b91c0d6b48,0.10941332630422575,1,Low
b91d0c67a7,0.2227970288941438,1,Medium
b9242b047d,0.07398319936515585,0,Low
b925883405,0.3090701930689891,1,Medium
b9272ac80f,0.02590564490525003,0,Low
b927ef736e,0.14030478289513895,1,Low
b92dc32e24,0.05748325405634239,0,Low
b93080c140,0.041080107347465686,0,Low
b930e26c14,0.14384868124295266,1,Low
b9322e617c,0.08338169790255126,0,Low
b935cfd982,0.10136268848391916,1,Low
b939648906,0.05174608662149311,0,Low
b93a3f07c1,0.06450824833286374,0,Low
b93ef3636e,0.07146195296676937,0,Low
b943936c70,0.08263730270999574,0,Low
b94420dd87,0.15903624123096619,1,Low
b947a45bf8,0.08429884132919105,0,Low
b9490bde27,0.2036518694677927,1,Medium
b9496d7369,0.05857888516273885,0,Low
b954bd70a5,0.03624021894920996,0,Low
b95eabf2e5,0.5868242020745339,1,High
b95ee57902,0.11461433561494568,1,Low
b961f66175,0.01758337560548125,0,Low
b969695706,0.04380253325129314,0,Low
b96a1fc81c,0.1124862014414214,1,Low
b96b16e00c,0.2985881243577673,1,Medium
b97006a5eb,0.13141136789863478,1,Low
b985341c6a,0.16414627161070822,1,Low
b98a574cc7,0.07099317456413651,0,Low
b98acdd253,0.08070413774687543,0,Low
b98ce62f19,0.13707966400298255,1,Low
b98e2f2dab,0.08627399872835413,0,Low
b9932e62ab,0.08036117320600422,0,Low
b994b68fa8,0.05338349232412786,0,Low
b99a9945a1,0.1827931170743927,1,Low
b99ba3e459,0.4935423297361879,1,Medium
b99c0c46af,0.05664353542909231,0,Low
b99efcfb85,0.04610798681410931,0,Low
b99f6e754f,0.23585350002738964,1,Medium
b9a16b0a89,0.03691801329061923,0,Low
b9a945881d,0.3759200676005925,1,Medium
b9aa5cc20f,0.15987574960163453,1,Low
b9ac272e9b,0.10784968218910404,1,Low
b9ae9adbcb,0.039662236126739324,0,Low
b9b155fa70,0.3205765894040271,1,Medium
b9bbf37b66,0.11272988580354192,1,Low
b9bf483104,0.2566726330857315,1,Medium
b9bfa7589b,0.10371740238142448,1,Low
b9bfc4a912,0.09998685980705058,0,Low
b9c332d31f,0.06825826711786567,0,Low
b9c752e77b,0.08654833198102624,0,Low
b9c8c41f91,0.39144172701752306,1,Medium
b9c8ca540b,0.25929381558400977,1,Medium
b9cc242102,0.10550488358804463,1,Low
b9cfb16cdc,0.09886362868422345,0,Low
b9d0d080dd,0.19262544938435008,1,Low
b9dc1f0d1a,0.12540985523274611,1,Low
b9dd6aa057,0.0965582470646816,0,Low
b9dff013ce,0.12511051790687316,1,Low
b9e08ede4f,0.21795494184019157,1,Medium
b9e36257d9,0.13346638701087107,1,Low
b9e429f8c0,0.44700493337976144,1,Medium
b9e4e67651,0.09890432513692383,0,Low
b9e5e4dd3c,0.0534843213303176,0,Low
b9e9325221,0.01687985085358655,0,Low
b9eb08b03c,0.08907533617175523,0,Low
b9eb57ee2e,0.04825617180114933,0,Low
b9ee3d9140,0.06465121721967271,0,Low
b9eeada2e0,0.05204199569722449,0,Low
b9f0c74f00,0.04810567858923685,0,Low
b9f4b666a6,0.18599100805999988,1,Low
b9f6e9c08d,0.2769061444350756,1,Medium
b9f7b18b4f,0.21266809936728856,1,Medium
b9fa30bfee,0.24913048137986202,1,Medium
b9fb36608d,0.22880313091874396,1,Medium
b9ff7adaba,0.030458768510631853,0,Low
ba06691422,0.07520170993931224,0,Low
ba0681d48a,0.13002068764599917,1,Low
ba0a383b2a,0.11424337347951175,1,Low
ba0bdb862d,0.04445677662114081,0,Low
ba1c224d11,0.11937997515681249,1,Low
ba21707af3,0.03355284564744343,0,Low
ba22276e42,0.08113416067190131,0,Low
ba23118f00,0.030422841591824158,0,Low
ba23b254c2,0.09518461472761178,0,Low
ba24bd3764,0.14764577987975744,1,Low
ba2584e8f6,0.12696575490863454,1,Low
ba28039f1d,0.2635375311346341,1,Medium
ba2cb9dbe5,0.06090841769820013,0,Low
ba2d2a9b16,0.06402709517842457,0,Low
ba2f500288,0.07248287049975619,0,Low
ba2f805344,0.15364556882050007,1,Low
ba32b03563,0.09117421004734381,0,Low
ba38dd5145,0.16611137307035884,1,Low
ba3b0696c6,0.08007311720327706,0,Low
ba3b80cbd8,0.38544716802133355,1,Medium
ba44504921,0.25928538181338273,1,Medium
ba455b315b,0.05468862226946169,0,Low
ba4726714e,0.21358446822657984,1,Medium
ba49e14c53,0.190553868182523,1,Low
ba4bf745c1,0.3689942478755238,1,Medium
ba4d7e71df,0.3733032912329896,1,Medium
ba503d94ed,0.12182337346424076,1,Low
ba5370ef4b,0.21387428843067322,1,Medium
ba54fe0c45,0.27699865279894725,1,Medium
ba5d51c14c,0.5471526405501395,1,High
ba5dc0510f,0.04653933264774725,0,Low
ba5f0ff4f6,0.10310719203204051,1,Low
ba5f64451b,0.04440670550161347,0,Low
ba687d5d69,0.028320665445247275,0,Low
ba6f0d6d90,0.10009552597673056,1,Low
ba6f857453,0.057427417735907475,0,Low
ba761ffdd6,0.05508397585461257,0,Low
ba77d07b32,0.21950914778677896,1,Medium
ba7c2db497,0.07103841967069555,0,Low
ba7ff9e0fa,0.08039477900302923,0,Low
ba80ea2952,0.07051142629391888,0,Low
ba82d7183a,0.033542830650119135,0,Low
ba83096dbb,0.1648454267774928,1,Low
ba894ccce2,0.10494237090843704,1,Low
ba9d1b6396,0.2671557882125085,1,Medium
baa8b02571,0.07347572530442116,0,Low
baafb04b95,0.017912305430034834,0,Low
bab5d00234,0.10525632831133334,1,Low
bab6da5588,0.04915575800271703,0,Low
bab7cddb04,0.2800867596626456,1,Medium
babbdcce54,0.5269015155353333,1,High
babd81f39e,0.03955945987167489,0,Low
babfc3b990,0.11825445200279443,1,Low
bac4b82911,0.10287971078938667,1,Low
bac5fff288,0.28145663189682146,1,Medium
bac72e2293,0.03964312830970324,0,Low
bace24a701,0.2107993907864678,1,Medium
bad3713e98,0.030415940669252396,0,Low
bae9e87d3c,0.10176024575239924,1,Low
baea40af76,0.14260600793280748,1,Low
baed1df090,0.4020526221315086,1,Medium
baf34db882,0.0612607980137849,0,Low
bafab4ef84,0.21818106260903325,1,Medium
bafb22ee19,0.050621997228252835,0,Low
bafb28e023,0.10252027280428734,1,Low
bb0213098c,0.09184993107523172,0,Low
bb03fa3fc8,0.19829929038377234,1,Low
bb054b77bd,0.0736689887748359,0,Low
bb07e0cb8a,0.09065560124712162,0,Low
bb14743898,0.15473967538864403,1,Low
bb159a2b09,0.17824980130176013,1,Low
bb18029989,0.09650483433865413,0,Low
bb1bf2754e,0.038806619469644206,0,Low
bb1dbf788f,0.034837879432199445,0,Low
bb204f3ef5,0.14090885023098854,1,Low
bb28032559,0.06660425075017329,0,Low
bb32f15b0f,0.14960344492573766,1,Low
bb3c134215,0.2859023514581789,1,Medium
bb3c23f291,0.18513558392263754,1,Low
bb40966768,0.08456652779801901,0,Low
bb4c92e58e,0.03297792109332673,0,Low
bb4fe1fcdb,0.317862338913905,1,Medium
bb50606fa1,0.39660436779702635,1,Medium
bb5695c913,0.06484145073110653,0,Low
bb56c99721,0.04692960097098814,0,Low
bb58332b3c,0.12544401026005564,1,Low
bb59c0df0b,0.09428067254472618,0,Low
bb5fef12eb,0.05889304704375656,0,Low
bb60cb9f0c,0.22050889312606345,1,Medium
bb6312982e,0.262670462784912,1,Medium
bb6cb610df,0.056833357714409095,0,Low
bb6d618006,0.1635226550223579,1,Low
bb6f8fa1d1,0.07494378543238289,0,Low
bb6fc5f332,0.07155411737924083,0,Low
bb70b29f08,0.11062291452988152,1,Low
bb70d44596,0.09827871235643701,0,Low
bb7b70a52e,0.11545296040913779,1,Low
bb7c0c0b91,0.26480482456817533,1,Medium
bb845932be,0.3653325394082317,1,Medium
bb846f800a,0.3130666584134118,1,Medium
bb84d26794,0.22323950315713006,1,Medium
bb85514400,0.053243829118729866,0,Low
bb86888236,0.06757811286874543,0,Low
bb88d4add0,0.08449214965539997,0,Low
bb8a687343,0.038614251988906355,0,Low
bb8ba302e6,0.036962913041915936,0,Low
bb8e01a33e,0.04768097733186532,0,Low
bb8e3d55a7,0.05892446130055555,0,Low
bb8f759f45,0.15344340340151955,1,Low
bb923f6b17,0.1983768066954031,1,Low
bb95e2a470,0.06323870965979447,0,Low
bb97ed8f45,0.12713623046566086,1,Low
bba0326f67,0.07617958253203441,0,Low
bba8a956e4,0.08940067537624123,0,Low
bba8eebd2b,0.04788970650219425,0,Low
bba91c89c6,0.1566629360567933,1,Low
bbaed1493e,0.15271595365326762,1,Low
bbaf7085df,0.026165765589786394,0,Low
bbaf822f7c,0.05407685979017807,0,Low
bbb0afdd53,0.2054440232640865,1,Medium
bbb610dc9a,0.13490863961148003,1,Low
bbbe6bfc80,0.057736068366542374,0,Low
bbbf68271d,0.06324250866364041,0,Low
bbc1d64179,0.1326547230924382,1,Low
bbc2ec1b5a,0.14337480511414885,1,Low
bbca36580a,0.17508051337359407,1,Low
bbcd5d1a23,0.015263202768015195,0,Low
bbce093e7c,0.16864198367631578,1,Low
bbcf8ae3f7,0.07859568262739147,0,Low
bbd5760f61,0.5109341662625061,1,High
bbd6c6ae7d,0.07740287772015535,0,Low
bbd83ad592,0.144998480706895,1,Low
bbd851de79,0.03671495569874871,0,Low
bbd8920e16,0.14197921986956483,1,Low
bbdc1af7dd,0.05175805168225787,0,Low
bbe37dcc28,0.4894357690412276,1,Medium
bbe785db94,0.1292101891569245,1,Low
bbe82846ca,0.36378417963564325,1,Medium
bbe84850fb,0.03269121363216044,0,Low
bbe98bed1c,0.09378622623068525,0,Low
bbeb68ccae,0.19805839245835316,1,Low
bbec872619,0.08663355260913215,0,Low
bbf8bcafd7,0.30015360815590536,1,Medium
bbf9f2755c,0.13026051744473394,1,Low
bbff7f0477,0.05892545716495801,0,Low
bc0d1a5cf7,0.2146587252501793,1,Medium
bc18d248fe,0.05053799565857423,0,Low
bc1c4cbb2a,0.21691789500294031,1,Medium
bc1f580a1f,0.07575680412951565,0,Low
bc25e74af1,0.2081019396823645,1,Medium
bc2944f42c,0.14355893727813787,1,Low
bc2b3e354a,0.032651507748784545,0,Low
bc2cedd4fc,0.08625190798957544,0,Low
bc2d143eba,0.11301465278024558,1,Low
bc2d85753e,0.2007474017878488,1,Medium
bc309e460d,0.09469782076853264,0,Low
bc3551dd48,0.04161735963308992,0,Low
bc37f3740b,0.14955405327353427,1,Low
bc43ef86c0,0.14503444780118716,1,Low
bc4ae7fc04,0.12194846848299587,1,Low
bc4d489e6f,0.03646662985200234,0,Low
bc54502b99,0.3295912497382594,1,Medium
bc55830a01,0.2137574835371732,1,Medium
bc55d4dd46,0.0663365801274868,0,Low
bc56da9915,0.09456542070730226,0,Low
bc5811179c,0.04698827496855239,0,Low
bc5b8bee42,0.047547837556615624,0,Low
bc5e28f33a,0.15126778205376462,1,Low
bc5e2fe17f,0.07102871084415131,0,Low
bc675b7cb6,0.0860789941336825,0,Low
bc6b387dc0,0.10366714200758129,1,Low
bc6bc5419c,0.3776539202155145,1,Medium
bc6dec342d,0.20145782933019826,1,Medium
bc75c1ef8c,0.14136780943317367,1,Low
bc765b489e,0.2660533915064821,1,Medium
bc7f2ea587,0.07157144089839601,0,Low
bc8430e479,0.028702929638806714,0,Low
bc86afea1a,0.048090785656260744,0,Low
bc89ce32c6,0.19385043768168733,1,Low
bc8a3011b2,0.07119791426765693,0,Low
bc8cc226ea,0.041405076788887,0,Low
bc972adc33,0.08105204146645072,0,Low
bcaece432f,0.10018572051925442,1,Low
bcb1f0ae38,0.1540083031288249,1,Low
bcb20ae67e,0.21808494234242493,1,Medium
bcb2255af0,0.3506398907808269,1,Medium
bcb3f07871,0.05500363989208861,0,Low
bcb986911e,0.1603549499310589,1,Low
bcb9aa0225,0.10990119315665522,1,Low
bcbb6ec65a,0.08862599774896633,0,Low
bcbff4e665,0.03378434923808312,0,Low
bcc03ca44a,0.1070863395481722,1,Low
bcc154f82b,0.05726261240465983,0,Low
bcd11c3142,0.050211760016911126,0,Low
bcd2007c43,0.04592455387535925,0,Low
bcd4027a9b,0.0623887152159672,0,Low
bcd83a6458,0.18511499412086885,1,Low
bcdb893768,0.12167858834873961,1,Low
bcdceb8b58,0.2669801339719935,1,Medium
bce14dc2de,0.0632979578705674,0,Low
bce246a71c,0.09641692178312444,0,Low
bce2793cad,0.18352297473022,1,Low
bce3d9f3ce,0.09832842763712724,0,Low
bce4ba5d6e,0.587329770757514,1,High
bce8e2ba83,0.1852770565329471,1,Low
bceaf76d3a,0.15149013372028275,1,Low
bcef57e7e9,0.0847186274453193,0,Low
bcffc8a456,0.02321049197618863,0,Low
bd01d6a40a,0.050647907040147155,0,Low
bd05f5247e,0.10763471617762725,1,Low
bd0c1bdeb5,0.2680705331696547,1,Medium
bd183089eb,0.07980979214995335,0,Low
bd1cfe2b81,0.07053477257421947,0,Low
bd26462e5d,0.2578286218038621,1,Medium
bd2676e909,0.06620842300583858,0,Low
bd27d2c827,0.06587291731068677,0,Low
bd2d0345f0,0.31902831760204137,1,Medium
bd38ec991a,0.10897216153226179,1,Low
bd39d105d4,0.028702356654039547,0,Low
bd3b3af17b,0.11867900326417995,1,Low
bd3b713805,0.029060109630465052,0,Low
bd4ee43c94,0.2497564588625092,1,Medium
bd5aba6d9b,0.07897034378495014,0,Low
bd6bd53551,0.2242652388536759,1,Medium
bd772467e8,0.10583079748799308,1,Low
bd797e183c,0.08507781215155255,0,Low
bd7ea123b3,0.4683561023465542,1,Medium
bd7f522513,0.09961083074890845,0,Low
bd81bf2c26,0.033819636022344834,0,Low
bd858e5086,0.07611994373952331,0,Low
bd8a21454d,0.05107784002428929,0,Low
bd926226ee,0.1042063747875041,1,Low
bd93828812,0.050491719637090475,0,Low
bd9c53c0e6,0.1309692470943015,1,Low
bda04d5306,0.08517017687667433,0,Low
bda3a70b32,0.16567050563752114,1,Low
bdac1c74c7,0.26390983113310645,1,Medium
bdad45f644,0.13083856611427505,1,Low
bdb0da9e85,0.0807128778936876,0,Low
bdb31d6ead,0.04271497542090519,0,Low
bdb321bf6b,0.08822915718923781,0,Low
bdb3304143,0.13188485500949262,1,Low
bdb350d1c8,0.8583044586525099,1,High
bdb37a43c2,0.24219221667803242,1,Medium
bdb41b5506,0.12786568238745408,1,Low
bdb55c9271,0.1322055326371392,1,Low
bdb62d3b5e,0.07317057287331322,0,Low
bdb942fb1c,0.11858903513400536,1,Low
bdb9f314d4,0.1016003807002124,1,Low
bdc4c2d339,0.04167953873566548,0,Low
bdcc1e52fb,0.15077583568557595,1,Low
bdccecb0a8,0.11273921047712925,1,Low
bdcf3facd8,0.025649769203684128,0,Low
bdd209458e,0.06284115420549964,0,Low
bdd6c335ce,0.05809127309717062,0,Low
bdd6e34c98,0.09824032348296691,0,Low
bdde0109b7,0.0678218446964698,0,Low
bddf89c7e1,0.03135125948932565,0,Low
bde2afb03b,0.09225739684310545,0,Low
bde5c05d17,0.06339624879533971,0,Low
bdea0f6fb4,0.19029692080225574,1,Low
bdeb0553fc,0.20332155221746104,1,Medium
bdf0af3257,0.10274060679744025,1,Low
bdf23e9773,0.2055674040956989,1,Medium
bdf75ed014,0.09508661128168801,0,Low
bdf9354a5b,0.05666331417137773,0,Low
bdf9c16768,0.17331830708239174,1,Low
bdfabb658e,0.018844154793011377,0,Low
bdfdee7e6b,0.0781226526740594,0,Low
bdffd7c7c4,0.1488357058915088,1,Low
be01268ef5,0.12582449255807743,1,Low
be0326734b,0.06380605639554505,0,Low
be177246e1,0.04700486102316222,0,Low
be1827ffb4,0.11658945128258613,1,Low
be1abc1c95,0.47978089264852825,1,Medium
be1da68d31,0.2478266932439532,1,Medium
be1f41ed02,0.07160211570168835,0,Low
be28dae688,0.194027057823364,1,Low
be2cd3ea72,0.31124530699008734,1,Medium
be2db8537b,0.1180315716911146,1,Low
be30009ef1,0.04298157007351613,0,Low
be3c943a47,0.09973337430790964,0,Low
be41c8fe78,0.10065669268496256,1,Low
be438d431d,0.17710406393000286,1,Low
be45b5dcd5,0.038708900510019795,0,Low
be47cad837,0.10446817273579,1,Low
be53b31865,0.20574910548007252,1,Medium
be59b1f4e5,0.16135587309910931,1,Low
be5dabadaa,0.057501804792002245,0,Low
be5e628d54,0.06303582024249899,0,Low
be60f19104,0.08686387527939035,0,Low
be63fea659,0.13167050492556598,1,Low
be662bcc1e,0.04551626996995437,0,Low
be6bb96fcd,0.02859737232269978,0,Low
be6d7064b3,0.1739205282321435,1,Low
be6e00e107,0.1064498138305333,1,Low
be71364c25,0.018519717158819275,0,Low
be719ade11,0.3189306340575448,1,Medium
be72d6b9a0,0.2020070557490959,1,Medium
be75d0dcf2,0.053265781663766824,0,Low
be7cb1f4ee,0.43558285943245983,1,Medium
be7f94e81a,0.16438469813642115,1,Low
be801d69e5,0.32516589987287686,1,Medium
be83b5c689,0.12168890206571681,1,Low
be86ab1ef5,0.03538198825488185,0,Low
be86b9e870,0.10934696405884368,1,Low
be8c2dc47c,0.13408797394446217,1,Low
be8e3bb83e,0.0442256899656665,0,Low
be8e50050c,0.07029196936339539,0,Low
be9449d8b3,0.1721106163642402,1,Low
be9773b8d6,0.14154705780321242,1,Low
be9923b635,0.1008264200529214,1,Low
be9a709159,0.10407969710803196,1,Low
be9c4ede69,0.12081234969012085,1,Low
be9e18bd50,0.13057072926573807,1,Low
bea49d8a30,0.13100214139092012,1,Low
bea83614da,0.09836305629538843,0,Low
bea8936b07,0.1708344136148562,1,Low
bea97b7539,0.16762481950720787,1,Low
bead0237d7,0.03220027344929671,0,Low
beae18db6d,0.25160680044750344,1,Medium
beaed26ea8,0.038855270058168946,0,Low
beb0616819,0.11036564809422265,1,Low
beb4e43ca3,0.11976939009768865,1,Low
beb8676e25,0.021263386445877625,0,Low
bebaacc028,0.6637589612280707,1,High
bebcd26641,0.17120382926801359,1,Low
bec1bb455f,0.06688609897098256,0,Low
bec1c0e50f,0.0685645059674164,0,Low
bec97d5b00,0.14403110789696116,1,Low
bec9b03ee7,0.17376708592857223,1,Low
becdb73e86,0.04896297017890078,0,Low
becfad483d,0.06899517842381106,0,Low
bed1f2e967,0.04853015674120957,0,Low
bed3189582,0.14192473068239161,1,Low
bed3c6c65e,0.17634305098263062,1,Low
bed61b4d45,0.19227096235575603,1,Low
bedcd47dfa,0.18861053481609358,1,Low
bedd37ea97,0.14459174124847982,1,Low
bedf21d591,0.09287452751891354,0,Low
beed8039bb,0.13758983797617244,1,Low
beedbd86b3,0.2087191326441745,1,Medium
bef21e3e30,0.11491388309977635,1,Low
bef436e8e0,0.1449951011832059,1,Low
bf09e63a5a,0.15248302761965954,1,Low
bf0e4e7c44,0.030649982259271867,0,Low
bf0fc9dc95,0.06049595244970924,0,Low
bf10154492,0.06489890440393145,0,Low
bf10732bb8,0.026922514911540556,0,Low
bf149dc09f,0.16843919636361426,1,Low
bf178e465c,0.06706017923688126,0,Low
bf18d88681,0.15580883616596075,1,Low
bf19eaa33f,0.043129145627716366,0,Low
bf1aae5a45,0.08219642450012622,0,Low
bf1c9e1265,0.19977391612176804,1,Low
bf1d978706,0.07459543232399755,0,Low
bf20027d4e,0.11328680665948718,1,Low
bf2040a5b3,0.03913226105864635,0,Low
bf23098b0e,0.16234450794918523,1,Low
bf242c97f3,0.04986763890822915,0,Low
bf255778c5,0.2625021224784078,1,Medium
bf2c7f5d55,0.18085000107960017,1,Low
bf37ac7d6e,0.06488442896108156,0,Low
bf39f14179,0.04141890523845877,0,Low
bf3a7daa85,0.02435363766836172,0,Low
bf3e12998f,0.14394022348645155,1,Low
bf3fdec2ff,0.09939280680035108,0,Low
bf4e368d14,0.08326854162362009,0,Low
bf59116d1c,0.02331536696564602,0,Low
bf5929b6ff,0.09529382435655243,0,Low
bf5ea773ed,0.04985774576379115,0,Low
bf6962f963,0.08037328731857826,0,Low
bf6a3be386,0.0706245051349361,0,Low
bf6b1d0c86,0.037431837606024726,0,Low
bf6fba2e71,0.030342747800716857,0,Low
bf71a916d7,0.06806286237610626,0,Low
bf72aa7c74,0.09486092344954987,0,Low
bf7a2491c8,0.1452478790421924,1,Low
bf81c1a5b3,0.06294837769392872,0,Low
bf82716eac,0.054676109295098675,0,Low
bf82ea8ccf,0.10084152081818565,1,Low
bf8784e3b3,0.11446032892056883,1,Low
bf89568063,0.07524783224034241,0,Low
bf8d86dd2e,0.09333768332022935,0,Low
bf91ebcdd1,0.13794621148778222,1,Low
bf91f32e2d,0.1259214872688287,1,Low
bf93ebacd4,0.059929096535413263,0,Low
bf940c8094,0.08004336953036248,0,Low
bf9565fd32,0.037934162961897507,0,Low
bf965fc957,0.07354370776188107,0,Low
bf96c30443,0.04691682587193279,0,Low
bf98ce2505,0.2541228760496445,1,Medium
bf9e4998a9,0.6321738823388675,1,High
bfa09ec9ee,0.1130090249498612,1,Low
bfa4609872,0.15423231861555653,1,Low
bfae19f6d8,0.216341930426504,1,Medium
bfaf941548,0.6698956646508526,1,High
bfb4a09bf8,0.02661519882110229,0,Low
bfb68d42da,0.1700827835841292,1,Low
bfb9b1084c,0.13096684593540386,1,Low
bfbe0adf9c,0.047213528470716686,0,Low
bfc83eade5,0.10352942704456623,1,Low
bfcac93bc3,0.045160174763939825,0,Low
bfcc96526b,0.03988216900493007,0,Low
bfd193c540,0.18777563810010145,1,Low
bfd269ac1c,0.03474633373411805,0,Low
bfd2dad79f,0.03992437737642302,0,Low
bfd56230cf,0.06321669603024152,0,Low
bfd786e9e1,0.12554199103170816,1,Low
bfdb3e50ee,0.07342129651160548,0,Low
bfe3a08bc6,0.40714738524482097,1,Medium
bfe4334460,0.1602672956044244,1,Low
bfe7489214,0.16504549491316875,1,Low
bfe92c56ca,0.48498222937438973,1,Medium
bfea2c3f55,0.1163027824021408,1,Low
bff0b9d9de,0.07278272875036389,0,Low
bff35f75b0,0.014886213871188637,0,Low
bff40aea65,0.06734415494325563,0,Low
bff72c00a6,0.12449603330023201,1,Low
bff7d2dc0f,0.13780886912025905,1,Low
bff98418e9,0.06538198032670109,0,Low
bffa75c63a,0.2030519934111089,1,Medium
bffaa254bc,0.14925779686979654,1,Low
c0023bd166,0.2371858014939822,1,Medium
c0040ac870,0.06527940097081593,0,Low
c00c976078,0.07352733761771996,0,Low
c00fa98561,0.15084836734494064,1,Low
c0137eeb17,0.138253081310441,1,Low
c013cc129a,0.131048059277755,1,Low
c016ac2f8b,0.22831809694844316,1,Medium
c01a08d136,0.03235899802860778,0,Low
c01ae7ed6d,0.17878793853962896,1,Low
c021f10184,0.33712199786789215,1,Medium
c02246f169,0.16140275091139025,1,Low
c0234002d2,0.4380019235408285,1,Medium
c02340352d,0.11642287050292294,1,Low
c02872c50d,0.15291025924842525,1,Low
c02fe20d07,0.3775772424450821,1,Medium
c032874e0a,0.12272018877635314,1,Low
c03409dead,0.2139054207770315,1,Medium
c036a7cf32,0.34468882386813204,1,Medium
c03952ad97,0.04795931329422983,0,Low
c039989270,0.13942218476637944,1,Low
c03b07d922,0.057423125986315,0,Low
c03d2e1f6e,0.08387059802861149,0,Low
c03e3e2d04,0.047775340718748824,0,Low
c03e7a97e5,0.18186154492710596,1,Low
c04118253c,0.06471054610382802,0,Low
c041885d1b,0.21833182449967903,1,Medium
c047bb3e1b,0.10681911731680555,1,Low
c048811cf1,0.03994193758967602,0,Low
c049258868,0.16993334500429774,1,Low
c04ba42b4b,0.2138544269963187,1,Medium
c04c801c68,0.07253858776012155,0,Low
c052faa38a,0.0814704103547596,0,Low
c055caa64e,0.18820920937482874,1,Low
c057db7402,0.5288089158693083,1,High
c057f0f104,0.09783498974345074,0,Low
c05fe15f3a,0.171066199538636,1,Low
c064ae0da0,0.16290687826202493,1,Low
c06a6d7a6d,0.09603967967443743,0,Low
c06cea8d44,0.06508482981334963,0,Low
c06ef8abf1,0.10042086711774971,1,Low
c073a34250,0.2598858966010268,1,Medium
c075cb70b9,0.23542872063351647,1,Medium
c076adf827,0.3864627697320484,1,Medium
c076f70f0f,0.35162934760694736,1,Medium
c07af0b92d,0.22146329014062854,1,Medium
c07cc4fba0,0.08436076253275937,0,Low
c07e3c512b,0.22844271261146715,1,Medium
c07f0174e0,0.0385238947746241,0,Low
c083b6bb1c,0.03437012242896983,0,Low
c08947ff46,0.08820894479857329,0,Low
c0a214d7ee,0.08949415597108715,0,Low
c0a615653e,0.1788928257414601,1,Low
c0a7d47545,0.29865690835171627,1,Medium
c0a9b07df0,0.06824100724521692,0,Low
c0aea40436,0.11266321975366424,1,Low
c0b19dbc6e,0.14700500339160574,1,Low
c0b442d238,0.10768876019072542,1,Low
c0b8ecdc23,0.3417404451522244,1,Medium
c0bc3cce23,0.2276114339569089,1,Medium
c0bf42e039,0.028051669119137004,0,Low
c0c374c7c6,0.057056548500161654,0,Low
c0c49930f7,0.12397127333189951,1,Low
c0c5c87eab,0.033385812348426004,0,Low
c0c7c1959f,0.18103802059683674,1,Low
c0caa492ba,0.13052057366760428,1,Low
c0d23a9b90,0.06056226089325216,0,Low
c0d3046adc,0.044184020641990195,0,Low
c0d3127852,0.03525294001242239,0,Low
c0d3ba0c0e,0.1411241378202435,1,Low
c0d669806d,0.16090987306483887,1,Low
c0dd02a88e,0.068897685504302,0,Low
c0ddbe3c52,0.13452689762988823,1,Low
c0e51bb755,0.07330797590454152,0,Low
c0e63fbc69,0.08248802794816548,0,Low
c0e6a14cf7,0.26870786059361507,1,Medium
c0e6ef2fa5,0.24721726107312042,1,Medium
c0e88d4cc0,0.07400944729350527,0,Low
c0ea7680bf,0.3449569985145072,1,Medium
c0ef1eb6bc,0.07178365648584746,0,Low
c0f10f0787,0.03775870561293522,0,Low
c0f2abf47c,0.08405102573058687,0,Low
c0f60329bd,0.039046420271717855,0,Low
c0fe9590cc,0.08981961613878152,0,Low
c104c1a68c,0.16163751610833357,1,Low
c1080dd697,0.0638083912346325,0,Low
c109721451,0.04068591371013363,0,Low
c10ce47051,0.04680935635511185,0,Low
c11753cf5c,0.1399003458970954,1,Low
c1181476ca,0.3894328990520481,1,Medium
c11a3aaaa4,0.1393484784250927,1,Low
c11eea47d1,0.0665922455658782,0,Low
c1218a0f88,0.29835253646557097,1,Medium
c122c6d83a,0.05003691949923779,0,Low
c126d75ed4,0.049113833565029234,0,Low
c12925eaf1,0.023166616079803744,0,Low
c12b4bfc86,0.15989407072509532,1,Low
c12b86cbe2,0.04908931612442409,0,Low
c12dfa5438,0.09539796904398765,0,Low
c12f28b281,0.11190785508704089,1,Low
c132227857,0.03377117422495878,0,Low
c1332c49be,0.05979701999248738,0,Low
c13bb72857,0.09604498908422296,0,Low
c13d363d7c,0.13558570628062425,1,Low
c13fdace13,0.4632248755884101,1,Medium
c141366bf7,0.07421158003768161,0,Low
c1419ca3f8,0.02327506838857645,0,Low
c142babc9a,0.19320878375786577,1,Low
c15358286c,0.1933070898980182,1,Low
c15810d412,0.032687952037905504,0,Low
c15d839ce2,0.169833960427213,1,Low
c16296a34c,0.31013004496276386,1,Medium
c1658b3fb5,0.02954043842884509,0,Low
c16dd31750,0.13236633549341764,1,Low
c172332eba,0.03475331661844549,0,Low
c17368645f,0.1745469857508869,1,Low
c177b951a3,0.17411051353038642,1,Low
c1793f9d37,0.05873798130789328,0,Low
c17b113772,0.17170205779977418,1,Low
c17d164221,0.12267109968624301,1,Low
c17f0f2ea3,0.4789507228396155,1,Medium
c17ff1bf51,0.452101823436622,1,Medium
c1808b4369,0.13285029715274743,1,Low
c183a7b887,0.04889910048948558,0,Low
c18d204afc,0.056835615017889314,0,Low
c190a08f09,0.08024689440668151,0,Low
c19382f400,0.0988328867675661,0,Low
c1948812ee,0.05965363919961622,0,Low
c194beae06,0.03153763686548767,0,Low
c19544bd39,0.08976299026117554,0,Low
c1976f794a,0.056274203028616444,0,Low
c19d908dc9,0.13526734643375937,1,Low
c1a57bf324,0.12327945894080655,1,Low
c1a9a78f4d,0.5449704083326072,1,High
c1ac39aae2,0.061012529913048966,0,Low
c1acff0281,0.1241261819783605,1,Low
c1b4cf6b1f,0.04825492978908253,0,Low
c1b5c53ca5,0.057072095320136684,0,Low
c1b97ff582,0.07354414592540774,0,Low
c1bbee5a88,0.0416018138071253,0,Low
c1bcb03ac7,0.029760531463791456,0,Low
c1bce0ff30,0.1196464699743377,1,Low
c1c03129b6,0.07753407600568134,0,Low
c1c050b4af,0.020687920574110695,0,Low
c1d2206095,0.06331158482988437,0,Low
c1d26d1f70,0.03766044541024943,0,Low
c1d63d34b2,0.09852006306524688,0,Low
c1d80df99a,0.04935001683315682,0,Low
c1e444cadb,0.1401565512051754,1,Low
c1e7cb248d,0.06291575859560583,0,Low
c1f2ecdc1a,0.2156770295253887,1,Medium
c1f795a3a3,0.059088153558293444,0,Low
c1fad5ecd8,0.03556890569147675,0,Low
c1fad8f42b,0.16932191274381356,1,Low
c1fb513155,0.5497790095390637,1,High
c20276bd52,0.10840814060824137,1,Low
c2035ba849,0.5093956775221882,1,High
c2086a9230,0.41545083877362304,1,Medium
c209bdabb5,0.16271427067935063,1,Low
c20c3ed567,0.48225044343264667,1,Medium
c218e9b560,0.19172370996098578,1,Low
c21a6c6aa1,0.23538374613858476,1,Medium
c21f2b42b8,0.29343345391088427,1,Medium
c226725f54,0.21864296050574145,1,Medium
c22684625c,0.18422585996342847,1,Low
c23759b3c3,0.12721025627944563,1,Low
c2383812e9,0.09044467935731351,0,Low
c23af53be5,0.10168679018346236,1,Low
c23bd2fdee,0.04570088517350999,0,Low
c23e9711e7,0.06428959479990005,0,Low
c240619dfc,0.13738922381335703,1,Low
c241702ac3,0.15624539763617562,1,Low
c241ad8831,0.08975324617779278,0,Low
c244fbeadc,0.14950033788490036,1,Low
c248479c7d,0.055786938170578886,0,Low
c24b30c52f,0.019120418002552535,0,Low
c25a05c782,0.0579579906050244,0,Low
c25ccb567d,0.043075095414547626,0,Low
c25ea89d1d,0.150024281182845,1,Low
c25f3a06e0,0.1664466874990062,1,Low
c25f8db307,0.1452153671210306,1,Low
c2655f5e4e,0.03147872860702026,0,Low
c266e021b9,0.05751218995587305,0,Low
c26733ecb3,0.03740653732437246,0,Low
c26c2e7896,0.13942210421365933,1,Low
c26fa270ee,0.02734758782030328,0,Low
c276430756,0.08003915667598532,0,Low
c27877e8be,0.09547327870741627,0,Low
c278da7266,0.1334078601758642,1,Low
c279b578b0,0.13820916999210103,1,Low
c27e9f7223,0.16967946479805893,1,Low
c283ff77a2,0.24348769359085276,1,Medium
c285694184,0.19515614337667384,1,Low
c2870748b2,0.3490100585066156,1,Medium
c289dd0aa7,0.054270072564089444,0,Low
c28ace3d0b,0.04637290719992434,0,Low
c28d54e3b5,0.3901590589570955,1,Medium
c290274a63,0.046812179563997,0,Low
c29396f1b9,0.06592931905438484,0,Low
c2952e25d0,0.14164857197779654,1,Low
c29a701f55,0.2790796181815706,1,Medium
c29aba523a,0.10554389454024328,1,Low
c29fdd7a04,0.1442034235225985,1,Low
c2a1ccb61c,0.0680239439607978,0,Low
c2a3f0fa15,0.14812487043016753,1,Low
c2b03d0502,0.07861091918398581,0,Low
c2b1b4ce86,0.05426902846933035,0,Low
c2b2e80bec,0.09508078129126014,0,Low
c2b64162cd,0.061085074018322964,0,Low
c2ba62d4fc,0.6145323731253964,1,High
c2baf86597,0.05680608458334963,0,Low
c2bb14fc0f,0.09122743121781818,0,Low
c2bc48a3d8,0.11352225337744855,1,Low
c2bc57b223,0.07818343065937877,0,Low
c2bfc2ae94,0.06297448267459375,0,Low
c2c005b240,0.1066524755294668,1,Low
c2c7754063,0.1000492861152288,1,Low
c2c86cea0f,0.03601533365184225,0,Low
c2c87621be,0.19431940846981705,1,Low
c2ce77112c,0.15466093506901346,1,Low
c2ce963174,0.6957446272207126,1,High
c2d5e2b3ba,0.09873379134416563,0,Low
c2d9d71d89,0.09490715671874612,0,Low
c2df4122d6,0.279191330951145,1,Medium
c2dfd454fe,0.013369058667282371,0,Low
c2e089134d,0.16166420907174142,1,Low
c2e3db67f7,0.19164123751528725,1,Low
c2eaedf95d,0.07870834379660216,0,Low
c2eb18ad9d,0.14826763981522495,1,Low
c2eda04c0e,0.048939358506344115,0,Low
c2ef3abacd,0.07411874023954967,0,Low
c2f1e8f0ab,0.03147063515729743,0,Low
c2f8bb013a,0.029809675963926065,0,Low
c2faf8bafc,0.23018632906916547,1,Medium
c3026a4f08,0.053044550213750555,0,Low
c3029b055b,0.04676564801388747,0,Low
c309589207,0.25951085219364606,1,Medium
c30abc0584,0.03603578875840903,0,Low
c30b2b35ad,0.07278284234957595,0,Low
c30bb2c6e3,0.032604429020175935,0,Low
c31947152f,0.04363324474022735,0,Low
c31ec63728,0.23928039068919238,1,Medium
c31ff640d2,0.09769843725390039,0,Low
c320f61cc6,0.26671411558699926,1,Medium
c32338074d,0.1712305223966604,1,Low
c324d3f05f,0.12855629618804112,1,Low
c328b6eb6e,0.12482779374147836,1,Low
c329c2cdc7,0.031439672461913135,0,Low
c33a266a64,0.05424744330116465,0,Low
c33d862cd2,0.028578692180225535,0,Low
c34cf3dfa0,0.07807646712190132,0,Low
c34e6c4bb1,0.13859359441679872,1,Low
c34f202023,0.1340997472850264,1,Low
c355eeb487,0.03188374876467778,0,Low
c3575ae393,0.10257590844095496,1,Low
c3593dae9d,0.2353761124873736,1,Medium
c35bd804a3,0.037634715473282676,0,Low
c35bf4b85e,0.1784270877583573,1,Low
c35fafbd4b,0.031418906333530755,0,Low
c36284f4e0,0.24503186928424356,1,Medium
c36d1f60f7,0.04471897284662735,0,Low
c36e7ddb07,0.08132059899515588,0,Low
c36ec20a47,0.030172317248386,0,Low
c371deb1ad,0.1693789660107494,1,Low
c376365419,0.1015365942886103,1,Low
c37afdc22c,0.05347052969680743,0,Low
c3803f15d7,0.23312422519234624,1,Medium
c38a69d610,0.201143767942476,1,Medium
c38cec49be,0.07607682315660161,0,Low
c39844cb2b,0.21820585841815499,1,Medium
c398dc173a,0.5441189433301614,1,High
c39cacc59f,0.09708982660817113,0,Low
c39d7a5808,0.07539976969131276,0,Low
c39deadecb,0.0492037123578567,0,Low
c39ef62614,0.1043467860864763,1,Low
c3a7473e0a,0.07847392291833014,0,Low
c3ad04855a,0.11108266262725604,1,Low
c3b18bc07a,0.23663706496411707,1,Medium
c3b8da72b5,0.054763560704277,0,Low
c3bc3e8c42,0.08780656813863118,0,Low
c3bc65272d,0.6607800783467096,1,High
c3bd2f05d4,0.28284358789649333,1,Medium
c3be55b1b8,0.14407022651437107,1,Low
c3bf509b42,0.08355220855938969,0,Low
c3c571a15f,0.013490382005295601,0,Low
c3c88c72b5,0.11769489559586586,1,Low
c3ca9f13b4,0.26919278101285476,1,Medium
c3cf9d918f,0.21509566630172888,1,Medium
c3d97532d4,0.1150645393013693,1,Low
c3dca1935f,0.09849796418778906,0,Low
c3dddb192e,0.03178586742858169,0,Low
c3e7d8ccc5,0.10424761054106967,1,Low
c3e8b08fb7,0.03790173596980012,0,Low
c3eab81e89,0.4304101501395631,1,Medium
c3eb81d470,0.03232136284372104,0,Low
c3ecd19035,0.0683160037175068,0,Low
c3f20ea09a,0.10510157507750226,1,Low
c3f3851ac6,0.06126786279835215,0,Low
c3f763cdef,0.10784205685997539,1,Low
c3fe26f411,0.1640701902644373,1,Low
c400be2bc0,0.024497513070657412,0,Low
c408d0a4ce,0.39972936767799366,1,Medium
c40a6fbfdb,0.12320277582388531,1,Low
c40b44826f,0.22629385904683347,1,Medium
c40b886ba9,0.07153839951637994,0,Low
c4127e6fa8,0.1630010642188724,1,Low
c41582ef5a,0.1469500839838038,1,Low
c41d626ef7,0.15754281161613098,1,Low
c4200783f6,0.1258636870684365,1,Low
c421beeced,0.1262387595368364,1,Low
c42314f01a,0.05894556898339555,0,Low
c4239fa892,0.1594275882156964,1,Low
c427969e92,0.20993803638655348,1,Medium
c42b118121,0.30225618182559283,1,Medium
c42e789c4a,0.04009224564777587,0,Low
c42ec438f5,0.12194418053033522,1,Low
c4301856ed,0.14512036980140708,1,Low
c430660bbb,0.18431398129804324,1,Low
c432cf53f2,0.18519395502538716,1,Low
c44602557e,0.06496696111417356,0,Low
c4469b732f,0.12906663004037597,1,Low
c44881bbd3,0.07335784113680088,0,Low
c44c25199c,0.3870900433113867,1,Medium
c44ffdd965,0.17805259421853364,1,Low
c4548048ae,0.12898369916534774,1,Low
c454c55cb5,0.0955939790351102,0,Low
c459c23d4d,0.08014620325310434,0,Low
c45b2531fd,0.08612030509918986,0,Low
c4615604f8,0.018246782208805715,0,Low
c46488dafd,0.04393107335817459,0,Low
c465a1e07f,0.08612368313275363,0,Low
c46890a856,0.29935005773309553,1,Medium
c46bc3c029,0.08934001653946345,0,Low
c47b03725a,0.08797212947408636,0,Low
c481b45b7f,0.1736111686215094,1,Low
c484e13c56,0.15158054325628395,1,Low
c4893586b1,0.08409883465984766,0,Low
c48d4feed3,0.13262909119034993,1,Low
c48e075290,0.16030075933947965,1,Low
c492bba6f0,0.06514423156428883,0,Low
c4960ecd51,0.041236568314099074,0,Low
c49917f225,0.08724178286893106,0,Low
c499485a69,0.18930563292348815,1,Low
c4a09c4ea3,0.04215591042954901,0,Low
c4a4f79b10,0.1338523263023246,1,Low
c4b200908c,0.07923612221736923,0,Low
c4b2e86a4d,0.23282540595441567,1,Medium
c4be038473,0.06585128084763149,0,Low
c4c01709e4,0.21714557823194272,1,Medium
c4c0607163,0.07122345237735644,0,Low
c4c1f04f0e,0.06579283854555193,0,Low
c4c7f540f6,0.08721270503002199,0,Low
c4cccbedea,0.14482713336635233,1,Low
c4cd24b4d1,0.13988142323503117,1,Low
c4d1dd1a10,0.03438560321422633,0,Low
c4d36e3022,0.15894702803694316,1,Low
c4dec90e86,0.2908742762479131,1,Medium
c4e3a54a96,0.15879766874268247,1,Low
c4e4c292b3,0.8020667990194065,1,High
c4e83e73c2,0.08651805542787575,0,Low
c4ed523ec2,0.2030132591852529,1,Medium
c4ed8311cd,0.101422621487046,1,Low
c4eeaeed6e,0.0892174552145434,0,Low
c4f2b65b87,0.10035540030555394,1,Low
c4f5b71e1d,0.062076087180438465,0,Low
c505718e92,0.09605052367964344,0,Low
c506b4b541,0.1749836533513157,1,Low
c50c87b9a2,0.1786561676014162,1,Low
c510bae94e,0.02841118166201916,0,Low
c51177d7e7,0.17212677552151465,1,Low
c512132913,0.1445674955869813,1,Low
c51286c1aa,0.329679066243856,1,Medium
c513d3c05a,0.13443163435352878,1,Low
c51556a68c,0.14303564519999268,1,Low
c517e66547,0.1769557435386263,1,Low
c518a41e14,0.028106665056742128,0,Low
c5190daa29,0.028268923664628628,0,Low
c51c91373a,0.07689687378038665,0,Low
c529023a26,0.06586244818313634,0,Low
c52f56bdeb,0.1630724949288052,1,Low
c530f1dfdd,0.04286628410668352,0,Low
c5344de89e,0.08044581077670071,0,Low
c53ab0b87b,0.058523273382923284,0,Low
c53c8c9fe2,0.0669459320855234,0,Low
c53cab9657,0.08123977683566233,0,Low
c5403d72d6,0.1723182358010052,1,Low
c541751515,0.0282283589692829,0,Low
c544eb17c4,0.20457175847499576,1,Medium
c545a911dd,0.23261707114451916,1,Medium
c54769e494,0.13506416372611846,1,Low
c5582b0e4e,0.13102105742817938,1,Low
c55eabe980,0.10053147466725995,1,Low
c560a03e35,0.14577194429923032,1,Low
c5663c985b,0.02650251628836491,0,Low
c56d395b32,0.1427232226515215,1,Low
c56dd539f8,0.2404818342209629,1,Medium
c56fb18ee1,0.03327023180082384,0,Low
c570de242f,0.07961527246007383,0,Low
c572debb6a,0.1997470430465244,1,Low
c579955ce2,0.2097467119225536,1,Medium
c579e9d112,0.12904189737507343,1,Low
c57ca8ebe9,0.0726559907708846,0,Low
c57dca5ca7,0.2342210739773869,1,Medium
c5851d8872,0.06734577031708279,0,Low
c589728bfe,0.08802373451730842,0,Low
c591f9496f,0.04585893843719325,0,Low
c596adbc0f,0.046775845605852275,0,Low
c596ddca87,0.16335050206743487,1,Low
c5978d2dd8,0.42238866451715523,1,Medium
c59980d777,0.11233208651824868,1,Low
c59f1e7e0d,0.23215119654145805,1,Medium
c5a406e53b,0.19902694182904843,1,Low
c5a46ddce2,0.2928793775783514,1,Medium
c5ab4f8698,0.2042047821348502,1,Medium
c5af1e8282,0.2640434398662813,1,Medium
c5b0394f25,0.13320102033284237,1,Low
c5b2e3ee1a,0.13105342832339048,1,Low
c5b45d7939,0.16201649164168103,1,Low
c5b8959470,0.29350967075698037,1,Medium
c5bacdd295,0.033219814649869873,0,Low
c5bb7ed767,0.04042335557949478,0,Low
c5c221a1b0,0.11429485902920161,1,Low
c5c2632b64,0.10690880498337553,1,Low
c5c2b4e75e,0.036745454319156254,0,Low
c5c5d3ade0,0.02737392209389023,0,Low
c5c765b5c1,0.15776542383859418,1,Low
c5cbe7ba22,0.02458363745047726,0,Low
c5cf55f121,0.13406699464930724,1,Low
c5d208e68c,0.4696442633639556,1,Medium
c5d39ed351,0.08917205844116464,0,Low
c5d6950e81,0.04947731423486536,0,Low
c5d86f53c6,0.06714769503555786,0,Low
c5dbbd6c70,0.06493030477863332,0,Low
c5dcf18480,0.08742465183879064,0,Low
c5dd8c1f44,0.0579908904381285,0,Low
c5e3b3ddb9,0.1800491935774377,1,Low
c5e55c8393,0.603613091522569,1,High
c5ed136a84,0.039737970023237604,0,Low
c5f09ea520,0.24736908858589746,1,Medium
c5f1de9e47,0.06807143998549223,0,Low
c5fdba4d67,0.07302699382785593,0,Low
c611da4fc0,0.10777008197225539,1,Low
c615665d4a,0.15765992201046072,1,Low
c615c7184b,0.1414731860902699,1,Low
c615f70b4d,0.24173995995203423,1,Medium
c61d977495,0.1599526243489683,1,Low
c61df7b851,0.1037054092137555,1,Low
c61ef79171,0.13209233358488157,1,Low
c622f980e1,0.07829389840338107,0,Low
c623c241d1,0.08774516005169396,0,Low
c62c55cc44,0.22249090466532584,1,Medium
c6319487b0,0.3479457856779005,1,Medium
c63364d3a1,0.1397765842296078,1,Low
c63619831b,0.06252337304237165,0,Low
c637bf7352,0.08187792261809966,0,Low
c63bf714a4,0.027912668424023568,0,Low
c63c0677aa,0.21901620876782582,1,Medium
c63d9b532c,0.1900990348747111,1,Low
c6423d4bc3,0.08368067353421736,0,Low
c6481aedd9,0.19710513044578207,1,Low
c6482fe464,0.24372732089562998,1,Medium
c648486d67,0.03988982660683045,0,Low
c64dac4c4a,0.056145046765320256,0,Low
c6514324fb,0.12559227178549393,1,Low
c6553ca659,0.127425040054181,1,Low
c655426999,0.10369623222746803,1,Low
c658e49d7e,0.27260769579366484,1,Medium
c659de0209,0.057440871505458894,0,Low
c65d9fce91,0.1730485793750518,1,Low
c65f0c65a5,0.2773427989996791,1,Medium
c6605c5311,0.37125951302549265,1,Medium
c6618afe3f,0.17485797641833783,1,Low
c6629d1fe0,0.03223305981969073,0,Low
c6655fd711,0.4607434145069111,1,Medium
c669c9c10d,0.08752267112414654,0,Low
c66e1560df,0.027422792661209765,0,Low
c66e43990d,0.25038352887093385,1,Medium
c6700c4be0,0.20533714712656673,1,Medium
c67070c18c,0.2967675182016339,1,Medium
c6724a5727,0.17319743761644993,1,Low
c6747aa60d,0.05723795716519148,0,Low
c678c4a6cf,0.033113080091815586,0,Low
c67b87c26f,0.2911113318784345,1,Medium
c67ec32bd7,0.19904447652080903,1,Low
c687fdbedd,0.3432235181029055,1,Medium
c68cb5d853,0.07961444290234986,0,Low
c68d04ccbd,0.05717103683383504,0,Low
c68d9c4a34,0.06442939749515167,0,Low
c68f3d36ba,0.17912520758863812,1,Low
c692d76d7e,0.18357226646670086,1,Low
c692f9e825,0.10512693824026738,1,Low
c6930e9715,0.048605378324872994,0,Low
c6969f67cc,0.18172465421895023,1,Low
c69ac72262,0.037158960725599294,0,Low
c69d8a24e6,0.08978147144386547,0,Low
c6a2e6373a,0.023067752428513517,0,Low
c6a3eb0b98,0.12819550659167706,1,Low
c6ad01beac,0.10641868534787645,1,Low
c6b3de29db,0.08661742718822414,0,Low
c6b43b650c,0.1304433100012831,1,Low
c6b48dd53f,0.03922890790991845,0,Low
c6b8fee24f,0.26388610268154217,1,Medium
c6bc11f640,0.07416829368894448,0,Low
c6bd40e073,0.07212595749806677,0,Low
c6c0f01c46,0.05413061224368699,0,Low
c6c7852259,0.15955289572421735,1,Low
c6cf210cbe,0.04986726627688287,0,Low
c6d37f336e,0.07687657564543271,0,Low
c6d404e390,0.07964639318045816,0,Low
c6d61a2176,0.12056677423350902,1,Low
c6d9e8d483,0.051386226250630655,0,Low
c6dc98cab8,0.1345739120330383,1,Low
c6e7fc7310,0.05929164280390021,0,Low
c6ea4baed5,0.03707898524857333,0,Low
c6f040cee1,0.06847611619569847,0,Low
c6f1743ed8,0.26681775729932844,1,Medium
c6f3ef88de,0.22578411604893858,1,Medium
c6f48b01cb,0.24667225701144158,1,Medium
c6f6443a9a,0.6001888772316816,1,High
c6f70a44eb,0.03305971216646077,0,Low
c6f7fa87bf,0.17388033188753713,1,Low
c702c3920b,0.24019194160731214,1,Medium
c708eda0f1,0.12461978060562875,1,Low
c7142cc86c,0.17959751743579586,1,Low
c71781ae62,0.49514760467423696,1,Medium
c71a96efb1,0.15972307831675248,1,Low
c71b9ce965,0.42736687141104285,1,Medium
c71bc907ef,0.07590166639181575,0,Low
c7280a6b6e,0.03847431919905567,0,Low
c72a200465,0.29321525476834137,1,Medium
c72bd7b17b,0.18173689097464987,1,Low
c72fb14940,0.0828070039302513,0,Low
c73040a1e3,0.20008823243044355,1,Medium
c732ce4527,0.021148849292044608,0,Low
c73851e631,0.06614717800707949,0,Low
c73eca3455,0.16175485622458255,1,Low
c73f7fa550,0.023817890168715657,0,Low
c73ff0b338,0.1253020518221696,1,Low
c740798f62,0.048144478846568875,0,Low
c7434478b0,0.05313780522670578,0,Low
c7447c0e35,0.12034571067122743,1,Low
c746368099,0.07537913845463957,0,Low
c74f45a9b5,0.1288156286002874,1,Low
c75ba69e94,0.1074241859477342,1,Low
c75e611ec8,0.049528521746250886,0,Low
c75fd5955d,0.07811956992625971,0,Low
c7616ca911,0.16105844448091963,1,Low
c76e0309bf,0.09495908719336049,0,Low
c76e874e26,0.1282950760214618,1,Low
c772b5d0d0,0.2582716832530959,1,Medium
c774c7bce0,0.21965047602722618,1,Medium
c7760ca61d,0.015969140246558856,0,Low
c7771fa30f,0.03939260925429038,0,Low
c777d91797,0.0744235675061543,0,Low
c77a6328a0,0.05253446745448236,0,Low
c781634457,0.07853389366444614,0,Low
c78227d9ad,0.111034868791029,1,Low
c78b7a26e1,0.04953765244367756,0,Low
c7938bf10c,0.10115149588802932,1,Low
c7944c7de0,0.21236867092245443,1,Medium
c79863b2de,0.10939496165931466,1,Low
c79a33e029,0.273179726648968,1,Medium
c79d635785,0.20141229793982768,1,Medium
c7a03775e7,0.09200575055259695,0,Low
c7a37ad5f9,0.1846870139795465,1,Low
c7a4345172,0.05914449438768728,0,Low
c7a5013888,0.11454572831304866,1,Low
c7ab0ae12c,0.17489165042522553,1,Low
c7ae63810c,0.24220583923780933,1,Medium
c7ae8213a9,0.2076171817563214,1,Medium
c7b3adf96d,0.2434929559368576,1,Medium
c7b7264ce6,0.3201515929276221,1,Medium
c7ba86b448,0.022824096285053143,0,Low
c7bbbb2618,0.0792333924734774,0,Low
c7bbe0418c,0.13542192508190712,1,Low
c7bee52dde,0.07133897229311877,0,Low
c7bf77173a,0.07805872325296359,0,Low
c7c3dea27b,0.11251819479825304,1,Low
c7c4610564,0.17695030237064882,1,Low
c7c8a649e8,0.09731155659352937,0,Low
c7cbe100b3,0.029292258483235967,0,Low
c7cd311adf,0.15875031193146805,1,Low
c7cd8444a1,0.12752904109528637,1,Low
c7d098b113,0.0616915298353194,0,Low
c7d24b3f75,0.05613742911780548,0,Low
c7d39fb4e7,0.10107606421158243,1,Low
c7dad6f26e,0.07074161357153153,0,Low
c7e026ebcb,0.0779641132097688,0,Low
c7e1048427,0.15197377050474742,1,Low
c7e706f664,0.2276418493503617,1,Medium
c7e738f8b0,0.216524318540735,1,Medium
c7f5345239,0.0324384954022448,0,Low
c800a5e094,0.23954052394495065,1,Medium
c802a83244,0.030462088883802783,0,Low
c8032af031,0.15773744526006162,1,Low
c8052a1ef7,0.06712725891569145,0,Low
c80bddcdc6,0.12445543317546587,1,Low
c80ed29290,0.10483827076954308,1,Low
c81500e5b8,0.05842527503847762,0,Low
c818d963b7,0.03483956641565228,0,Low
c81ede98df,0.30958944511919084,1,Medium
c8208821d9,0.06894434109411497,0,Low
c8249e058a,0.4861266143978163,1,Medium
c82b8cd6ba,0.17994292236872741,1,Low
c830bc72cc,0.2423673880856713,1,Medium
c834b10efe,0.13914038800979944,1,Low
c835fd946e,0.09006315626454016,0,Low
c8360df64d,0.10693197211137591,1,Low
c840e67804,0.04040443609186803,0,Low
c843f78476,0.1770846098082071,1,Low
c849bb353d,0.22707281926707876,1,Medium
c84b394d0c,0.2568151503980602,1,Medium
c84b79a6a2,0.10794389827399695,1,Low
c84cfcbeeb,0.16734865247388792,1,Low
c8592981df,0.13667554193617182,1,Low
c8633f8348,0.15642668930512044,1,Low
c863b6fe75,0.18957254631741,1,Low
c86b315cb1,0.05272989464246746,0,Low
c86e607402,0.7320696282286056,1,High
c8729f0baa,0.09472864135215997,0,Low
c880d206f4,0.02435719472226913,0,Low
c890eeb601,0.3640334888218447,1,Medium
c89163e8d7,0.016767179294459075,0,Low
c8916fb4de,0.1016787598814007,1,Low
c899cc5eec,0.1744920037185664,1,Low
c89a4702cf,0.034686524150636534,0,Low
c89a8a3d62,0.10258385149893853,1,Low
c89afcb65f,0.051347773150422174,0,Low
c8a0fd2971,0.3543964361636961,1,Medium
c8a443208a,0.25758736255032916,1,Medium
c8a6ee1f28,0.017252576856513876,0,Low
c8aaa6553b,0.03906952722605849,0,Low
c8ab41b9af,0.05031560135417277,0,Low
c8ab5d8fb5,0.06455765251151901,0,Low
c8b4870c34,0.019626705862047455,0,Low
c8b4ac253a,0.09433479225558054,0,Low
c8b57132dc,0.18532662584315682,1,Low
c8b76e4a03,0.06427510827377074,0,Low
c8bb2b6398,0.047895535365212745,0,Low
c8be347750,0.0970251783849473,0,Low
c8bf0dbc65,0.048468995728763516,0,Low
c8c1eaaa24,0.07931318418847036,0,Low
c8c2f1fead,0.05530430633487663,0,Low
c8c3c37ff0,0.11994921793465704,1,Low
c8c5284c0f,0.3345543485291271,1,Medium
c8cccbb1d9,0.05184875635485175,0,Low
c8cef6cee0,0.0736129693378165,0,Low
c8d27094f6,0.10042903506369005,1,Low
c8d38969cd,0.031023493724101767,0,Low
c8d76b6558,0.4324891633796037,1,Medium
c8d7f91d28,0.08219230117758392,0,Low
c8dc1582c0,0.10799568349559117,1,Low
c8dc3244c3,0.040256112876943057,0,Low
c8e41c8be6,0.05142763406866153,0,Low
c8e4d18051,0.33896678044417644,1,Medium
c8edc525fb,0.03911094746520354,0,Low
c8f1cf0721,0.03607434427874803,0,Low
c8f2a3af04,0.040734238360557354,0,Low
c8f3beabc6,0.14570615760595954,1,Low
c8f44a27fb,0.09931971020621289,0,Low
c8fbc32326,0.05964906006947175,0,Low
c8fe4d4875,0.18702234224712924,1,Low
c9029ee0b0,0.03434127640403069,0,Low
c90396c1bc,0.031047202291115027,0,Low
c905e07b53,0.10998942097206588,1,Low
c907772cb0,0.12836579320839372,1,Low
c90c4d43ef,0.050408277536062134,0,Low
c90ce0ed8e,0.0356199488087383,0,Low
c910650449,0.03498236888948451,0,Low
c914633542,0.11189817033124397,1,Low
c916673c90,0.20585818632110514,1,Medium
c91ff86a68,0.3767546122180938,1,Medium
c924252fc6,0.14245262074645346,1,Low
c92a052baa,0.04832262028933123,0,Low
c92def5934,0.35527194064586265,1,Medium
c932b6a3ce,0.21276010423466393,1,Medium
c9351d4efc,0.05497843812485872,0,Low
c9360d1adc,0.15013857612057274,1,Low
c9429d24ce,0.030509437619380037,0,Low
c94343c931,0.24525273097334258,1,Medium
c9455b7f93,0.03398213581503198,0,Low
c94564d2d9,0.17289376670049286,1,Low
c94651927a,0.2585922275494043,1,Medium
c948c512a3,0.06890092114077599,0,Low
c9495afd77,0.1816725792198472,1,Low
c951362091,0.25368410317993845,1,Medium
c9555cf749,0.11398252176387129,1,Low
c955b06bb9,0.15600612418030405,1,Low
c9614fdf31,0.2057170010054324,1,Medium
c969bcef46,0.13900787922844285,1,Low
c96a19a227,0.1479586475995608,1,Low
c96fbbefe6,0.024664806668726218,0,Low
c971625c2a,0.07904484040575806,0,Low
c97187f140,0.1127999454386137,1,Low
c9775657da,0.07287668744256545,0,Low
c98184abee,0.26418927321158325,1,Medium
c981c3a78a,0.04333272821315755,0,Low
c984ed7490,0.05179598285510215,0,Low
c987c8c00c,0.06691874368205551,0,Low
c98d07e260,0.040803402913150856,0,Low
c9964613ff,0.0827558939361603,0,Low
c99e76c7d3,0.16742496889204092,1,Low
c99f12f858,0.02859435509832376,0,Low
c9b56827db,0.11081010981738534,1,Low
c9b5e8a20f,0.2408804215941268,1,Medium
c9bdab0fb9,0.036218548884770656,0,Low
c9be496ddf,0.13277341504659257,1,Low
c9c7dd9315,0.1000786708619452,1,Low
c9d1ee5dfa,0.3903060298023578,1,Medium
c9d78a0f38,0.04698435279115123,0,Low
c9d8dce073,0.07253722203979103,0,Low
c9d8eb3337,0.13224114236186246,1,Low
c9dbf612fd,0.12764077545306535,1,Low
c9de10629c,0.05546941399439683,0,Low
c9de5c5ff4,0.0627872706811601,0,Low
c9e287c8ce,0.15144460989207528,1,Low
c9eaaf0623,0.0604735828898846,0,Low
c9f1fb5a7c,0.07286193231222808,0,Low
c9f65c6edb,0.06934533162664529,0,Low
c9fdac9e5d,0.11458964138743506,1,Low
c9ff37ef8f,0.05778304065332469,0,Low
ca00011312,0.12343478673549498,1,Low
ca02d1f56f,0.3724975906801267,1,Medium
ca04707f50,0.049074646684172454,0,Low
ca06bd06f4,0.3034509403667263,1,Medium
ca083b6b44,0.03395204175208331,0,Low
ca0c7677ce,0.028537581662830745,0,Low
ca0d78b048,0.12522676415622552,1,Low
ca10747bda,0.05972771197220541,0,Low
ca132d00c8,0.08254794644251491,0,Low
ca14a515b4,0.05754042895301206,0,Low
ca20200092,0.04001908680163383,0,Low
ca23e0e7bb,0.08368709263520668,0,Low
ca24cb981e,0.1532103890609777,1,Low
ca24d3f84f,0.14521364127354763,1,Low
ca27cc42f0,0.1382907231144938,1,Low
ca2c193814,0.2805171542282632,1,Medium
ca313acc0d,0.19159774184366563,1,Low
ca31b472b4,0.02695427142997111,0,Low
ca340db638,0.43946838911770414,1,Medium
ca35215028,0.10399630423509415,1,Low
ca36fc4a0f,0.18401526735073015,1,Low
ca391c1d77,0.28076969097513055,1,Medium
ca3acec6c3,0.2407180809162929,1,Medium
ca49e1343b,0.1535655949401168,1,Low
ca4b077d59,0.18883556529475587,1,Low
ca507b10c0,0.05086815871012376,0,Low
ca515e0c8d,0.1356833240800234,1,Low
ca56cb5983,0.06034724146256693,0,Low
ca5919a495,0.1265364038998706,1,Low
ca5c1a0a6a,0.3209964009275201,1,Medium
ca5c8ed0e1,0.04523472436550048,0,Low
ca732050a7,0.022224722007134008,0,Low
ca77817be0,0.03163274085926691,0,Low
ca78a30d02,0.03161073111704635,0,Low
ca7deacb2c,0.21444122063587992,1,Medium
ca818e8973,0.11427156782569706,1,Low
ca841dadc9,0.030348044545442397,0,Low
ca857761c4,0.18530540482505928,1,Low
ca8a879b5c,0.10462664983517173,1,Low
ca8a888a13,0.21545240837856947,1,Medium
ca8c1a9df7,0.2102744608796997,1,Medium
ca8cf0e10e,0.10655957434645229,1,Low
ca9a222d3e,0.039562701586668025,0,Low
ca9e939000,0.2727777206264451,1,Medium
caa14475be,0.02383441731509851,0,Low
caafa5124c,0.07290617342636924,0,Low
cab53e66c0,0.05148895170924074,0,Low
cab5f4b8a2,0.11065335729478389,1,Low
caba3f6bd7,0.10775872919653001,1,Low
caba96eb54,0.0826120412287009,0,Low
cabd890793,0.19315004822632661,1,Low
cac25df021,0.10239976007605103,1,Low
cac89ff250,0.051331298564225886,0,Low
cac9eb7f83,0.1721395552468183,1,Low
cacaa36302,0.08205106046904899,0,Low
cacb4cad4f,0.037952909681332414,0,Low
cacb7155a3,0.10103620443505808,1,Low
cacc4db89e,0.10729431188922163,1,Low
cad2064d17,0.10040812355785074,1,Low
cad8262f85,0.084594794922739,0,Low
cad8fcf370,0.12352683273424739,1,Low
cad9cbe6e3,0.2701969612560252,1,Medium
caeca6e011,0.04614474913192349,0,Low
caee74fcd0,0.08304178277249755,0,Low
caf1d6b2f1,0.11327209503429551,1,Low
caf5376fb2,0.5570351779275428,1,High
caf5942a7f,0.04734862051789334,0,Low
cafd948346,0.16082125890183888,1,Low
caff253eb1,0.05585278728499264,0,Low
cb0a0eb5f6,0.0923188600441455,0,Low
cb0c30fbf2,0.15361754319322232,1,Low
cb0cf9263a,0.06947610801649055,0,Low
cb173977f0,0.10244622103334405,1,Low
cb17d85163,0.17993443186627148,1,Low
cb1a2601a9,0.07004656850143742,0,Low
cb1f327409,0.17097290428928902,1,Low
cb2117bd26,0.22729033089395329,1,Medium
cb21483af7,0.025203915720268793,0,Low
cb267d1155,0.06315241941202154,0,Low
cb26ec3a2b,0.192486455649782,1,Low
cb2cd5c829,0.1673185624092328,1,Low
cb2e485a48,0.07635248560582579,0,Low
cb33c41716,0.25221462164724073,1,Medium
cb3633c3a8,0.07520406108275292,0,Low
cb364caf57,0.03850614786237648,0,Low
cb3d54b25e,0.06449009493449687,0,Low
cb40a93714,0.2056618757020352,1,Medium
cb420772b5,0.031427660676131494,0,Low
cb4f8fffd2,0.5401617129809226,1,High
cb50fad262,0.2566648990063629,1,Medium
cb52d10d75,0.059716029328782276,0,Low
cb536da181,0.07125794983584693,0,Low
cb54de25aa,0.18219243074224453,1,Low
cb5abaeb41,0.25765294584048,1,Medium
cb5b73d227,0.09958951193409762,0,Low
cb616fae71,0.14625412920678127,1,Low
cb6532b305,0.036492577980869204,0,Low
cb6607123d,0.19771338310177644,1,Low
cb6b780815,0.07427602507210915,0,Low
cb6b784663,0.1367695833459921,1,Low
cb6cc72cd3,0.13027357559307295,1,Low
cb709806a3,0.08041975558515065,0,Low
cb733667b5,0.14810662781186845,1,Low
cb734b44bf,0.1946087239078249,1,Low
cb74b62763,0.23259630354716854,1,Medium
cb7600e3f7,0.06248782677997738,0,Low
cb7ac9bba8,0.14902161529246236,1,Low
cb7b810d0e,0.13375392926314794,1,Low
cb7c6fce9a,0.3354576219359126,1,Medium
cb846dd112,0.10793485964501869,1,Low
cb8849a983,0.01936172568381365,0,Low
cb8bbd15e9,0.42180208733353514,1,Medium
cb8d57d004,0.24838642221116886,1,Medium
cb907e91c4,0.12968944885405745,1,Low
cb92698dd8,0.02911394679931519,0,Low
cb95d38112,0.046222802387780246,0,Low
cb97a454c2,0.05052763285639407,0,Low
cb98e33eca,0.039886740280042965,0,Low
cb9a33544b,0.09926673296702952,0,Low
cba1a097ac,0.12480960085829262,1,Low
cba2191b3a,0.7148800614532689,1,High
cba29c4216,0.03969193416539417,0,Low
cba5ca4584,0.22980567255528142,1,Medium
cba82912b0,0.05533900830176667,0,Low
cbac088da8,0.2289288284323303,1,Medium
cbba0c636e,0.1458700898973406,1,Low
cbbf92f22c,0.027475163127295532,0,Low
cbca26da9a,0.20052825304968824,1,Medium
cbca4554eb,0.2482040127148742,1,Medium
cbd95a5397,0.25386049744498174,1,Medium
cbdd7a0f05,0.08398112731433814,0,Low
cbe19bd0d3,0.0954698075504461,0,Low
cbe2b518ef,0.1875575528130416,1,Low
cbe448f7c5,0.1771452758157858,1,Low
cbe8dff8f6,0.09232167087291139,0,Low
cbe90a56a1,0.08671014503336465,0,Low
cbe982c9e9,0.3446832218139141,1,Medium
cbeaf98fea,0.029898114840644134,0,Low
cbf63bb78a,0.06529073208026753,0,Low
cbfba5fc30,0.4613156105548749,1,Medium
cbfc312f3b,0.1241585909994477,1,Low
cbfca08aec,0.11625163263746244,1,Low
cbfe68b39a,0.07125957121283784,0,Low
cc034c1286,0.018185919732484346,0,Low
cc0d5ef247,0.20453960145196712,1,Medium
cc0f7b51a4,0.04340170193361612,0,Low
cc12b373f2,0.030176237193068556,0,Low
cc15c841b8,0.12061498881912477,1,Low
cc1f7d7e8d,0.05788761331844495,0,Low
cc22c400cc,0.1596704671387108,1,Low
cc27dbe758,0.07711734171630398,0,Low
cc2c957116,0.12410577837347554,1,Low
cc2ce5b6ab,0.039924580281829485,0,Low
cc30e74833,0.22461735614396794,1,Medium
cc3b10bc9e,0.10469894390996377,1,Low
cc3b1aab86,0.25235322450723074,1,Medium
cc3bdce315,0.24803805021773895,1,Medium
cc3d72947e,0.033290257615298184,0,Low
cc3f5ec02a,0.15144429753660169,1,Low
cc427374d8,0.1907097745134533,1,Low
cc48b00dba,0.03404012379066906,0,Low
cc498d9eef,0.20017627446990877,1,Medium
cc4bbba285,0.05608012897628578,0,Low
cc4ca44b2a,0.21186306917892234,1,Medium
cc4dc5996e,0.053383390517481595,0,Low
cc5407a24b,0.03570957111852591,0,Low
cc61793e72,0.12593252929832854,1,Low
cc66272082,0.06554914111528734,0,Low
cc6aa87a4e,0.07468818587503702,0,Low
cc6b9f457a,0.09697215464818607,0,Low
cc6ef91aea,0.047950393570343204,0,Low
cc70f59cdd,0.1691103572222017,1,Low
cc71347401,0.032782329744041445,0,Low
cc756cef25,0.031594614302805565,0,Low
cc7a8db1cd,0.10977873050029462,1,Low
cc7c609c14,0.04744194516323339,0,Low
cc803c1274,0.16713377306869484,1,Low
cc87c72ee9,0.07164727573233869,0,Low
cc90a8b5b2,0.18901988662206723,1,Low
cc94f39665,0.08770506310366646,0,Low
cca086488b,0.20309824549148506,1,Medium
cca0e683ef,0.031305514959631256,0,Low
cca7e307a7,0.13275478823706305,1,Low
cca86e17d7,0.22683354978365644,1,Medium
ccacb53221,0.04588133919401379,0,Low
ccb6dde877,0.10504864609376532,1,Low
ccb9bb1fd8,0.10676158247899042,1,Low
ccba5c5576,0.24175320574276313,1,Medium
ccbd6b93f5,0.09012097025778434,0,Low
ccc28e580b,0.5245784687452775,1,High
ccc52b0d3a,0.11858482617765755,1,Low
ccc9a603e2,0.04025280966400354,0,Low
ccca67825d,0.08530208026142191,0,Low
cccbe2bfd8,0.03781751465759145,0,Low
cccc65d2c9,0.05136487393618453,0,Low
cccf1ba097,0.2873106929580922,1,Medium
ccd3bd9c92,0.039103865675313695,0,Low
ccd7a107a4,0.15421264163052967,1,Low
ccdd84ecd9,0.10062371374670318,1,Low
ccddeec3e7,0.061455356137255106,0,Low
ccdef2e5cb,0.059167727656685286,0,Low
ccdf7cc502,0.06731047755154627,0,Low
cce1c9128f,0.150861379512125,1,Low
ccebf8b845,0.11041534291421562,1,Low
ccfab71707,0.1495769348638633,1,Low
ccfad7e475,0.07905567075100219,0,Low
cd028b1155,0.21541795965912525,1,Medium
cd03a18ef9,0.11008344459494708,1,Low
cd04a8091e,0.675760025243736,1,High
cd0b5bd030,0.2553187301060913,1,Medium
cd0ce0ed2c,0.1781338381871882,1,Low
cd0dc2c274,0.11656916138152382,1,Low
cd0e3ac002,0.06262054596360155,0,Low
cd102f7e84,0.07712175523296062,0,Low
cd1339e653,0.11145572710166582,1,Low
cd16cb8811,0.08589370868844888,0,Low
cd17f752fc,0.021010001353819592,0,Low
cd2d3d3a16,0.03638695074418045,0,Low
cd2f2de507,0.09833846365370355,0,Low
cd32bce87f,0.1482314184449802,1,Low
cd34eb88be,0.1574093472010354,1,Low
cd393107ca,0.02720501890646515,0,Low
cd418a9b5c,0.08240260708517107,0,Low
cd466a9825,0.04444216370264277,0,Low
cd477ae7e1,0.06091854192816713,0,Low
cd49260a17,0.11460993779180806,1,Low
cd4c9de2cc,0.08548229821019188,0,Low
cd4cd5a59e,0.0348342562730303,0,Low
cd4e5ceac8,0.12898931767921704,1,Low
cd5045c009,0.16441017501479716,1,Low
cd58694c56,0.06846564081552407,0,Low
cd5eae970b,0.06738747595551615,0,Low
cd5ed8fd08,0.10937346396296689,1,Low
cd60916b53,0.02463046905382825,0,Low
cd62817b70,0.02490275582255195,0,Low
cd6382c2be,0.06532842095323371,0,Low
cd70484b3d,0.1296642460627372,1,Low
cd72afefc1,0.4882360971011712,1,Medium
cd75b57ebd,0.13653474181635253,1,Low
cd77be2194,0.21129070484227472,1,Medium
cd7f9d9f3d,0.09189696896361776,0,Low
cd81115c71,0.08506667152966953,0,Low
cd817f5364,0.23829959454374436,1,Medium
cd81a5430c,0.025934975479311926,0,Low
cd82f8612d,0.15821070168418908,1,Low
cd83ae485d,0.05120739253530227,0,Low
cd850c231b,0.04923057415988842,0,Low
cd85527dde,0.046269983756550476,0,Low
cd85d6badc,0.040291779153967956,0,Low
cd888d2f3a,0.07064187817235523,0,Low
cd8925a1ba,0.03452805542527387,0,Low
cd8f26795f,0.07428595865519855,0,Low
cd960c63b1,0.07114833159463048,0,Low
cd974927cb,0.07896531784617707,0,Low
cd978638fc,0.4651459896849917,1,Medium
cd99d9794f,0.16090280288151768,1,Low
cd9c966c92,0.19753406619658082,1,Low
cd9fd44f48,0.2635299973354184,1,Medium
cda1485af9,0.24651168928894407,1,Medium
cda2d604f2,0.025728785001984434,0,Low
cda326827e,0.12902355521285916,1,Low
cda3e5bad8,0.27040906976373125,1,Medium
cdaa89ec31,0.12648180342256932,1,Low
cdadddf7e8,0.027914778777499594,0,Low
cdb661f179,0.07663805058290434,0,Low
cdb664bee8,0.05158478788055609,0,Low
cdb6dc829e,0.1498880506232647,1,Low
cdb8567586,0.03482486702651937,0,Low
cdbd7095a3,0.22260680039377292,1,Medium
cdbfebf702,0.03677491049675813,0,Low
cdc2dda27c,0.11116487962320924,1,Low
cdcb345a27,0.212153633762226,1,Medium
cdccc62682,0.041325457924111894,0,Low
cdce654c11,0.28497926581152555,1,Medium
cdd44c661b,0.16089865100380274,1,Low
cdd4a6675d,0.14643416456591324,1,Low
cdd5f08d19,0.039048193747017054,0,Low
cdd6a40b9b,0.029192805378849038,0,Low
cdd739f738,0.1773149693128223,1,Low
cdd9c78822,0.032196631669812945,0,Low
cdda09ba2d,0.11692220625490708,1,Low
cddb72fb60,0.10335804226309633,1,Low
cdde21de1b,0.6812815272749022,1,High
cde06fe242,0.11277511397719728,1,Low
cde4e5af39,0.09560873826110987,0,Low
cdf3c8d5c0,0.04036997241249136,0,Low
cdf4ac1c9c,0.07912509494676838,0,Low
cdf4ce6737,0.03705391995427991,0,Low
cdf6258b08,0.022200184225059153,0,Low
cdf91d7003,0.052718753178680314,0,Low
ce054eb8c8,0.026449713143127274,0,Low
ce080c6ec0,0.1663495188228414,1,Low
ce0ad35527,0.05582102279812134,0,Low
ce0b68d16d,0.20237157333930603,1,Medium
ce0bc85860,0.042375452645514955,0,Low
ce0c01c0a6,0.029007385854143353,0,Low
ce1191d5c8,0.2209512161629346,1,Medium
ce11da9a62,0.014237707815460273,0,Low
ce15159fd0,0.13434516277085293,1,Low
ce180f1b88,0.1294186248825725,1,Low
ce1bc31bc7,0.21152116605829802,1,Medium
ce1d65f9a3,0.1397176613934229,1,Low
ce20f29f0c,0.15399876036910973,1,Low
ce24fc0b0a,0.22154009378303957,1,Medium
ce29710616,0.07400445101258141,0,Low
ce2b515cd8,0.06371039460035306,0,Low
ce2f496f85,0.05349284281106431,0,Low
ce399da435,0.0960251015227459,0,Low
ce3cf7cb66,0.18331747117824818,1,Low
ce3dfd003e,0.0741656901896706,0,Low
ce49c31610,0.14489176702169687,1,Low
ce4acff98e,0.09305578687104853,0,Low
ce4ed728a8,0.08935649109263338,0,Low
ce573fc438,0.08561833526958865,0,Low
ce5d4100e4,0.043495068989302096,0,Low
ce61c0493f,0.25368415186496196,1,Medium
ce628889d7,0.13780008647163436,1,Low
ce652d54f5,0.34585245363348005,1,Medium
ce66713b83,0.10954519994502211,1,Low
ce6869d0b2,0.06500883240599277,0,Low
ce7cd25a46,0.10995117706020524,1,Low
ce84ef1206,0.442697243280911,1,Medium
ce8f8b93ef,0.05364372632939807,0,Low
ce92a19e4c,0.07542079031707045,0,Low
ce9315f062,0.147277672578592,1,Low
ce93321d1d,0.2010020097685255,1,Medium
ce9433405b,0.21042945728183665,1,Medium
ce99f0a265,0.03310257597345134,0,Low
ce9cb6847b,0.03512895595004338,0,Low
ce9d309703,0.028007754145788516,0,Low
cea676a25f,0.05491174770965856,0,Low
ceaeae9ecf,0.2764321794790762,1,Medium
ceb0c16e45,0.05591329228071039,0,Low
ceb514b4f2,0.15142051610192692,1,Low
cebb7cb59c,0.0587886310922032,0,Low
cebe16dacd,0.07571398571787552,0,Low
cec6c2167c,0.041972100261287004,0,Low
ced2e665f1,0.213301714218086,1,Medium
ced3e5251f,0.056113723716196766,0,Low
ced49c5760,0.07410747843304995,0,Low
ced5155045,0.1173552816520601,1,Low
ced5884ca8,0.08371355306044655,0,Low
ced6be7f08,0.0451369688924396,0,Low
ced76203fc,0.18135155984509857,1,Low
cede52f780,0.06638503935592181,0,Low
cee3edd60e,0.13781438869122323,1,Low
cee5e0ac82,0.08817228339729262,0,Low
cee73bbfeb,0.1652165705557443,1,Low
cee9952ec2,0.6311415007494439,1,High
ceeb20599e,0.193068068217674,1,Low
ceeb7c2c05,0.029241539216733215,0,Low
ceecba1a3a,0.36796102739380493,1,Medium
cef4f58a63,0.032989371562264856,0,Low
cef6542ed0,0.22728795073308422,1,Medium
cefe3f41ed,0.07389555421236936,0,Low
cf00035182,0.11296201878957014,1,Low
cf03e1cbdd,0.07878976387317568,0,Low
cf097e35cc,0.0520932177451892,0,Low
cf0eb5e3c0,0.07883236180576444,0,Low
cf0f28cc58,0.07114528206975596,0,Low
cf154a91a3,0.45381657543191756,1,Medium
cf15604711,0.07273312545716706,0,Low
cf1b781d39,0.20185723070333647,1,Medium
cf2171dba1,0.12870174309226973,1,Low
cf22b246db,0.1567965632942849,1,Low
cf254a65fd,0.03366146675069749,0,Low
cf294553e5,0.04524764970143802,0,Low
cf2d1b3f9a,0.23455710899380097,1,Medium
cf2f283f1d,0.25829225213306034,1,Medium
cf310ea474,0.04302787994675794,0,Low
cf3528f24b,0.12543171391315436,1,Low
cf35ddb3f5,0.3835314736749864,1,Medium
cf36ec7fde,0.06473557164384308,0,Low
cf389d9342,0.11017543180609608,1,Low
cf39b63115,0.04466901894115915,0,Low
cf3b0ec917,0.21645446861898487,1,Medium
cf3ba74d40,0.11345364295400111,1,Low
cf3c559f92,0.24553088803741752,1,Medium
cf4558ec51,0.06096080560739567,0,Low
cf47a6e486,0.08336160856768257,0,Low
cf4b8a0480,0.29276801002418623,1,Medium
cf4e6f5060,0.10653949257736404,1,Low
cf4ecbaf9d,0.17290547790323574,1,Low
cf4f8fb93f,0.23470209114356486,1,Medium
cf5009f036,0.07274507814434426,0,Low
cf516b7da9,0.2158379595487713,1,Medium
cf5225f994,0.13231055295101857,1,Low
cf54246011,0.3880679088109142,1,Medium
cf59c94e2a,0.03283906829860043,0,Low
cf638dbd2f,0.10532967765115095,1,Low
cf66b3956f,0.08065847134595315,0,Low
cf6927d0ff,0.24099822063225898,1,Medium
cf6c965bf9,0.4885056404287305,1,Medium
cf77ae3934,0.15454427235253676,1,Low
cf799706eb,0.4851587624452354,1,Medium
cf7bde368b,0.09507202057688136,0,Low
cf7e115e7a,0.034782401408442326,0,Low
cf7f4ce48d,0.05142604114446058,0,Low
cf8018453b,0.0515374883652484,0,Low
cf80453186,0.10035330303829698,1,Low
cf82848dbb,0.35902754803268117,1,Medium
cf8294e3ee,0.07673805321293475,0,Low
cf89c9c082,0.059466541233391276,0,Low
cf8ac2a67e,0.10702919917418761,1,Low
cf8adfd1ab,0.0755516941186169,0,Low
cf8b3b21dc,0.14558545814617427,1,Low
cf8b6c566e,0.05786479159013492,0,Low
cf8b9930e7,0.0650445382305762,0,Low
cf8c4c2f51,0.19631860675599483,1,Low
cf9021bbeb,0.13063845210501762,1,Low
cf90349167,0.19212705736527932,1,Low
cfa1299bd1,0.16470220565119373,1,Low
cfa24e6739,0.06609707796440772,0,Low
cfa396cd5d,0.032122681282158595,0,Low
cfa5172900,0.18538392245089166,1,Low
cfa9795799,0.13759473728938307,1,Low
cfad442137,0.08686704440036441,0,Low
cfaddd9f5d,0.2725228632271119,1,Medium
cfaf12dc59,0.4534929085814092,1,Medium
cfb0f3e635,0.14373042712204043,1,Low
cfb1344d5b,0.14971061305178315,1,Low
cfbbdcec20,0.02257643315892485,0,Low
cfbdd94810,0.13481751100068343,1,Low
cfbfc28740,0.029199187248613357,0,Low
cfc7dd6be1,0.15755068745523032,1,Low
cfcaaeca71,0.1442993901559145,1,Low
cfccffd29e,0.2237543806148077,1,Medium
cfcff0b4d0,0.15202226502389324,1,Low
cfd0909d56,0.16012155163807126,1,Low
cfd362666f,0.10401871263079876,1,Low
cfd552eefa,0.16797133991106525,1,Low
cfd737d7c1,0.743441570755923,1,High
cfd96c9957,0.0956315763009656,0,Low
cfdefa8613,0.20320041231530256,1,Medium
cfe4fa75cb,0.33961955448581055,1,Medium
cfeb3b5ca6,0.34087092030774496,1,Medium
cfeb63f019,0.03642149961279778,0,Low
cfeef92ea8,0.06665413010720089,0,Low
cff602bc7d,0.13088865080452056,1,Low
cffc67d7b6,0.4262680553183019,1,Medium
cffd449320,0.33284101413297357,1,Medium
d003200fc8,0.031041845649189114,0,Low
d0048f9e97,0.1011781404751483,1,Low
d005ab7da4,0.14953454252221646,1,Low
d0072b09b6,0.04297689466837867,0,Low
d007deaf98,0.07501967436242667,0,Low
d00f603076,0.2576439468071107,1,Medium
d0100452f9,0.028053096996092576,0,Low
d011352d17,0.16595301289002282,1,Low
d0123d900a,0.16167681447729132,1,Low
d01600e2d9,0.048216710741920146,0,Low
d01832d39d,0.17609179165919908,1,Low
d01b4bba44,0.12360839202096256,1,Low
d01fa1c936,0.042863615810706454,0,Low
d0208000e9,0.16079893516526733,1,Low
d029e1243e,0.08946290879593057,0,Low
d02a49d565,0.07413172021085371,0,Low
d02ab62dd3,0.04443055239546767,0,Low
d03414f161,0.05712995006454258,0,Low
d03462bee5,0.0336755285198784,0,Low
d03ac205a5,0.14080546079573575,1,Low
d03c2a3f0a,0.09517877171308049,0,Low
d03f76fa27,0.14924123174571258,1,Low
d041adba7c,0.15561201438295874,1,Low
d043c60f77,0.07364788769889269,0,Low
d049af7b85,0.1231362215113706,1,Low
d04bc70c07,0.24927489923370327,1,Medium
d04c7e9625,0.12803367119589595,1,Low
d04facec5b,0.061702478104429886,0,Low
d0500c336e,0.0419111357569544,0,Low
d050de2b73,0.12900781837621106,1,Low
d05a543137,0.05621080941337337,0,Low
d05b18a834,0.04208650697196765,0,Low
d0609a0b95,0.048035786754913094,0,Low
d06987bdba,0.18224535016661278,1,Low
d06edd9531,0.20731128307682847,1,Medium
d071baf593,0.04958722556217742,0,Low
d079c47aeb,0.19506591766408232,1,Low
d07fb564d8,0.385230880938261,1,Medium
d0881bede6,0.03859146639478344,0,Low
d08f79387e,0.13209240885930398,1,Low
d091d08694,0.16845564988477976,1,Low
d0973016eb,0.05915754300842613,0,Low
d09999b3a4,0.018327103617162825,0,Low
d09cd1b1ce,0.11789933486408867,1,Low
d0a1296be5,0.12831632981620864,1,Low
d0a7a2c467,0.318248478225467,1,Medium
d0a8f0f2ef,0.40574652427213864,1,Medium
d0aae834d5,0.0636467587659696,0,Low
d0b1cdd3e0,0.10473241654551409,1,Low
d0b2d0b37b,0.07071522332574895,0,Low
d0b3f08b2a,0.13277135755584785,1,Low
d0b60b97cd,0.018999241305351453,0,Low
d0b6abd059,0.22451147984715225,1,Medium
d0b9ac7fe5,0.10447695831442855,1,Low
d0baf69cd1,0.03017969186329937,0,Low
d0c5b3e6ba,0.04530018274149302,0,Low
d0c6a460d8,0.07368379755607611,0,Low
d0c7b26fc4,0.36117103819499763,1,Medium
d0c92ac625,0.2538656743717623,1,Medium
d0cb0d9f93,0.17510582002992894,1,Low
d0dcd2eaea,0.10249362880555085,1,Low
d0e270ce69,0.05445199480291282,0,Low
d0e347230a,0.21431127879919512,1,Medium
d0eea1e37b,0.20327955939269832,1,Medium
d0efaa5d86,0.13547438700116798,1,Low
d0f0dcbfe2,0.0281422068626064,0,Low
d0f7d762f0,0.03787830114657994,0,Low
d0fa64053d,0.04376250304268421,0,Low
d0fac5c36d,0.4972702825515569,1,Medium
d0fac8cb40,0.044843740820122116,0,Low
d0fdfadc6f,0.11226540291570221,1,Low
d0fff1785c,0.3206278992868794,1,Medium
d1088bc7be,0.01670022593448979,0,Low
d10d0bdb7f,0.1884394234918679,1,Low
d10dfcbe07,0.05593270379496024,0,Low
d110fe1330,0.19097987081978848,1,Low
d1164413e8,0.04478448695906257,0,Low
d11fdcd3c4,0.056082402026234046,0,Low
d1252aba9e,0.15900756025846735,1,Low
d12551a0f7,0.14397335487053384,1,Low
d125e5c6d8,0.25662002378052884,1,Medium
d127b1ba53,0.06625173992230698,0,Low
d1313a78f3,0.11790411142600335,1,Low
d131fce23c,0.04706424853090583,0,Low
d139e39401,0.039574209707213384,0,Low
d13c9ed498,0.01638457485372248,0,Low
d13d2fcada,0.08366833556379634,0,Low
d146e7f534,0.0536672310270422,0,Low
d14b04a946,0.11675167064318245,1,Low
d14ba197c3,0.08451024976887826,0,Low
d14d11b788,0.42485531224632705,1,Medium
d14e4a9bb5,0.15552422119366946,1,Low
d150296f0a,0.17728250585066055,1,Low
d15387199c,0.06270082782617306,0,Low
d158a6c65f,0.04715702447283359,0,Low
d15e940865,0.2553856543447349,1,Medium
d1620ba7ce,0.06703298195978044,0,Low
d163913c7d,0.11650353474344266,1,Low
d16b84adc1,0.1538948001532664,1,Low
d16d6b880f,0.040403603462038064,0,Low
d16e453350,0.08598556387248131,0,Low
d16f0a1081,0.07964150998646294,0,Low
d16f3fe1b6,0.11290670433117958,1,Low
d173a93274,0.2997066078974262,1,Medium
d176e68ab0,0.058547193453438166,0,Low
d17e1cc787,0.5245651453184874,1,High
d17eb0455e,0.1783340356327942,1,Low
d18341f4ff,0.17103954577849845,1,Low
d18712d968,0.1963981758525315,1,Low
d18d9a3f20,0.1511969525075934,1,Low
d18e70bca8,0.23560055033928623,1,Medium
d193d4f8ad,0.13028709588719828,1,Low
d19452f7e9,0.14483458833880566,1,Low
d196cf6f4e,0.23775913140400323,1,Medium
d19c081529,0.12432451272651715,1,Low
d19f839b19,0.16268735697452383,1,Low
d1a2b5fdbc,0.13109945344553406,1,Low
d1a4b80768,0.03926967242808109,0,Low
d1a53b0c23,0.028069956695973213,0,Low
d1abba2186,0.03932018484336706,0,Low
d1b1006384,0.6884583805510348,1,High
d1b2e60f1c,0.2326467205875721,1,Medium
d1b3e98722,0.36843681408095735,1,Medium
d1c18f92f5,0.30605631398103794,1,Medium
d1d19be94a,0.22011408786560369,1,Medium
d1d64f10f1,0.09923588252811576,0,Low
d1d7413e39,0.16520002767942615,1,Low
d1d7a77855,0.22764964068947133,1,Medium
d1d9d1652f,0.05411732884461036,0,Low
d1daec6ae0,0.04432661191345433,0,Low
d1ec299c60,0.07691072774277358,0,Low
d1ecc2553c,0.22998540433856055,1,Medium
d1f85e2d3e,0.432947959308071,1,Medium
d1fb175489,0.013683216376589676,0,Low
d1fc29fc12,0.08908516242869774,0,Low
d2002efd16,0.1894378910658019,1,Low
d20160ac70,0.24081456217262498,1,Medium
d2043c59d6,0.03791583146068381,0,Low
d211b7626d,0.07783250927341807,0,Low
d21252513f,0.08118153698905912,0,Low
d21a180b02,0.07478311504418349,0,Low
d222b97a5c,0.19259808358328412,1,Low
d2242b1ae4,0.049210037246679106,0,Low
d22f308205,0.1548514524457635,1,Low
d236885766,0.09796263549883347,0,Low
d2389ab321,0.04128117348800077,0,Low
d23a9fb86f,0.14466549179265767,1,Low
d23cc378e7,0.058930978823314474,0,Low
d23d392a3e,0.17529048357953722,1,Low
d23ee4487f,0.029755212757529157,0,Low
d23fe91032,0.4814162468748226,1,Medium
d2436283cf,0.030267416305452762,0,Low
d2451af23d,0.07331473820025111,0,Low
d2453c1c27,0.04701041384952976,0,Low
d24689f496,0.2151697407617019,1,Medium
d246da9886,0.4477250537491698,1,Medium
d2471f80d3,0.037603462522549834,0,Low
d25198042f,0.02472478040569934,0,Low
d25338f0a7,0.12817038656554636,1,Low
d25421f64a,0.1629747780878925,1,Low
d25579c07d,0.030075692555612734,0,Low
d255ea2b41,0.1292042778952502,1,Low
d2562b39fd,0.09400616783296305,0,Low
d257691ea4,0.08161086364604145,0,Low
d259f3c252,0.04179921788190193,0,Low
d25ba512c7,0.028828942777708384,0,Low
d26044cf2d,0.4841127976625431,1,Medium
d26c8539b7,0.42493346059666165,1,Medium
d271cd1747,0.1408494650967276,1,Low
d2743313f2,0.042365249721599926,0,Low
d2838badad,0.2379141935306102,1,Medium
d2839727ff,0.2265618030035865,1,Medium
d283b80c47,0.12040448595957559,1,Low
d284533fd0,0.09673671541624229,0,Low
d284612329,0.5027625020384613,1,High
d292a1fa27,0.04692453230641162,0,Low
d29348c1f2,0.16518376497443052,1,Low
d2996f0a32,0.09523451243853799,0,Low
d29bfdb8ac,0.08577596185762092,0,Low
d29d264ec9,0.08397464305476234,0,Low
d2a1fca19b,0.2290731982396688,1,Medium
d2a96dc7b3,0.08706451874353038,0,Low
d2af89aa51,0.028987855204680894,0,Low
d2b04d0ba4,0.0631100334186839,0,Low
d2b1b6d9d9,0.1931496015041785,1,Low
d2b2b00ce7,0.033849035200765216,0,Low
d2b311a4a8,0.17046339233015745,1,Low
d2b9c107e1,0.2823468464824564,1,Medium
d2bc12f0be,0.053527401372502,0,Low
d2c2b0e2c5,0.053515564152573934,0,Low
d2c384a91d,0.03113246102008896,0,Low
d2cc74a258,0.16495463700240737,1,Low
d2ce387083,0.03485096722754659,0,Low
d2cfa8d459,0.15492926853785968,1,Low
d2cfb147d8,0.11081371243835052,1,Low
d2d1cb1228,0.04807128807093906,0,Low
d2d2e0e79b,0.09583720234697876,0,Low
d2d49622fc,0.1966507423117694,1,Low
d2d5196ab9,0.406654749235923,1,Medium
d2d5abe8a7,0.36417924409362046,1,Medium
d2d8cdcfaa,0.18425615921978666,1,Low
d2e0145141,0.08527686891953458,0,Low
d2e01b5759,0.0838442891030318,0,Low
d2e01d267a,0.03567357703809502,0,Low
d2e063cbaf,0.05765413979220183,0,Low
d2e2424e24,0.12757024967980696,1,Low
d2e5d92e1a,0.10892409342758537,1,Low
d2e92f7019,0.04128084026329696,0,Low
d2ed6d7762,0.039383837267546185,0,Low
d2eefeb338,0.11511526025350406,1,Low
d2f16ab91c,0.018547742251960053,0,Low
d2f1f7adfd,0.06235664636719546,0,Low
d2f266d944,0.08171204088078775,0,Low
d2f47a1a38,0.15442000851842813,1,Low
d2f4b8a30f,0.1209913526751919,1,Low
d2f70c3ece,0.14782583013488002,1,Low
d2f87cd26d,0.05108252081320288,0,Low
d2f975b4bb,0.15515598800897706,1,Low
d300fcb1e5,0.06363721998366442,0,Low
d3032a7a2b,0.161327873731722,1,Low
d31cbbc046,0.05456870097632024,0,Low
d31ef22d3b,0.1131577754388445,1,Low
d326785e6d,0.34951169040043967,1,Medium
d328bb1e37,0.047645022361396026,0,Low
d32a88f133,0.14068673732473133,1,Low
d32e95918f,0.23874127486027813,1,Medium
d32fed65ab,0.19239340843094463,1,Low
d331407cd4,0.14231317461998028,1,Low
d3334e3560,0.12806649085545516,1,Low
d334e22969,0.08520460357261779,0,Low
d3361956f9,0.34269499869351777,1,Medium
d338a33882,0.1497024969497697,1,Low
d339fcc3a9,0.34455102562057655,1,Medium
d33c337600,0.2636275625682401,1,Medium
d33dca5bb4,0.021038528685412266,0,Low
d33dfa65c2,0.43092104369905737,1,Medium
d340f8407b,0.14525212511489893,1,Low
d341afe8db,0.12867927386007574,1,Low
d342df3eda,0.2037359516764376,1,Medium
d34a7ed856,0.09194890720569426,0,Low
d34c3816ad,0.31701670163435913,1,Medium
d34ea83046,0.15875739394436705,1,Low
d3504cb601,0.04071574272973092,0,Low
d350564d57,0.05470040371209844,0,Low
d35218ba96,0.04089566322465943,0,Low
d355aabd3a,0.3947356828501356,1,Medium
d358170048,0.12435424927848233,1,Low
d3583c567b,0.11901700603598799,1,Low
d3587330e0,0.03217616242839168,0,Low
d35b333498,0.14671030427141957,1,Low
d36325e2c2,0.6007060109024072,1,High
d3659303ac,0.16289658206065782,1,Low
d365ed509a,0.13409519122478192,1,Low
d367b9839c,0.06383392026757942,0,Low
d36ea6d809,0.0476822055858698,0,Low
d375bb5d9a,0.1419318336061768,1,Low
d376e0c939,0.03241798599265472,0,Low
d378dc4cfd,0.23858221757875,1,Medium
d385420872,0.0724594570405972,0,Low
d386d80e28,0.20872112179364458,1,Medium
d3874124d7,0.05730101063755633,0,Low
d39079cef3,0.2127737561499989,1,Medium
d390e4fa6e,0.04537703794231902,0,Low
d390edab73,0.10571491870080327,1,Low
d393219ae5,0.14967871939313296,1,Low
d397778f0a,0.123993040064389,1,Low
d399666198,0.20752186281786944,1,Medium
d39a57ef18,0.0796924054068778,0,Low
d39f66030d,0.2518453199565163,1,Medium
d3a29ffeb8,0.053578783180863926,0,Low
d3a8670e85,0.0551913626297408,0,Low
d3a95e0388,0.06433686682003294,0,Low
d3af8a1154,0.24912126774107782,1,Medium
d3b633e6ea,0.07614781859101902,0,Low
d3b84967fb,0.27574922110658817,1,Medium
d3bd06ee01,0.040218290468520504,0,Low
d3cf49559d,0.15199858290434484,1,Low
d3d5111184,0.24136963908225686,1,Medium
d3d85a1a39,0.05041306799434017,0,Low
d3da673f68,0.5129571718598649,1,High
d3dbc9cd71,0.23874365383576887,1,Medium
d3e00eb3f7,0.16983657926350337,1,Low
d3e62df901,0.2133758503758729,1,Medium
d3e6ec365d,0.043676862979862674,0,Low
d3eaee02ff,0.04782126127331863,0,Low
d3ec262ffe,0.08601218027232958,0,Low
d3f1145e2e,0.31338612951173317,1,Medium
d3f649db3c,0.0895425373222332,0,Low
d3f724120e,0.1501300601809245,1,Low
d3f9b3ea18,0.33255691608251203,1,Medium
d3fbcc3477,0.21301731974837135,1,Medium
d40047d364,0.10172700229055134,1,Low
d4038accab,0.050656306050407884,0,Low
d4054771a4,0.03883605027983359,0,Low
d40f0ef076,0.06983139279340594,0,Low
d4140d235d,0.12461856550798459,1,Low
d41a152533,0.1656498902826417,1,Low
d41bc06506,0.04820864334202391,0,Low
d41e5599eb,0.03833163359893621,0,Low
d422bdfc9f,0.20074550929186125,1,Medium
d4284385a2,0.10468935035157098,1,Low
d42991c541,0.07332879612807773,0,Low
d42a884cd3,0.017091528705847816,0,Low
d4340b1d5b,0.135205830366589,1,Low
d434676852,0.1907010162157248,1,Low
d43c883918,0.0500025628460068,0,Low
d43f346b15,0.03692370546031059,0,Low
d43ff4c4a0,0.06867677919713047,0,Low
d442b4e6c1,0.08401167600746969,0,Low
d443779ea7,0.0728762144333598,0,Low
d449747165,0.08904442741225119,0,Low
d450e46293,0.09629821360344273,0,Low
d45805fb62,0.08497016402892389,0,Low
d45872d102,0.05633403322455509,0,Low
d45bd2d51b,0.037994318389138214,0,Low
d45c726e07,0.52331328105489,1,High
d45cfdfdfa,0.32186945511798193,1,Medium
d45ed1d585,0.027002233753373812,0,Low
d462f453bf,0.05073299828449972,0,Low
d4656f9c2d,0.029153018167106033,0,Low
d468d548cc,0.3306527325886353,1,Medium
d46abbcd47,0.05044211364663909,0,Low
d46bcbfb4a,0.1845648194289848,1,Low
d46c2b34f2,0.10678748039809972,1,Low
d472c79950,0.17830487630212563,1,Low
d473a3a3c7,0.14114256058219746,1,Low
d47534d356,0.28953986832720185,1,Medium
d476e1d84d,0.1278503742260228,1,Low
d478352cfc,0.1550058620002094,1,Low
d47d1e5cfe,0.20843319802045393,1,Medium
d4816aeba0,0.056718942103590235,0,Low
d48598bdda,0.05002590715800922,0,Low
d488f425d6,0.04781383923534605,0,Low
d491754d7c,0.10808864161607253,1,Low
d499a2bca1,0.038061825480732295,0,Low
d49b124dce,0.20039951506272294,1,Medium
d49cf738f0,0.04835355330824297,0,Low
d49cfd4499,0.04598191391682166,0,Low
d4a71516dd,0.2751023633234515,1,Medium
d4a7c78289,0.022780669745331078,0,Low
d4a8d13576,0.09188839746939077,0,Low
d4aad4377f,0.5261232167808176,1,High
d4b219de54,0.4987962592055739,1,Medium
d4b5eed5cf,0.08608112999646399,0,Low
d4baf2f6fb,0.14970415892538774,1,Low
d4bf084ca3,0.3029378974197217,1,Medium
d4bfd9fae1,0.13906275265326665,1,Low
d4c0426f2e,0.05869206899324649,0,Low
d4c69d4fbf,0.062406227892320976,0,Low
d4c8562071,0.036204101225328744,0,Low
d4cae53a6e,0.03480467935116379,0,Low
d4d00ffbae,0.3637096119713438,1,Medium
d4d0d321d8,0.06054568466296238,0,Low
d4d10f3fed,0.07332425900226912,0,Low
d4d20ff498,0.03581236412489985,0,Low
d4d253fd73,0.12258472788642436,1,Low
d4d3c4f6ab,0.0778353934990444,0,Low
d4d77a6d13,0.03416366332329362,0,Low
d4df03f67a,0.06150220326686296,0,Low
d4e2446fcf,0.030113501716523515,0,Low
d4e29c147e,0.478516988295717,1,Medium
d4e3f2e07a,0.1513769907649716,1,Low
d4e618884f,0.059301982083243124,0,Low
d4e8489db3,0.0347804616462265,0,Low
d4e9878f1c,0.3529842279761535,1,Medium
d4f32c09c8,0.10239605678983886,1,Low
d4f5c6dc72,0.21311534671740934,1,Medium
d4f61029b4,0.207166683535949,1,Medium
d4f991a893,0.16307275760638734,1,Low
d4fd848387,0.18636328319960513,1,Low
d50d4fc152,0.03817197318297074,0,Low
d50db7b81e,0.05582050498180046,0,Low
d511d4215e,0.044011634254911766,0,Low
d5136712f6,0.060375461951910625,0,Low
d516fb1fbc,0.09354230113508918,0,Low
d51cfb9827,0.20118136393438743,1,Medium
d527198746,0.059419116482441046,0,Low
d5271ce29c,0.24722314087934896,1,Medium
d52c3841b8,0.22116364157638885,1,Medium
d52c6f1759,0.08080011290956941,0,Low
d52d296d8f,0.043922546170176,0,Low
d5302a9572,0.07774185600000663,0,Low
d531390fd8,0.19984979821198862,1,Low
d536d22a70,0.417486080755196,1,Medium
d5394b3215,0.1382590532179604,1,Low
d53b4ae8dc,0.09790905722274493,0,Low
d53c0bf136,0.033435563390718404,0,Low
d53deb1c01,0.19592289141491095,1,Low
d53e84d283,0.033208387632226756,0,Low
d53f661bb5,0.08063667668827719,0,Low
d5408d0d99,0.08648359765197897,0,Low
d54130d4b6,0.10638566195614768,1,Low
d543a3d601,0.04836516766262252,0,Low
d546115369,0.22839611868173945,1,Medium
d54bd6daa1,0.048381723949963276,0,Low
d54e888e46,0.09311008109122425,0,Low
d5502be038,0.09836254393205476,0,Low
d551a0b8e2,0.08459585239958393,0,Low
d552b8e2a0,0.040232042992226096,0,Low
d553a854d8,0.28390241167167235,1,Medium
d55448ccc0,0.05341492984763578,0,Low
d558080440,0.10433512049846393,1,Low
d558d11603,0.12194328562624938,1,Low
d55b83f2a5,0.2934126708374234,1,Medium
d56d444d56,0.2003001246010497,1,Medium
d57c683c66,0.11309128652942123,1,Low
d57e509188,0.04154642655763495,0,Low
d580c12a9c,0.19381229416083454,1,Low
d58a51d942,0.16463347651631685,1,Low
d58bb4c517,0.14216597237409673,1,Low
d58e92dbb8,0.052222740794358444,0,Low
d58f423e85,0.09869941581857286,0,Low
d59077f07e,0.1754423905101151,1,Low
d590cfb543,0.20471292899410773,1,Medium
d591ec6b08,0.09452242825653549,0,Low
d592fed6d2,0.04728493611953882,0,Low
d5947d3263,0.33142091825845554,1,Medium
d594a82299,0.02549023888495147,0,Low
d5951c4e51,0.04086942508804733,0,Low
d59a365aa1,0.03476961226884928,0,Low
d5a086bb87,0.08269049834186486,0,Low
d5a0abefc8,0.15435375661059994,1,Low
d5a2688584,0.06498541490676474,0,Low
d5a423e2e4,0.11293202667338849,1,Low
d5a5f270bb,0.2536695047688662,1,Medium
d5a6b97dd1,0.017977558639170305,0,Low
d5aeaeedb1,0.11091215652647897,1,Low
d5b4d7cb53,0.04320334445433647,0,Low
d5b74e8520,0.09073614073825509,0,Low
d5ca472361,0.09339960207676522,0,Low
d5ce3ab287,0.15236216134461242,1,Low
d5cf4cda44,0.23849214214724931,1,Medium
d5d1e19971,0.045387038713010565,0,Low
d5d72ea91f,0.10207853313177175,1,Low
d5d8bab570,0.13966414996136123,1,Low
d5d8ed7e44,0.15153330715864116,1,Low
d5d962cc0d,0.05355987578338402,0,Low
d5db1e1c8a,0.20718865451939303,1,Medium
d5e21ddd2a,0.1265361252234652,1,Low
d5e3fbb771,0.10092364110000888,1,Low
d5e4587649,0.04243692857967801,0,Low
d5e61b36c0,0.1704036562831441,1,Low
d5e72539f2,0.05357789055453196,0,Low
d5e99e8a15,0.07085398432126642,0,Low
d5ef439f53,0.08563785489614999,0,Low
d5f23666c1,0.0933317311470006,0,Low
d5f2614c23,0.28840388654802684,1,Medium
d5f5030d73,0.4019443110293373,1,Medium
d5f8ae0901,0.1542436849757599,1,Low
d5fa2c19b0,0.03492403070113512,0,Low
d5fe48cfce,0.05291957627015104,0,Low
d600f6d6cb,0.08572559509299421,0,Low
d60a5c55b0,0.09215247009161584,0,Low
d60d637cf1,0.10382177015374665,1,Low
d60f5ccc72,0.026438256084698183,0,Low
d61530039a,0.14663725011786627,1,Low
d6161b9b6a,0.10885024211879063,1,Low
d61741c484,0.1014506173273,1,Low
d61eff0651,0.024437927546262048,0,Low
d61ff7c329,0.058912676232981034,0,Low
d628b13cc0,0.05301745712378601,0,Low
d628e147c1,0.1729235380362864,1,Low
d63104ef73,0.05200790543243268,0,Low
d6316d66b4,0.027176162660783706,0,Low
d6369babfc,0.06842869690998611,0,Low
d63b61c5e0,0.16190305070188135,1,Low
d641c1a411,0.13040983096219527,1,Low
d6426ebb72,0.04646744483194641,0,Low
d64e39a373,0.14265107626133158,1,Low
d64f352346,0.4716829229583303,1,Medium
d6542fac2b,0.3333652092062158,1,Medium
d65b73f8e1,0.02520369547079715,0,Low
d65ff24600,0.04401247286875177,0,Low
d66061bfbe,0.051580040098123454,0,Low
d667276310,0.1479214561098382,1,Low
d669de9d3c,0.06466553625663349,0,Low
d66b6a037e,0.06797437767214416,0,Low
d66cda473d,0.21764688036078217,1,Medium
d67257c35e,0.0843289661995651,0,Low
d67364891c,0.5480312914289369,1,High
d67790ce19,0.09665722097765259,0,Low
d6820717d7,0.09239625045767147,0,Low
d6836a17f3,0.23602569458093217,1,Medium
d686e1201a,0.12273735525450012,1,Low
d68ac546da,0.03201339052606762,0,Low
d68fab5eef,0.03446306540040454,0,Low
d6915c0d69,0.30196587077350034,1,Medium
d692a84a0e,0.6162877517204893,1,High
d693683967,0.15037564386421357,1,Low
d69497f32a,0.06593830608019405,0,Low
d69c191e2c,0.05442548714255354,0,Low
d6a0ad3332,0.026574235828165014,0,Low
d6a10b77ac,0.08788592657611438,0,Low
d6a1730cc8,0.04828139427916656,0,Low
d6a5e316ef,0.04999676766928657,0,Low
d6a6f055f4,0.31383980187937743,1,Medium
d6a704a283,0.15889468905111437,1,Low
d6a71da571,0.054764988271824445,0,Low
d6ab9bcfc8,0.0395941865502049,0,Low
d6b06f5d4b,0.08371277304446982,0,Low
d6b0f0b072,0.05855670802807113,0,Low
d6b239c79b,0.12557315283774725,1,Low
d6b90a5117,0.15309264834989125,1,Low
d6bf9c741d,0.07996008292097069,0,Low
d6c2396358,0.22840742850191054,1,Medium
d6ca7c5ae9,0.21223288137745572,1,Medium
d6d065c61a,0.10970708155796861,1,Low
d6d18b76ce,0.12002786283639567,1,Low
d6d27b107c,0.1679736300980597,1,Low
d6d8c270b4,0.11168156589182458,1,Low
d6eb5b474a,0.16239782598073135,1,Low
d6f0314641,0.24377966251556116,1,Medium
d6f4fbf172,0.1345437552729434,1,Low
d6f81eaa63,0.2081392200409932,1,Medium
d6f922f844,0.02888177410380457,0,Low
d6fecd85f0,0.13190891021968265,1,Low
d7098bfdb9,0.10894852908169894,1,Low
d70a09f6f7,0.05355920873188387,0,Low
d710159354,0.11677080176384547,1,Low
d711d92049,0.0876735342711184,0,Low
d71daf7087,0.03448067008358264,0,Low
d71f71f3ef,0.07899157122596188,0,Low
d72531fa80,0.21127761886218896,1,Medium
d726880bb5,0.16625626167833837,1,Low
d72c578d50,0.1841224900480415,1,Low
d72e22b972,0.32709630353289454,1,Medium
d72ee84987,0.016855469542289923,0,Low
d7328c9c35,0.1924478827257588,1,Low
d735b7e9c6,0.11263291555697122,1,Low
d73afd848b,0.21401061617367936,1,Medium
d73bf57ab2,0.23972434869492396,1,Medium
d73d9ea147,0.03306362574490278,0,Low
d74705be81,0.06942003036724124,0,Low
d7483a0f74,0.052632812418888494,0,Low
d74adec8d2,0.07234751527260412,0,Low
d74b09634e,0.291890955727094,1,Medium
d74c8d52a7,0.10149985052608837,1,Low
d74d1912aa,0.05643666123752255,0,Low
d74d8ef1e9,0.4711688547775342,1,Medium
d74f896b5f,0.16715416451976572,1,Low
d75228ebb8,0.23248630351207836,1,Medium
d752469d6f,0.05339461748684158,0,Low
d75510f64d,0.08519622657236188,0,Low
d756970364,0.04747090526781696,0,Low
d758899399,0.07309426319846166,0,Low
d758dc95c7,0.08154437330267747,0,Low
d761eaef4b,0.10016098690410714,1,Low
d761f00e6f,0.05072949811542193,0,Low
d763459636,0.02992874277395123,0,Low
d766e8676b,0.17163293984206282,1,Low
d768adcd04,0.21842425898253467,1,Medium
d76df8a0da,0.017723152845861838,0,Low
d76e02f88e,0.5755393131003745,1,High
d7758177f1,0.06027564627618182,0,Low
d775b141ea,0.056693584939371135,0,Low
d777616270,0.07857201254158137,0,Low
d77eb46650,0.19859954265086383,1,Low
d77f330ca5,0.10082193783373462,1,Low
d784bd0b8d,0.09167182634758961,0,Low
d7882a8fd7,0.02363722000277523,0,Low
d789112572,0.09960258301774665,0,Low
d78a274c68,0.10598015384510318,1,Low
d78c83c6e7,0.23982851566732988,1,Medium
d78e0108f5,0.06893689614626915,0,Low
d79ac2d6b2,0.16183781206592143,1,Low
d79b22db04,0.0709317987234106,0,Low
d79b575a79,0.121449600821469,1,Low
d79d7e7cc1,0.4202166917527511,1,Medium
d79e91f107,0.2106610200555894,1,Medium
d7a2070ec7,0.04782418632005398,0,Low
d7a476357b,0.29796528391347227,1,Medium
d7a8c78d42,0.17253610383714604,1,Low
d7a8c8abf5,0.01940614090355157,0,Low
d7a99f61a1,0.08417889049143758,0,Low
d7acba21f1,0.0874473233401476,0,Low
d7ad00f11b,0.02878830112821532,0,Low
d7b10707e5,0.075729890263888,0,Low
d7bb40b997,0.140330921512949,1,Low
d7bbd68cde,0.02545466258552774,0,Low
d7bddc5400,0.051403080576981064,0,Low
d7be962009,0.18997413538751104,1,Low
d7c0780165,0.11215859129354135,1,Low
d7c71442dc,0.04019948930478946,0,Low
d7ccb43553,0.04343759343172733,0,Low
d7ce8d2470,0.3026322529794455,1,Medium
d7cfcb0005,0.08740735613751208,0,Low
d7d4d25750,0.2798315584598302,1,Medium
d7e07abcb0,0.12893890203288136,1,Low
d7e66a5fa9,0.10031107643074126,1,Low
d7e73f725d,0.1949873803348926,1,Low
d7f07171fd,0.017154921956240132,0,Low
d7f163f188,0.18022481706060578,1,Low
d7fc4bf1c7,0.06861430591555306,0,Low
d8028ba048,0.12007248390290709,1,Low
d8075c8f7f,0.13313532615350265,1,Low
d808093fa2,0.140446521228155,1,Low
d80cb20758,0.09212955886897517,0,Low
d80d56e280,0.044290579683313444,0,Low
d80f5767d3,0.17956395094897382,1,Low
d812562530,0.02286952908615679,0,Low
d81ae9f9a5,0.10506861799870414,1,Low
d81e4e16e3,0.3762550068300839,1,Medium
d81f8918a1,0.060637304607096494,0,Low
d8224763f1,0.1960356879846689,1,Low
d826ca7328,0.1249301981581832,1,Low
d82e93deeb,0.04944001131551929,0,Low
d8316c8281,0.13482895709458897,1,Low
d832078697,0.2534920379076343,1,Medium
d835cbf17b,0.11168106836063099,1,Low
d837b77e31,0.0825440690220701,0,Low
d83a7b15c0,0.24162396862447372,1,Medium
d840d87d2b,0.22127377237349108,1,Medium
d8429a394b,0.12988785558236415,1,Low
d8435a56fc,0.05443012552264265,0,Low
d84ad3fdd9,0.04267509126636565,0,Low
d8535d4d3d,0.057695024897411726,0,Low
d857f83524,0.039510737214935115,0,Low
d85912726c,0.3008166437181772,1,Medium
d85d2b293c,0.10456201994118208,1,Low
d85d608d23,0.15344613469717336,1,Low
d863d81674,0.3795648471922243,1,Medium
d86a8e7379,0.16032256988574592,1,Low
d8745a6796,0.09677817719328935,0,Low
d87753464b,0.3424225547628389,1,Medium
d87ca54e8f,0.16093118087775074,1,Low
d87dfaa6fb,0.15853487745153594,1,Low
d88126074f,0.20427172627718038,1,Medium
d88199017b,0.29602204129216536,1,Medium
d8915ab90c,0.10202266822901675,1,Low
d8978d9097,0.15971036043452588,1,Low
d898b06949,0.12271228569430212,1,Low
d89996b971,0.01933355216156531,0,Low
d89bc2c464,0.05236880636448299,0,Low
d89c1dc35a,0.092021217433618,0,Low
d89d4d46f0,0.12239888533543353,1,Low
d8a04986e7,0.1664867995582346,1,Low
d8a1a66cf7,0.07234010574319019,0,Low
d8a351ba4e,0.053225537412513506,0,Low
d8a800eb32,0.05944160793876264,0,Low
d8ab8d80a0,0.02005504184705856,0,Low
d8ac7913c0,0.16661344109099163,1,Low
d8af689c14,0.06404831785825615,0,Low
d8b4790b02,0.17467288369085782,1,Low
d8b63e8b4b,0.05688479403442354,0,Low
d8c50b0226,0.8785936691699956,1,High
d8c75c1b97,0.06083690909209829,0,Low
d8cb6feadb,0.03485613818795876,0,Low
d8d04d9aba,0.3258571200253994,1,Medium
d8d8ba6c1f,0.07725856463159414,0,Low
d8d9f47fd5,0.35189083168855634,1,Medium
d8da6886b7,0.16874428631785357,1,Low
d8dc537218,0.15419966917329175,1,Low
d8e041f979,0.5324405700551459,1,High
d8e15ace78,0.15659010432920442,1,Low
d8e2396944,0.23868589969175133,1,Medium
d8e2426e38,0.1406240733365611,1,Low
d8e3653d37,0.03787143071940989,0,Low
d8e894c5b8,0.2103887031360916,1,Medium
d8e9c85bb1,0.1792605117006662,1,Low
d8edbcf63a,0.0476220831250526,0,Low
d8f16d13af,0.1794980766967485,1,Low
d8f8aead64,0.03424222794639727,0,Low
d8fe4bff16,0.06586236062273434,0,Low
d902091532,0.09649382508748926,0,Low
d908ab0f5d,0.15092743109346604,1,Low
d909ccf2ee,0.07744375021151205,0,Low
d90ad67986,0.032859433351698386,0,Low
d916acde72,0.06664842431674349,0,Low
d916cd34d2,0.20512007384795503,1,Medium
d91a5c7973,0.12135108155299068,1,Low
d91fbc7901,0.15187755849492737,1,Low
d9208af37c,0.45499800342626473,1,Medium
d926492feb,0.1464038817908114,1,Low
d9284af784,0.8281235446541682,1,High
d92d8273fa,0.11620743807484907,1,Low
d92f1002c9,0.13837641079676688,1,Low
d9326a14b5,0.05302823830854966,0,Low
d933edbaa7,0.10811824826083799,1,Low
d933ef7063,0.054455888614691535,0,Low
d935eb3172,0.054190720000067395,0,Low
d9384d63d1,0.05239766731563331,0,Low
d93c3cffb4,0.05920083485229772,0,Low
d93fb7eb5a,0.05168882048221796,0,Low
d941c4bfcd,0.057175736116469617,0,Low
d94246d5c0,0.05022123643228303,0,Low
d9431d8426,0.08291317674987474,0,Low
d944e7611c,0.0425647353544002,0,Low
d94d81ee90,0.16540507913811694,1,Low
d94fe56489,0.09400652832251187,0,Low
d950ac4a31,0.12038296175873094,1,Low
d9583b50c6,0.07814327996171576,0,Low
d95f9c8a99,0.08769703764451955,0,Low
d962c5a71e,0.12058246734113962,1,Low
d96524d2be,0.09822182121906389,0,Low
d965257d14,0.08763159897222964,0,Low
d965d14259,0.07921348418650694,0,Low
d96d337398,0.48214596132942017,1,Medium
d973c0b4d0,0.23115208423037945,1,Medium
d974ad7c9e,0.019909355400117845,0,Low
d9757595e4,0.2853874242272818,1,Medium
d976ab73fe,0.14326926810241444,1,Low
d97795122b,0.3315413487847251,1,Medium
d977a30ef2,0.06581659936520187,0,Low
d97dd98158,0.1449556763142665,1,Low
d981344fa8,0.0196701772504266,0,Low
d983884928,0.13129528514790595,1,Low
d98d8e9089,0.06075966838408309,0,Low
d98e652e13,0.12061271684700142,1,Low
d9906cdfee,0.1684818881062343,1,Low
d9908d620a,0.18310006560405545,1,Low
d99ce331f8,0.026630995311990938,0,Low
d9a02d205d,0.15859827407341096,1,Low
d9a76aa0d4,0.13888284158056388,1,Low
d9a8cfb030,0.046636999458838195,0,Low
d9ae01d7f1,0.2363291993624181,1,Medium
d9b03dfed1,0.02249176996951261,0,Low
d9b06e3a59,0.12427375378826615,1,Low
d9b9b0348c,0.2769023614659434,1,Medium
d9c4de578c,0.19117003252127482,1,Low
d9caf4f9d1,0.09901399378313609,0,Low
d9cd830ed8,0.024464974457716365,0,Low
d9ce3c7e84,0.26783779644729144,1,Medium
d9cfa43c20,0.10359092179765544,1,Low
d9cffeac23,0.23004981467214167,1,Medium
d9d2797e88,0.21062206662832814,1,Medium
d9d577aae4,0.17443423696680002,1,Low
d9d81442f9,0.016797994052369234,0,Low
d9e1200546,0.13547098439831595,1,Low
d9e4fe98f9,0.050066392251153266,0,Low
d9ee4eb2ec,0.07757875343179471,0,Low
d9eefac0cf,0.08410980048663597,0,Low
d9f0fdb910,0.045403073701072875,0,Low
d9f40d65ac,0.0683368496275061,0,Low
d9f77d9d4a,0.02302645158162489,0,Low
d9fb46a95a,0.1672546585002825,1,Low
d9fcfc2aa6,0.0685778729819661,0,Low
d9fdf9be1c,0.3837499315570864,1,Medium
da006e231c,0.1265476014835866,1,Low
da015ee283,0.19697794665503474,1,Low
da07a44f11,0.03851413791393826,0,Low
da0919d117,0.17043470325521207,1,Low
da0c5ae2db,0.1554979864329258,1,Low
da186f9f61,0.261019459129984,1,Medium
da1a6b4685,0.18118171252557322,1,Low
da1b45dc27,0.23543086640628355,1,Medium
da20ec12a5,0.15261146751691743,1,Low
da22935aeb,0.09662142755271028,0,Low
da289b0d97,0.02900056911413322,0,Low
da2952f698,0.06825454671949331,0,Low
da29f594d1,0.29926823203478176,1,Medium
da2b02e44a,0.15145254129537375,1,Low
da2eccd039,0.056527711076861276,0,Low
da2f87547b,0.07711388912144822,0,Low
da3497b30e,0.1426270519525045,1,Low
da368170f8,0.09884756883070514,0,Low
da3a602283,0.06626599582539357,0,Low
da3be0dd46,0.2040806165281952,1,Medium
da4090a73b,0.24172506405985733,1,Medium
da458c0953,0.12437380535327987,1,Low
da4e6b7f97,0.05215893671798212,0,Low
da52f402b6,0.10140171857558114,1,Low
da555fdbc0,0.031075137134406263,0,Low
da56fa5a7b,0.18154896287378489,1,Low
da5d71383b,0.03322721665560232,0,Low
da5e363c5f,0.17172563838104168,1,Low
da5ea3df1d,0.47827576451202863,1,Medium
da5eca4f83,0.196109268387459,1,Low
da5fa0b88a,0.2505645040142748,1,Medium
da63138ce0,0.09989268668292836,0,Low
da6955b4e4,0.13867262737066954,1,Low
da6c0dd468,0.2342197181043399,1,Medium
da6d6e7e7c,0.2275526944430402,1,Medium
da6e90d80b,0.03205105257099742,0,Low
da712823f2,0.02915595714514831,0,Low
da76bf36ea,0.20037417873582275,1,Medium
da7946e97e,0.048512903365904025,0,Low
da7a28fdca,0.19089615790045472,1,Low
da7f0b1da3,0.03903211469871848,0,Low
da7f22b651,0.14828218190345155,1,Low
da86dfd4ec,0.11239291451364761,1,Low
da87254247,0.03726201387605043,0,Low
da8ec73637,0.04087350271206266,0,Low
da90834566,0.16426577040867893,1,Low
da908564a8,0.029252088882715875,0,Low
da924674a2,0.1990809853316935,1,Low
da9604ae01,0.06259911052743564,0,Low
da9b16f697,0.3765486279109677,1,Medium
daa07395a5,0.09300827774760674,0,Low
daa48da965,0.03940060337374137,0,Low
daa8a1ec90,0.8749601004727531,1,High
daac3a86ff,0.19015033254951375,1,Low
daad387444,0.04864442132338113,0,Low
daae0f480a,0.033299658337171745,0,Low
daafbd3c78,0.15086835421927647,1,Low
dab1b43dc6,0.0645656443858627,0,Low
dab2850b8d,0.09268840896790217,0,Low
dab53e3710,0.051107447513226066,0,Low
dab709f4f0,0.15981746444843486,1,Low
dab7322f41,0.16246473954820054,1,Low
dab87732bf,0.20920388147064417,1,Medium
daba09939f,0.22373432583532432,1,Medium
dac3ed4fd7,0.1620518614595585,1,Low
dac4022742,0.20034618231646004,1,Medium
dac9c4bc57,0.13988280425645427,1,Low
dace78899d,0.07049674909588315,0,Low
dad15569d0,0.11946778914200465,1,Low
dada02701a,0.12214301023189217,1,Low
dadeeb10ab,0.06381969261421928,0,Low
dae2d95bfb,0.15486418807532992,1,Low
dae6b9574a,0.020088572484271087,0,Low
daedf053da,0.17860118910445733,1,Low
daeea757fb,0.6599453895195542,1,High
daf12999ec,0.05942788325295393,0,Low
daf15fc805,0.10555477356243696,1,Low
daf25ac35d,0.11783865936819203,1,Low
daf5df630a,0.20854256025459586,1,Medium
daf5ed73d9,0.2426541857306906,1,Medium
daf74b5638,0.1763038758889984,1,Low
daf939ffce,0.13831743018817105,1,Low
dafa5f1eac,0.1778425651314892,1,Low
dafaf35278,0.10953431749824796,1,Low
dafcbc0fef,0.14411486359106457,1,Low
daff01b30d,0.1342645780090407,1,Low
db02b10ed7,0.08209649019977278,0,Low
db071d7e26,0.23091993763689347,1,Medium
db07524463,0.10306998632769833,1,Low
db0a3535e8,0.1250156931759694,1,Low
db0ceb7b15,0.12079712604565154,1,Low
db174d297f,0.051593640514140976,0,Low
db186ec637,0.12759457843896632,1,Low
db1b486e98,0.42226385308330766,1,Medium
db1e302cc2,0.11799361337479983,1,Low
db26558e27,0.05781781549834353,0,Low
db2e049ae7,0.16007189670355348,1,Low
db30412aa9,0.5621177326234831,1,High
db340fdc8d,0.11731189975756341,1,Low
db37a708b8,0.15014865366660116,1,Low
db37d1721f,0.1952638386194918,1,Low
db38fd7a3d,0.17860170532959402,1,Low
db3b5d0d84,0.11125579393382123,1,Low
db3bef2fd3,0.1808445929103665,1,Low
db3ea60c81,0.029077171443948356,0,Low
db45cc44be,0.2239111889936841,1,Medium
db47ca934d,0.07842717490825257,0,Low
db4826a4d9,0.5158711346389653,1,High
db49d14672,0.08050186566468688,0,Low
db558d9b8e,0.07986635529673544,0,Low
db5d800c59,0.1435300009685897,1,Low
db6023d3ad,0.09602005994354393,0,Low
db64404452,0.040802792369148556,0,Low
db66e41a36,0.1036806756212678,1,Low
db6b655409,0.04014904558834289,0,Low
db6e23a5fa,0.0692376425907891,0,Low
db6fafff2b,0.31225185268839795,1,Medium
db72cfb329,0.0571365110093284,0,Low
db74e9667e,0.17428983177585128,1,Low
db7af09254,0.12521241520461646,1,Low
db7f2fcac7,0.14016849544726503,1,Low
db846a2dee,0.133006363800011,1,Low
db860e5082,0.18999359187459403,1,Low
db88f5be6c,0.03050842647763145,0,Low
db8ebb4b84,0.034632274376612725,0,Low
db948b2534,0.06954872748297426,0,Low
db97011dd5,0.09792858027128597,0,Low
dba007df60,0.18563375578185387,1,Low
dba1ce4450,0.0771742714371108,0,Low
dba4681620,0.146236993599713,1,Low
dba62b9303,0.4838160111348839,1,Medium
dba742ae08,0.03746866684907363,0,Low
dba7cafe62,0.1821638729123646,1,Low
dbaebd63f5,0.12227061834755726,1,Low
dbbe82218a,0.06164054044240901,0,Low
dbbf6c3bd1,0.22701407683857458,1,Medium
dbc078852c,0.22596544975535193,1,Medium
dbc113f424,0.12581424077550502,1,Low
dbc3f505a7,0.08160760867238882,0,Low
dbd1aa3146,0.15426317205057838,1,Low
dbd268a2a9,0.08751088563529638,0,Low
dbd30f050a,0.13291421517103877,1,Low
dbd4743bd0,0.10601771025703316,1,Low
dbd5d1bf75,0.11865780233017827,1,Low
dbd91ffebc,0.030389374345401725,0,Low
dbda1c0679,0.05283682678434692,0,Low
dbde6df8e7,0.04554048544957519,0,Low
dbe4050501,0.11083997570711553,1,Low
dbeb0de135,0.08188494309116388,0,Low
dbee9aa902,0.11005400629286653,1,Low
dbf02c350a,0.1694867063596286,1,Low
dbf5d9cd4a,0.046046883884110365,0,Low
dbfda2fef3,0.17326267120569147,1,Low
dbffbfaa59,0.1156182450575397,1,Low
dc007cc489,0.03604277093863046,0,Low
dc028f3b4e,0.051142241306114604,0,Low
dc02a573b8,0.15097995682575735,1,Low
dc089e8742,0.07329280948336844,0,Low
dc11ae2f77,0.08684663912981626,0,Low
dc1881f39c,0.1355419753661202,1,Low
dc1bc8e4b5,0.13832740430236054,1,Low
dc1ef3561d,0.12858557199467624,1,Low
dc21a0ad1c,0.06891625523108594,0,Low
dc224885cc,0.24614348961490648,1,Medium
dc288e184b,0.17914122487801284,1,Low
dc292ac19d,0.1929491776323086,1,Low
dc2c47b1bf,0.03478838673761004,0,Low
dc2f5dc137,0.23535412681746246,1,Medium
dc30f0ca1c,0.15917752822214087,1,Low
dc3187e073,0.19221120522273638,1,Low
dc36da15f2,0.02306744119403525,0,Low
dc384b723a,0.05387635043419123,0,Low
dc38d0bfa2,0.6380483659434177,1,High
dc3a2c6a9c,0.1533380809541047,1,Low
dc3ff57a3d,0.2531604808169081,1,Medium
dc425db4a1,0.0358090201837181,0,Low
dc49bb0cdf,0.12891948919371968,1,Low
dc4a012808,0.04659858762718964,0,Low
dc4a808240,0.11191199653661357,1,Low
dc4d1ecb60,0.09652283805408761,0,Low
dc5082b017,0.03943191176215102,0,Low
dc55ce90ea,0.19596957536381118,1,Low
dc58cbb16d,0.0197068463421433,0,Low
dc5965a1d9,0.08130633532797177,0,Low
dc5ec240bf,0.10303106460512594,1,Low
dc5fab55a2,0.06750888343994906,0,Low
dc62e65a97,0.03897842006076231,0,Low
dc65efacd5,0.12634349817603274,1,Low
dc7074c8e4,0.192934949094689,1,Low
dc79dfcb1e,0.12139669014906289,1,Low
dc7e3a4b24,0.1864258465150702,1,Low
dc7f856677,0.14640171247279107,1,Low
dc87d08e0a,0.06065778334762605,0,Low
dc8d9d4483,0.03746821005768202,0,Low
dc8f3ba6c9,0.14674676409055032,1,Low
dc926a7b9e,0.1089369109847935,1,Low
dc96edee4c,0.11950837954451315,1,Low
dc986f3fe2,0.02281435923208791,0,Low
dc99ca262f,0.061416692072902686,0,Low
dc9c93f5a1,0.2980690168729596,1,Medium
dca16d6c06,0.2247325179948407,1,Medium
dca8c61281,0.10706495035296783,1,Low
dcacee4535,0.28666127692936505,1,Medium
dcad43e387,0.06629885391817264,0,Low
dcb5a904d1,0.08492515097791584,0,Low
dcb5dd9c3e,0.1852030433197098,1,Low
dcb6f32d0a,0.06251915618417536,0,Low
dcbe2c3a5e,0.12619830288663234,1,Low
dcc4405359,0.033163951379134686,0,Low
dcc85b5776,0.07861589308549034,0,Low
dcc8a55179,0.17826487364980068,1,Low
dccc561085,0.08729659579936982,0,Low
dccccae5b9,0.10553959968581797,1,Low
dcd01dcb3b,0.10330619216785998,1,Low
dcd2585a69,0.04094418606953927,0,Low
dcd4108dfe,0.04200168639217978,0,Low
dcda171615,0.07041982781817019,0,Low
dcda9aebcf,0.09745251381810005,0,Low
dcda9f9797,0.05785185310072034,0,Low
dcdcf13022,0.15764170158560706,1,Low
dcdcf7523d,0.08184040881146709,0,Low
dcddf8e5d6,0.06632625351330954,0,Low
dcde577b1c,0.209800933717366,1,Medium
dce70867fb,0.12408059040906565,1,Low
dcee24f312,0.12507732111133057,1,Low
dcfbea56e5,0.23586004226486584,1,Medium
dcfcd0bf24,0.0680598356693884,0,Low
dd0437f4c6,0.5168186135495415,1,High
dd045c54b1,0.07735721431636634,0,Low
dd07860e48,0.026510095112159595,0,Low
dd0f073210,0.019686030644410234,0,Low
dd0f124d38,0.037066527450834184,0,Low
dd11d63492,0.04903311997408315,0,Low
dd1d14b694,0.04237813489720842,0,Low
dd1ed5e66c,0.11449464904093964,1,Low
dd213892ce,0.23664477528622588,1,Medium
dd22908dd8,0.12092450891130227,1,Low
dd23ebd47e,0.1841092804520182,1,Low
dd43a85398,0.13806201740950774,1,Low
dd4420f33f,0.07105063767207433,0,Low
dd44ae30c5,0.11546890138020481,1,Low
dd44d0245e,0.03734379769372711,0,Low
dd46cf8cb2,0.14496301649436683,1,Low
dd53ff17c0,0.09136829413031289,0,Low
dd5a95a74d,0.19060376375446483,1,Low
dd62044a25,0.08013856317889974,0,Low
dd68f2514d,0.21046638337997953,1,Medium
dd70d1ffef,0.059601223886339205,0,Low
dd74d9e225,0.05565691926350506,0,Low
dd762531fe,0.08318864102991269,0,Low
dd76d37197,0.2314085113685704,1,Medium
dd7817bc39,0.030988667208271013,0,Low
dd79f1881d,0.30025053464513424,1,Medium
dd7d3f49eb,0.07059310722687999,0,Low
dd8021131c,0.031629809818341334,0,Low
dd83af135a,0.2215984688331403,1,Medium
dd89c6967c,0.12702619270797225,1,Low
dd8d9b8108,0.14848935903208266,1,Low
dd951d75ea,0.12071250104420994,1,Low
dd9a1518cb,0.10777162118249678,1,Low
dd9c6463d0,0.05949867808260038,0,Low
dd9eb54e5a,0.15992592666778993,1,Low
dd9fa92d53,0.12036090576443484,1,Low
dda0f33610,0.08895248785679441,0,Low
dda2ca79fe,0.03991143490743763,0,Low
ddae322aec,0.04098977559642693,0,Low
ddaf6db300,0.060037599172321765,0,Low
ddafe20bf9,0.07340882257473233,0,Low
ddb11e094d,0.25864560929067604,1,Medium
ddb9a3833e,0.2709493501822111,1,Medium
ddbc259518,0.6533658110268884,1,High
ddbda245b0,0.09415699192058741,0,Low
ddbeb0f542,0.052645473366815375,0,Low
ddbf03434f,0.056353056998509676,0,Low
ddbf5d114d,0.030892593052773705,0,Low
ddc05c99f9,0.16932541470893067,1,Low
ddcb1abc5a,0.07895563552653963,0,Low
ddcca365fe,0.19705024747471656,1,Low
ddccb1c00f,0.11912469830870442,1,Low
ddcfc59702,0.06156489058697097,0,Low
ddd3020565,0.14980065746570745,1,Low
ddebae7cc9,0.22069896624863547,1,Medium
dded6a96a0,0.09462105950391403,0,Low
ddf6646866,0.13266979773802537,1,Low
ddf67251bc,0.29306845859013125,1,Medium
ddf93b4291,0.10049611750519737,1,Low
ddfaa6ba68,0.6349784236894067,1,High
de09026206,0.41580431305316023,1,Medium
de0aa1f329,0.049485023532711656,0,Low
de11838e08,0.1389843975270281,1,Low
de11e71be9,0.1169361085890252,1,Low
de12cf0fb1,0.08238687592175492,0,Low
de1a23d466,0.2580869557269822,1,Medium
de1e37a57f,0.07720409928855951,0,Low
de23954150,0.07997608574562573,0,Low
de2507d54b,0.04872515748599368,0,Low
de2754c35d,0.3248513114604048,1,Medium
de32153a8f,0.23305773216172468,1,Medium
de32d3e39f,0.036004003575079935,0,Low
de396a95cd,0.08461011491474768,0,Low
de39dfb140,0.05891248278141768,0,Low
de3b49fa22,0.09194665263790242,0,Low
de43e50952,0.5853399932117404,1,High
de46feb89c,0.15516644092501763,1,Low
de495e4b37,0.19133516201827583,1,Low
de4a6d3f9b,0.07818846072968651,0,Low
de50db84df,0.07071709045210237,0,Low
de56aea283,0.07037678962763777,0,Low
de58cae740,0.037535870070374414,0,Low
de5a33fe58,0.22676404462159758,1,Medium
de5a4e237d,0.4136317899571968,1,Medium
de5ad780e3,0.07410154885119313,0,Low
de6263333b,0.02503025508607832,0,Low
de66331933,0.133729464399248,1,Low
de6c8f602c,0.17072568638366328,1,Low
de6e60dd9a,0.10725312072701725,1,Low
de731c2415,0.14137546999645417,1,Low
de78f6c6b9,0.08538706183901708,0,Low
de7fe9b946,0.06276646867602335,0,Low
de8c6fbb70,0.2112296739948443,1,Medium
de8d004661,0.07174538314964297,0,Low
de94be72bb,0.028574110226887696,0,Low
de95969365,0.1627955075298347,1,Low
de98ccebf6,0.053062923067756715,0,Low
de9e75119a,0.047626428319888246,0,Low
dea1b251ad,0.17005183484105788,1,Low
dea41a4fe8,0.11254882710476906,1,Low
dea59f2cf2,0.07885582512419191,0,Low
dea5f73086,0.22886850973498735,1,Medium
dea859e493,0.03692581147508065,0,Low
dec4128c50,0.11000886103224258,1,Low
decabe22ca,0.037635167420545075,0,Low
deccb1506a,0.10875004135077486,1,Low
deccfba1e8,0.15988941495829437,1,Low
ded40d83f7,0.1044737261558864,1,Low
ded8d41636,0.08309777050939429,0,Low
deda2b3360,0.14679229938629573,1,Low
dedaf482e6,0.07398894247715905,0,Low
dedb790219,0.14516602271760956,1,Low
dedf235236,0.061557757574615034,0,Low
dee8fc4e39,0.06833566950630245,0,Low
deefdcb4eb,0.15793634429054232,1,Low
def4514e69,0.41591718020878404,1,Medium
def762a133,0.09708769741481525,0,Low
def9ff8294,0.09112717366563491,0,Low
defc030ea4,0.31499339321703324,1,Medium
df04dd8b92,0.1677365549626905,1,Low
df052a2b48,0.059519744717564514,0,Low
df058b7594,0.2483313765411359,1,Medium
df06106f0b,0.13801090224397744,1,Low
df0d09415e,0.05653822358850177,0,Low
df10084ab5,0.039333684991075084,0,Low
df14e69657,0.09347626980975311,0,Low
df1b8035ee,0.058332569796462695,0,Low
df1cbb4323,0.1721659976708036,1,Low
df1e735951,0.08045020928705339,0,Low
df24c90c44,0.07791718903847318,0,Low
df25e70618,0.10556672153197762,1,Low
df3049edcf,0.061321577193604766,0,Low
df34ae3171,0.06824074910856472,0,Low
df35716b82,0.08495225348403246,0,Low
df37c6ba0f,0.19706201387218045,1,Low
df38bbb867,0.1769458137940479,1,Low
df39903fef,0.1494900575817283,1,Low
df3abeb636,0.055972547064806755,0,Low
df3ee14366,0.12102128482126896,1,Low
df4d4b0a31,0.03966485962438591,0,Low
df4fe8bd4d,0.15607196297711592,1,Low
df57744a13,0.11024353364223083,1,Low
df586054d9,0.23198213156116335,1,Medium
df5b561a1e,0.10281978353179592,1,Low
df63c61a84,0.04326963092058457,0,Low
df69cb68a9,0.026550776901757025,0,Low
df6b4fbd9a,0.1646584624360843,1,Low
df6e9500f5,0.03653455724257838,0,Low
df7252206b,0.040742542448250846,0,Low
df76401bd9,0.12273978487572876,1,Low
df78e42873,0.049004294624493454,0,Low
df7cd6dcba,0.2628600046500841,1,Medium
df7d891100,0.13209240885930398,1,Low
df7e518364,0.11985136643553596,1,Low
df7f5546bd,0.07130798847550822,0,Low
df86466cb4,0.2834967533738791,1,Medium
df88fdbebf,0.30214203072061446,1,Medium
df8a56aeeb,0.15293332172591434,1,Low
df8aa6b9d7,0.030492378450172043,0,Low
df8dfa3132,0.015816332570142748,0,Low
df959b79de,0.05579243294178582,0,Low
dfa27a3062,0.07838912118128126,0,Low
dfa6c2c579,0.04697107924423638,0,Low
dfaa561201,0.025057740444162164,0,Low
dfadb1c087,0.18673073433520393,1,Low
dfafafc570,0.10245808936121684,1,Low
dfb0142d02,0.07760978290087293,0,Low
dfbcc7044a,0.2978401846707394,1,Medium
dfbe474d1b,0.026237168834315063,0,Low
dfc484fb37,0.10785881246100182,1,Low
dfc9472960,0.1003518183981361,1,Low
dfc9777574,0.07839236279328159,0,Low
dfcfa5ccce,0.0581999153876215,0,Low
dfd1554aec,0.047798539272667195,0,Low
dfd20956e3,0.043721863089587906,0,Low
dfd848d30c,0.09031721903147849,0,Low
dfda60852e,0.14605340052745464,1,Low
dfde3e1481,0.0771827429410359,0,Low
dfe2a8398a,0.39628676571788624,1,Medium
dfe5d89241,0.31226219173077374,1,Medium
dfe976573e,0.06720553058487153,0,Low
dfee89afd2,0.40823417915236215,1,Medium
dfef76bdd3,0.058984472429431375,0,Low
dff3cea630,0.07233437795248006,0,Low
dff7c3b022,0.06969535438089776,0,Low
dffc97d1cf,0.1569577415456926,1,Low
dffea2c6e2,0.02210470472106669,0,Low
e0015b96cc,0.013328482472108933,0,Low
e006e627c9,0.24882954605721821,1,Medium
e011c609cd,0.08839778662253447,0,Low
e0124559e5,0.03138319375212345,0,Low
e01486211e,0.13895700930485788,1,Low
e0159502eb,0.12469167537027225,1,Low
e01ed0d5e4,0.038899572092405604,0,Low
e02486ef31,0.3393852361200067,1,Medium
e0318e6eef,0.025751982838871142,0,Low
e032a70616,0.04917553068200599,0,Low
e0388d4392,0.10388096464002065,1,Low
e04023330f,0.12989672110044,1,Low
e0430cb969,0.37613469767741886,1,Medium
e04520d92f,0.12214656259378157,1,Low
e046e590c7,0.39732689336006305,1,Medium
e0542cd66a,0.3958270998336284,1,Medium
e055e0345d,0.01665091278837334,0,Low
e057d5a76b,0.05381641623052428,0,Low
e05e57e609,0.1171205466485641,1,Low
e05f8f8b82,0.06782964390183994,0,Low
e0658ca991,0.12669634705561292,1,Low
e06824cadb,0.3298911014231515,1,Medium
e06f6059be,0.13482386933424387,1,Low
e0708604e8,0.18892676199625402,1,Low
e075d5014d,0.34215414349966977,1,Medium
e0794b073e,0.03413134602812055,0,Low
e07a83f16d,0.3520737108039743,1,Medium
e085aac84c,0.07421136599554574,0,Low
e08cddab6f,0.10429428609724962,1,Low
e0903c104c,0.22041687064804993,1,Medium
e091c4d0c2,0.28509799317022183,1,Medium
e093bb7085,0.06314734540148692,0,Low
e094c9b73f,0.10026218426582156,1,Low
e096ea8fb1,0.03706358665454832,0,Low
e09c5c8b0c,0.059055526045138904,0,Low
e0abe70de1,0.10926077012369825,1,Low
e0ad45796d,0.07473210488774708,0,Low
e0ae1590d9,0.10301522508800984,1,Low
e0b2538b5f,0.27581230553013464,1,Medium
e0b6cced24,0.057021382781279786,0,Low
e0b89a496c,0.204691040818469,1,Medium
e0bb0bf34c,0.13364810439729632,1,Low
e0bc63d8c9,0.36083763922048134,1,Medium
e0c202122a,0.16127631885262492,1,Low
e0c23618b2,0.033433125586850986,0,Low
e0c2361dc2,0.027195432011716904,0,Low
e0c3f0d135,0.2183779012115599,1,Medium
e0c79bc7ae,0.1438813356706615,1,Low
e0c7d06459,0.20062559588303702,1,Medium
e0ce0821f0,0.019095199288555534,0,Low
e0ce451566,0.21959379888348315,1,Medium
e0d1255871,0.3054820296243017,1,Medium
e0d5916cf1,0.06961314635356672,0,Low
e0dc10f080,0.08670152478192296,0,Low
e0e258233c,0.09524521255050351,0,Low
e0e4dfb39c,0.24870380332065462,1,Medium
e0eacc3d0b,0.20401242996110172,1,Medium
e0f1bb9d9b,0.15630795519294322,1,Low
e0f5f523f0,0.1488926963651683,1,Low
e0f7d83fc0,0.045011341275760515,0,Low
e0f7ddb4a1,0.1811838937602775,1,Low
e0fe29e6b2,0.15826662282521078,1,Low
e100c4b2c3,0.07551707479353778,0,Low
e103b8da53,0.09344873310787741,0,Low
e10883ad9e,0.15979062895640106,1,Low
e10fc6f964,0.0950632081826616,0,Low
e114223c14,0.054811991765181305,0,Low
e119d562e3,0.04484924363070341,0,Low
e11cf7de6c,0.12190833162734697,1,Low
e11ddbf49a,0.3993519245076645,1,Medium
e11f03773d,0.09692938997446024,0,Low
e123b63ec8,0.04187726575750491,0,Low
e1248cd342,0.15863119237858916,1,Low
e12c2088a5,0.07983347423716983,0,Low
e12dbd7409,0.09606784289273862,0,Low
e12e7f55a4,0.8625554185693358,1,High
e1305b0fc9,0.2942661187126031,1,Medium
e130f9b5d5,0.13767876202644636,1,Low
e131b38367,0.1226522354200318,1,Low
e135af5fe7,0.19989495812925068,1,Low
e1374aeb45,0.25867545404639836,1,Medium
e138629bbf,0.3457743347194198,1,Medium
e13f9d7eca,0.1672054802866804,1,Low
e1417b95a0,0.051332502108977385,0,Low
e146b577de,0.13862426337931885,1,Low
e149ec335c,0.0320306788165324,0,Low
e1510a1123,0.0506144720422598,0,Low
e15f6b5013,0.14924920056316993,1,Low
e160a65f1d,0.06665097103090456,0,Low
e161fa5808,0.265321321630552,1,Medium
e166619d71,0.29871344193588223,1,Medium
e16683d14a,0.10448528474382351,1,Low
e169971b7a,0.20137583007139495,1,Medium
e16a2f071b,0.08305688630798196,0,Low
e170082049,0.17961865876049282,1,Low
e170cc191f,0.07392126962709528,0,Low
e1724783dc,0.13807791717225334,1,Low
e172fcb070,0.04581087902396757,0,Low
e17599f19c,0.09245665925342825,0,Low
e176f4c197,0.061816313643784246,0,Low
e17e9c9acc,0.093196875921226,0,Low
e18467a74e,0.0940554875491545,0,Low
e185ed0aab,0.13595736656581173,1,Low
e1861456c3,0.2275870863849984,1,Medium
e186601916,0.028297560692739875,0,Low
e1868c42c1,0.13389066743143216,1,Low
e18fca6d46,0.14334317770065974,1,Low
e192de21d7,0.571698471467437,1,High
e1935c24e6,0.10617596620687964,1,Low
e1945e3eab,0.08680724110497061,0,Low
e198446a23,0.2202330791225596,1,Medium
e19ba12622,0.16283242484716468,1,Low
e1a3090483,0.030871509216936727,0,Low
e1a6dcc500,0.04474233997453923,0,Low
e1a94fd010,0.035739273271727656,0,Low
e1bac97d2f,0.09316812283496277,0,Low
e1bcd20e98,0.03386371032587697,0,Low
e1bfd02ff7,0.08796018900135215,0,Low
e1bfd2026b,0.16080984257300251,1,Low
e1c6ebbad0,0.872722116523988,1,High
e1c929de15,0.04101398165534341,0,Low
e1ccd2e082,0.038422413770992064,0,Low
e1ce4556da,0.07331412306130651,0,Low
e1d001ce64,0.0723593716560656,0,Low
e1d39b5b8c,0.10927465972916214,1,Low
e1d8c05025,0.17963078102732494,1,Low
e1dce66f88,0.3005643430240465,1,Medium
e1de653a84,0.06593813570366261,0,Low
e1e1c66bfa,0.02769685576196121,0,Low
e1e1f526df,0.03737006447998283,0,Low
e1e54be6eb,0.1822245585624904,1,Low
e2021ea4fc,0.1673569625820271,1,Low
e202931477,0.025151136265972214,0,Low
e211e542dd,0.10013060555243285,1,Low
e215c4a483,0.0550869342946077,0,Low
e21d46a96f,0.019290853183050675,0,Low
e21ebf548b,0.31956753862887216,1,Medium
e220b4edba,0.3050381571565138,1,Medium
e223342f55,0.341643370885015,1,Medium
e2257c3170,0.30109405926911814,1,Medium
e226274ed7,0.12129245743404538,1,Low
e22731adf8,0.060893705500473176,0,Low
e22ea393ec,0.14497567328977382,1,Low
e2318d3093,0.07339051745100346,0,Low
e232fbf9ca,0.14144778804004846,1,Low
e23523e188,0.036240759548951125,0,Low
e2365326b6,0.048576445588390686,0,Low
e23e2ecead,0.14125565493927603,1,Low
e23fe79811,0.31732185251137274,1,Medium
e244652b0b,0.1284837373412378,1,Low
e2489b3f0e,0.053371179929013614,0,Low
e249eaee5a,0.1730843742489584,1,Low
e24d2e0b8a,0.04641727051132452,0,Low
e24e69910c,0.03044999420031448,0,Low
e251357799,0.036251038797049204,0,Low
e25b58ab5a,0.2048435667435749,1,Medium
e25bae3157,0.1386999452887786,1,Low
e26b26ec70,0.33738525465435454,1,Medium
e26cb22e47,0.12065287306194857,1,Low
e26ce2f890,0.0878502101241253,0,Low
e26de1b25d,0.18428766909666697,1,Low
e26ed9b603,0.04124619334187032,0,Low
e270cfa2c8,0.3380949585243032,1,Medium
e278b5a90e,0.043425145782121685,0,Low
e27a7891c2,0.05541560776498739,0,Low
e27c1456a3,0.14176047668358574,1,Low
e27f00b5bb,0.10880499146350772,1,Low
e28602a191,0.08954881769736996,0,Low
e2866c3ed0,0.17620776992821716,1,Low
e2866e0fc4,0.1654748263600975,1,Low
e28c2e59cf,0.03436788920447872,0,Low
e292284a97,0.12965259076276764,1,Low
e293ee1a73,0.03609674202162334,0,Low
e2942df62f,0.180291194305917,1,Low
e298442356,0.03992046331200681,0,Low
e298922f68,0.13361580220140945,1,Low
e29ded26ae,0.08138034746922386,0,Low
e2acbc641b,0.17465198089099182,1,Low
e2ad0c2aa4,0.10987738795281,1,Low
e2aec71726,0.34147993441043945,1,Medium
e2b06e5a47,0.3214358510113727,1,Medium
e2b16d0c94,0.05150917017522492,0,Low
e2baa6cbf8,0.1580867948962521,1,Low
e2c78b7ad7,0.06752060094526023,0,Low
e2ccfb14f2,0.10658813305621373,1,Low
e2cedf1b55,0.03396024094150085,0,Low
e2db3d8f59,0.09486788654644422,0,Low
e2dc257628,0.04887936929041702,0,Low
e2e2d58319,0.22388003336480106,1,Medium
e2e374fedb,0.178924175685308,1,Low
e2e41f5f70,0.07402109316467212,0,Low
e2e5cc812e,0.10365591552758206,1,Low
e2e78f75fb,0.10393240161650698,1,Low
e2eafc7165,0.12688760936762747,1,Low
e2ee2c69a4,0.07981796184675313,0,Low
e2efd12c16,0.028652007076843795,0,Low
e2f0cd3f84,0.25071775963499565,1,Medium
e2f1ecd331,0.13872233237771847,1,Low
e2f33ca070,0.1345652247349428,1,Low
e2f3962624,0.039923903828340095,0,Low
e2f798ba2d,0.159685416165997,1,Low
e2fa314315,0.09260627767922933,0,Low
e2fbb046f6,0.17013190726251323,1,Low
e2ff69ccbd,0.04064362056996736,0,Low
e3066f4792,0.035496090047907033,0,Low
e307cbff43,0.28374922277387177,1,Medium
e30917005d,0.3207407106161285,1,Medium
e30ade46f0,0.056286870898797685,0,Low
e316323660,0.051168000538576265,0,Low
e3166ed1af,0.046996379801160636,0,Low
e316b9b04c,0.126135882871441,1,Low
e31afd62fc,0.053016882715622875,0,Low
e31e8f4be6,0.060150491487476525,0,Low
e31fa5f9ce,0.10130625889407174,1,Low
e326543cd6,0.16018388758278843,1,Low
e327c37eab,0.12832689552169627,1,Low
e32878de03,0.04871167815642638,0,Low
e32bfaa989,0.2426392196842724,1,Medium
e32c200ba1,0.1106950435859541,1,Low
e32c2909fa,0.14656052490576735,1,Low
e33e0bb654,0.6700299930179294,1,High
e340870dda,0.04387899315194239,0,Low
e342ffe674,0.11854905488607437,1,Low
e3435dba3a,0.1023984186893979,1,Low
e34596aa37,0.01901028296527179,0,Low
e3472cfb0c,0.038384040866499866,0,Low
e3484d6615,0.45190355408815475,1,Medium
e34bb006f4,0.07120271306634826,0,Low
e353ab8ff8,0.1445267087541555,1,Low
e353c6408a,0.1209261851140663,1,Low
e356e9ade7,0.2970208376476708,1,Medium
e3581b308c,0.06225020833857816,0,Low
e3591032ae,0.232559686668256,1,Medium
e3618fa85b,0.07637532552270697,0,Low
e362a9a659,0.3118129695738728,1,Medium
e364ecac3b,0.33536652232027003,1,Medium
e3715f91ad,0.0771437968178005,0,Low
e374f785d2,0.1640402275649209,1,Low
e375fdcdc3,0.11298468796289282,1,Low
e377423046,0.1842231137310776,1,Low
e37e3bf824,0.13608744293685307,1,Low
e37f43a0b8,0.18909356913602732,1,Low
e383d825dd,0.11243749913207966,1,Low
e384235e75,0.03639057421863105,0,Low
e38b1ff1b3,0.1732642219525929,1,Low
e39197392b,0.6267558928025516,1,High
e3990cdd0f,0.04152937068092833,0,Low
e39949a464,0.10433487449878803,1,Low
e399ffe15e,0.15545031260437722,1,Low
e39c84370d,0.04828798446728731,0,Low
e39e1429b2,0.11925989450464938,1,Low
e39e673cc8,0.1235915841264007,1,Low
e3a06b64c9,0.11618010353313563,1,Low
e3a6dd5eb6,0.1027445903225902,1,Low
e3a74041b2,0.11433298250072664,1,Low
e3aff31ecc,0.17888893986748722,1,Low
e3b08e7986,0.05520476936283732,0,Low
e3b7dca7c2,0.022431609970754586,0,Low
e3bad44a96,0.2171140705305788,1,Medium
e3bf98595c,0.04397524871921863,0,Low
e3c0fd1fae,0.04573076318151212,0,Low
e3c1ca5f9b,0.2510749528205332,1,Medium
e3c239340e,0.05241538550684464,0,Low
e3c7c68351,0.17613474975052676,1,Low
e3c93fff11,0.031835963007862775,0,Low
e3c9d7fd72,0.12204291373168581,1,Low
e3cac22135,0.19552668657922107,1,Low
e3cc37a5aa,0.05815613667438076,0,Low
e3cda3de22,0.1577576500278748,1,Low
e3ce84b22e,0.07201083545910018,0,Low
e3d022122e,0.03911224321333084,0,Low
e3d078ba42,0.037105520022245535,0,Low
e3d854cd36,0.07258754868316733,0,Low
e3dcfd4dc6,0.03501953500317818,0,Low
e3df374bfe,0.06488630224701547,0,Low
e3df9b9eb5,0.07387800758144833,0,Low
e3e39e0cd9,0.22881987432947132,1,Medium
e3e468d125,0.1215879803430524,1,Low
e3e4866629,0.12543960244608846,1,Low
e3e6c3419d,0.06804858747884901,0,Low
e3e8bc97d7,0.09198583677648667,0,Low
e3f19bdb31,0.12945847561500706,1,Low
e3f3b960e6,0.06875254951431327,0,Low
e3f5c5fdce,0.2877588940277625,1,Medium
e3f9a52764,0.33977908000335383,1,Medium
e3fb8740d0,0.43374110752520884,1,Medium
e3fc3dd868,0.40677296879261293,1,Medium
e40b551d83,0.04443415057576854,0,Low
e40bad3057,0.4352080972333377,1,Medium
e40c7bddca,0.5208725211611898,1,High
e40d227010,0.0537099684174512,0,Low
e40f803a2e,0.045174560885831105,0,Low
e41389b5c6,0.0693824311189672,0,Low
e41ed21783,0.0653390443338351,0,Low
e41ed69760,0.14799306119283023,1,Low
e422431851,0.1020268349528451,1,Low
e429419f30,0.10448921504936107,1,Low
e42b7913fe,0.18548348858582597,1,Low
e42f5bc249,0.11414510923612048,1,Low
e436a68b28,0.19361803868252553,1,Low
e439689e95,0.09855940435596826,0,Low
e4399624c8,0.17656121582277085,1,Low
e442b136db,0.1259353817595324,1,Low
e4435dcc87,0.4458191072080633,1,Medium
e443eaf32f,0.2092857289167014,1,Medium
e4446d84f7,0.08502570361242359,0,Low
e444afaff0,0.21809769572712928,1,Medium
e44cdcecd6,0.14254004189690286,1,Low
e44cfd3c21,0.03713349891825753,0,Low
e44e68d3c4,0.09030296342347605,0,Low
e4522d2834,0.1293855143625404,1,Low
e452b46599,0.052741292057364934,0,Low
e4533f9cc9,0.10735322260399212,1,Low
e4597b9c0d,0.13145159272057383,1,Low
e45d5f82fb,0.06821467443237117,0,Low
e45d7d74bf,0.07407898039984755,0,Low
e45e104ecf,0.1352397678637596,1,Low
e46509a673,0.06466876934406071,0,Low
e468935401,0.06496884636010607,0,Low
e469aba76a,0.5006051495576369,1,High
e46acf04a7,0.19509727042287528,1,Low
e470e508e0,0.07675221427129321,0,Low
e4720ce63e,0.029089190825025424,0,Low
e47d742088,0.03882094082540383,0,Low
e47dcb0791,0.2351522072836377,1,Medium
e48607ee7a,0.17995350615145042,1,Low
e486acb30e,0.07694344146772077,0,Low
e4a7e2b089,0.17922687163017118,1,Low
e4a81436f9,0.1595174498143372,1,Low
e4b3437b3a,0.06975887858022152,0,Low
e4bb02d3a9,0.1861639054697342,1,Low
e4bd00447e,0.0442172932711113,0,Low
e4cb1437d7,0.13254396259205,1,Low
e4ccd3c567,0.15773872626165483,1,Low
e4ce87c13c,0.12439293927577848,1,Low
e4d1a42346,0.24923056108573946,1,Medium
e4d65dfe82,0.13014991568197534,1,Low
e4e47e0583,0.11851912274737686,1,Low
e4e75f6a0d,0.10602391836395444,1,Low
e4eb6bef85,0.011105702391473937,0,Low
e4ed086b30,0.06646401926787332,0,Low
e4f77cdd79,0.033543763274274094,0,Low
e4fb7aa182,0.35798269792874593,1,Medium
e5004215c9,0.1095751138892589,1,Low
e502564164,0.10535890584065814,1,Low
e50431b70a,0.05753964183178904,0,Low
e508fd5239,0.055979761687139154,0,Low
e509e83e18,0.04969938864521395,0,Low
e50f46d4f3,0.14507112855606816,1,Low
e50f4e78d0,0.039509971508538744,0,Low
e512224c42,0.20865115511166432,1,Medium
e512e6e29c,0.06925095330928492,0,Low
e5158c5e48,0.18429029451453835,1,Low
e518faa13d,0.08660620894079021,0,Low
e51f64fc7d,0.0881476072187479,0,Low
e52594aedc,0.1095099523679012,1,Low
e525b5e747,0.13991488660412,1,Low
e528904b9e,0.10493709402985352,1,Low
e52a61d70b,0.1305229575333245,1,Low
e52b9400be,0.2073579981601138,1,Medium
e52c6e13d5,0.04618437306008081,0,Low
e52de5a23a,0.21114830989369657,1,Medium
e53735eb57,0.23120643304741756,1,Medium
e53c59a6e8,0.031857452215424596,0,Low
e53cc373bc,0.16044721793038172,1,Low
e53d2bf697,0.19911851428109778,1,Low
e544540469,0.10283474619965528,1,Low
e5484ee221,0.13589386376112939,1,Low
e54b0e27d3,0.0967632240020973,0,Low
e550ee625c,0.04173447396744616,0,Low
e559813651,0.11222364411251151,1,Low
e55b04defe,0.23837562193309667,1,Medium
e55c0fb831,0.0728072549913472,0,Low
e55c9cd3ca,0.14139633314589314,1,Low
e55d617afb,0.018255014657920975,0,Low
e55f68c74e,0.07610513257354515,0,Low
e5631b96f6,0.06658953153424654,0,Low
e567a5241c,0.06678748069884707,0,Low
e568b2e44d,0.13946389699082204,1,Low
e56908ce6d,0.04668192607141395,0,Low
e573042031,0.12835461266247586,1,Low
e577f4d5b8,0.056334222442949174,0,Low
e579c60375,0.16270644671202336,1,Low
e57cb18558,0.05279398646274035,0,Low
e58591493e,0.07263075095534066,0,Low
e58c49f4be,0.029545210355425053,0,Low
e58e99752d,0.06268187166653519,0,Low
e593589a12,0.07307381266192434,0,Low
e59572d1c8,0.1641124774821927,1,Low
e5984f3f85,0.10751716121012031,1,Low
e5a7b5f8f2,0.1713861059711995,1,Low
e5abce0f40,0.06769363235084001,0,Low
e5adf64bdb,0.12882152567983784,1,Low
e5b65cb263,0.10043909962932772,1,Low
e5b6d09911,0.16606009852773626,1,Low
e5ba4f985f,0.12793133374510024,1,Low
e5ba8525a1,0.07517582464682403,0,Low
e5baddbb58,0.16943876991848386,1,Low
e5c141b4df,0.1921909421841461,1,Low
e5c261a377,0.07124987815229294,0,Low
e5c5982f70,0.04671455767401995,0,Low
e5c865e166,0.10835861529934329,1,Low
e5cb102c17,0.12801583957765802,1,Low
e5d04cd4e6,0.07923256393702083,0,Low
e5d49ba4b4,0.3780255964028498,1,Medium
e5d7f8c156,0.08833018440038828,0,Low
e5db4dba7d,0.25019906744454834,1,Medium
e5e4997c17,0.10455187916088925,1,Low
e5e5183307,0.03692609182245121,0,Low
e5e7d19236,0.2723956784399529,1,Medium
e5f09051d8,0.0747660187131279,0,Low
e5fa34e3dc,0.05979418132773506,0,Low
e60359c2e6,0.04975592531735569,0,Low
e603c2c38b,0.05961353184316792,0,Low
e60705db3c,0.041972688270515646,0,Low
e60e438d0f,0.11625118623371083,1,Low
e610d185b3,0.06880378174411099,0,Low
e615b37ef7,0.04160359245110414,0,Low
e61891b9fc,0.02628674216284427,0,Low
e61e9e3eef,0.1484184509335399,1,Low
e6218ca274,0.04690584950714624,0,Low
e622520dd8,0.039065421462857186,0,Low
e623629998,0.16393594589284646,1,Low
e627285618,0.11254408891461899,1,Low
e628266d41,0.18253553953090906,1,Low
e628a34720,0.024958831954430744,0,Low
e62b2fb6b6,0.11470021453162921,1,Low
e62ceb1efd,0.524606843261121,1,High
e62cef3e48,0.0847165550387273,0,Low
e62cfd608c,0.10722146324487768,1,Low
e63032470c,0.1719217181279823,1,Low
e63060d8c3,0.23162911153829277,1,Medium
e632b3e0b6,0.04426686067457901,0,Low
e632d7a661,0.05242053810770803,0,Low
e634803bfb,0.12420176782756837,1,Low
e63af57ab0,0.12646872134376633,1,Low
e63ea2e132,0.3135745058373144,1,Medium
e6462bccc4,0.024038235605386617,0,Low
e65047fc79,0.19399947025603326,1,Low
e6508c8b74,0.07646020295526637,0,Low
e655fe5e01,0.05624312160395558,0,Low
e657dd69c3,0.049843399211585475,0,Low
e65853ca04,0.03221676685193539,0,Low
e659752b21,0.09274734136301223,0,Low
e65ef1cc14,0.13317759835286985,1,Low
e663710592,0.07619566023016859,0,Low
e667dfd545,0.07406456174700832,0,Low
e66d7e7a1b,0.14887417645216736,1,Low
e66e16df82,0.10903133054979362,1,Low
e673143afb,0.308624192442622,1,Medium
e679b9ab70,0.1269753046697611,1,Low
e689f96666,0.053236278162818035,0,Low
e68ee709de,0.030237151439765575,0,Low
e692135859,0.1548241357910753,1,Low
e6991deabf,0.06583534888571371,0,Low
e69936a1a1,0.09815626454109673,0,Low
e69cc26854,0.07409563901158654,0,Low
e6a34a8082,0.0603182984961969,0,Low
e6a4727e1b,0.12869751608037547,1,Low
e6ae77c569,0.2047512019222448,1,Medium
e6b35420bd,0.10494748641747181,1,Low
e6b3d66721,0.24081745759933446,1,Medium
e6b66976bc,0.10167214373219487,1,Low
e6b6781449,0.08613591802810878,0,Low
e6ba10e354,0.06561726551648615,0,Low
e6c1d5e52e,0.04117526607609867,0,Low
e6c3307369,0.36906067085156646,1,Medium
e6c3588cf5,0.20480708169570133,1,Medium
e6c7e8299e,0.19634029596484925,1,Low
e6c9f33ca1,0.060008999231557586,0,Low
e6cd94b752,0.13107279109809755,1,Low
e6d1fb48af,0.10700755570555417,1,Low
e6d80a68c9,0.03515143665052009,0,Low
e6d97d8dab,0.15046795363303272,1,Low
e6e2e7bed5,0.17597398373652173,1,Low
e6e7f163ac,0.08450971322866188,0,Low
e6e8782b87,0.15563762875733758,1,Low
e6fee8da9f,0.024252017804137417,0,Low
e707b90f3b,0.27720701587949653,1,Medium
e70a4a8d7b,0.15374726888077492,1,Low
e7129e9b65,0.24031227495785704,1,Medium
e713ac582c,0.23351852564050954,1,Medium
e71508c1f7,0.07589831324509415,0,Low
e71688507f,0.04957336124167162,0,Low
e71aa2cbc0,0.22162970478480365,1,Medium
e71b544dc1,0.027433065238875655,0,Low
e71c292270,0.13769579604894328,1,Low
e71e125b54,0.041267501150866234,0,Low
e71ffd524b,0.11137575726442585,1,Low
e7251903fe,0.3149928909143967,1,Medium
e7281bbd55,0.24288218645977167,1,Medium
e72f037e24,0.1721230208882826,1,Low
e7346e2e2a,0.04386334664441833,0,Low
e73b2f4317,0.04072954543580486,0,Low
e74491c719,0.09408396680139255,0,Low
e74a5aa789,0.05754342073346792,0,Low
e74bb0d55c,0.13642400728126555,1,Low
e74bb733a3,0.07846197390658667,0,Low
e74ec0b1a8,0.15406485410777418,1,Low
e74f5f575a,0.09849063738526626,0,Low
e74fc11f8e,0.19220167748362668,1,Low
e757dec597,0.052639417860065874,0,Low
e75db5f433,0.08112030943788455,0,Low
e766aeb7c5,0.10893669792584204,1,Low
e767754298,0.053654845696391944,0,Low
e767940601,0.08245666487985509,0,Low
e7691a3163,0.034404564775048975,0,Low
e769c5618c,0.19527141009164342,1,Low
e76edd82e0,0.22460286574663202,1,Medium
e76fc7f1cd,0.08450715311452864,0,Low
e779f275b0,0.21456884333664808,1,Medium
e77bd9a8f9,0.12214205303959004,1,Low
e77c48f018,0.18303291146490597,1,Low
e77ff6d501,0.07298533268317696,0,Low
e78a3c0514,0.07078511815993581,0,Low
e78ad22af6,0.09791054014139246,0,Low
e78b4a3d4b,0.06564011205861962,0,Low
e78cf0261b,0.08314303943433843,0,Low
e7939a3d65,0.02195806635238299,0,Low
e795e26a42,0.21491965070153943,1,Medium
e799180c17,0.02044865067672338,0,Low
e79cb173f7,0.05358804026599126,0,Low
e79d608d80,0.1906745268963049,1,Low
e79e307280,0.043752618915283654,0,Low
e7a2b59245,0.16665479026657776,1,Low
e7a81bc2e4,0.5806880192260905,1,High
e7a9738b1e,0.08587674993452347,0,Low
e7aac00af6,0.01392898073721758,0,Low
e7af4f22ac,0.21785931924215296,1,Medium
e7b3f5d84d,0.17922042050383133,1,Low
e7b7db36fc,0.05633963615067398,0,Low
e7bc680a06,0.26234400151230797,1,Medium
e7bf17b9d3,0.19717104780149208,1,Low
e7c19178c0,0.040031215090785825,0,Low
e7c8b9613a,0.024773290285724753,0,Low
e7c98be7ba,0.12576948806852808,1,Low
e7c9b00324,0.02659075206489936,0,Low
e7ca07df5c,0.09514767723214977,0,Low
e7d38d127e,0.1292968943197053,1,Low
e7d75affdb,0.6372497683316072,1,High
e7dbbfbcd9,0.05145878793296174,0,Low
e7dde25dc2,0.30075185581531266,1,Medium
e7de8deb8e,0.26650256715241166,1,Medium
e7decc7222,0.04616878052392934,0,Low
e7e2f6155a,0.09525815334788916,0,Low
e7e69baf27,0.15491161378312687,1,Low
e7e75f9f04,0.040437540756375505,0,Low
e7ed05dff3,0.03776727522426816,0,Low
e7f2190a5d,0.11949380391249524,1,Low
e7fcf6f08a,0.14969772318175414,1,Low
e801f7bb64,0.04033846754272284,0,Low
e80655177b,0.1842210128845982,1,Low
e80b840daa,0.5771003333943723,1,High
e80faf7460,0.06186146534779487,0,Low
e819c9fbc0,0.05500530442532349,0,Low
e82a29ae74,0.20138044391617585,1,Medium
e82c9f2dc8,0.14437436189594274,1,Low
e82ef34dc8,0.13233576617168508,1,Low
e82fe6886d,0.26018580876389247,1,Medium
e830ef3d2b,0.032806829097908864,0,Low
e83181096a,0.11918991411504867,1,Low
e837c7471e,0.17067661537998563,1,Low
e839723307,0.04290679883100619,0,Low
e83faf0754,0.05046569841207622,0,Low
e83fb400eb,0.3572684169337015,1,Medium
e841a54170,0.3267236358438619,1,Medium
e8460715ea,0.07623937607252854,0,Low
e847dfeae5,0.07289699587744675,0,Low
e851515150,0.207374580147754,1,Medium
e8528dc082,0.09664441163714288,0,Low
e8537151d8,0.05134636464168805,0,Low
e85d21c0e5,0.1846939567312154,1,Low
e866c8841a,0.2934983210291755,1,Medium
e86807d432,0.5289919207816491,1,High
e86a7aff84,0.048729241199289466,0,Low
e86e4eae14,0.19411703390157103,1,Low
e86ea739a8,0.029050940691986757,0,Low
e8715ffe33,0.0745411752484012,0,Low
e8718f91b2,0.07903162701692303,0,Low
e878ff2f1d,0.07330559849322614,0,Low
e879e60ac8,0.25984315573217864,1,Medium
e87bdead3e,0.018978154467229186,0,Low
e87e5ee756,0.03684094631166878,0,Low
e880c64680,0.036921661986725966,0,Low
e8838280c2,0.15559929887622795,1,Low
e885ee7692,0.36589028740827684,1,Medium
e887386f3c,0.07622839271978274,0,Low
e888b8e319,0.06488086622657392,0,Low
e888fcaf12,0.17628939253017936,1,Low
e88c588bcd,0.2795802461212748,1,Medium
e88ce334d3,0.04984606254498268,0,Low
e894650c60,0.06610894770340885,0,Low
e89b6b65c8,0.2330469009792427,1,Medium
e89c0b7200,0.10716811409101346,1,Low
e89f5a087d,0.5122375266789343,1,High
e8a1cd61a7,0.08197702629642414,0,Low
e8ab0ac0e4,0.138656637721873,1,Low
e8abbe65c3,0.06433443331068925,0,Low
e8abcf0a7a,0.18312147047275348,1,Low
e8b1397790,0.13760782557498377,1,Low
e8b63025be,0.5237856253510452,1,High
e8c72387b9,0.1044059204046195,1,Low
e8c7b685a6,0.06764731317409897,0,Low
e8c7bc8c97,0.6310658622721785,1,High
e8cd50727b,0.1407415149979623,1,Low
e8ce59a53e,0.14496309008945116,1,Low
e8d2f943e2,0.02731790022993762,0,Low
e8dcb5e15e,0.08662435019778779,0,Low
e8dea12fb9,0.025966079881585984,0,Low
e8e0ae4742,0.1815591632936961,1,Low
e8e76c9558,0.04347969144980577,0,Low
e8e79a92eb,0.19882895116086155,1,Low
e8e7b8c1ad,0.09798663899812368,0,Low
e8ea05906a,0.013182200986424449,0,Low
e8eacc4618,0.16404099989454715,1,Low
e8eaf78753,0.04580210457126862,0,Low
e8f2c3cf77,0.03424693751362299,0,Low
e8f4bc2679,0.08805021634750332,0,Low
e8f5726d82,0.12232809549864668,1,Low
e8f5ad4853,0.17854807277939042,1,Low
e8f6193568,0.03538850826124606,0,Low
e8f7b90180,0.19870978567330938,1,Low
e8febe0959,0.41595439720336796,1,Medium
e8ffeaec95,0.5006824430441554,1,High
e90579210c,0.06814542305729968,0,Low
e908dffc22,0.045510051788731284,0,Low
e90ca0b198,0.1601109040129044,1,Low
e90d76f486,0.09719476939803076,0,Low
e90ef8a558,0.16761078853298023,1,Low
e9138239c6,0.23585878134906238,1,Medium
e913ddf73b,0.06396934400745174,0,Low
e914c6eb3c,0.06151733490701311,0,Low
e91622a832,0.06648203163207853,0,Low
e91af3f386,0.2485041529907518,1,Medium
e91e3fbaff,0.08603772014371823,0,Low
e91f1240f5,0.12228767944538001,1,Low
e920770d6b,0.376896315719615,1,Medium
e9233c5ca5,0.06933268907966268,0,Low
e9342304fb,0.11900098397748277,1,Low
e93f0bb07f,0.12358259790602351,1,Low
e940d3a5f9,0.1730650997122006,1,Low
e9415f8c83,0.09485137778590369,0,Low
e94261ce51,0.07024246003914944,0,Low
e945c21ee2,0.019581102866070083,0,Low
e947a3265a,0.09224270465810544,0,Low
e949af45b5,0.0653620631969368,0,Low
e94adf41a5,0.07531267002954388,0,Low
e959aec3f5,0.03808428571011329,0,Low
e959c4aaf9,0.22782182990208033,1,Medium
e95c4228d2,0.10143242352603359,1,Low
e95cb102c1,0.11597656934016057,1,Low
e95dc9ba65,0.11747614641957155,1,Low
e961276929,0.06116421987280422,0,Low
e96d4aa430,0.14731115052103932,1,Low
e976ced795,0.1728721360734323,1,Low
e97953bbdd,0.11895184760308045,1,Low
e982b0a34b,0.028331132602890066,0,Low
e983493614,0.5890621832893245,1,High
e9876118a1,0.05302128560492059,0,Low
e98c3e9eac,0.18268419067056083,1,Low
e990c2a07e,0.06845692856223651,0,Low
e994684583,0.033935055271819725,0,Low
e996f51704,0.059644062796581646,0,Low
e998dd5e44,0.045869202774843125,0,Low
e9a158439e,0.04089099176494007,0,Low
e9a1c96581,0.02685554365810259,0,Low
e9a53c4513,0.06887406314133684,0,Low
e9a8838b3b,0.1971568683057141,1,Low
e9ac181b52,0.20733885460445028,1,Medium
e9adb1e588,0.12068719457447062,1,Low
e9b34dc86f,0.14609639867871385,1,Low
e9b5fbbfbc,0.07110305561429241,0,Low
e9b6c26e1f,0.09097918555373626,0,Low
e9bb8a1d68,0.08947997766582542,0,Low
e9bc911d31,0.12346374305266825,1,Low
e9be556161,0.19359376664840217,1,Low
e9beb2573f,0.10824764185412124,1,Low
e9c2b0402e,0.1646875445117867,1,Low
e9c2c63bd5,0.12929890807884598,1,Low
e9c34e77ab,0.22755590741988713,1,Medium
e9c39c5519,0.10723981094342028,1,Low
e9c557cc2e,0.12999049402216406,1,Low
e9c5dad582,0.10091487395034329,1,Low
e9c88f3785,0.0264469221297492,0,Low
e9c8b68d5f,0.0834647455278193,0,Low
e9caf29a60,0.06838528879331242,0,Low
e9cde438e8,0.10695519316909498,1,Low
e9cec7437e,0.24950031391358635,1,Medium
e9d30ac469,0.05652215301191787,0,Low
e9e0317da9,0.1470074217745059,1,Low
e9e080f068,0.19966956420355889,1,Low
e9e1e84d17,0.05159178275606882,0,Low
e9edc6991b,0.07108758872888495,0,Low
e9f5dac175,0.04374798469794592,0,Low
e9f8f57b41,0.27532960935354034,1,Medium
e9f9489056,0.09656333358246773,0,Low
e9facc0ef8,0.14958912453468143,1,Low
e9fd1eb93b,0.13768845478088546,1,Low
e9fe9d5b4a,0.04414085947024075,0,Low
ea086e185d,0.09285854035588123,0,Low
ea0c1ab522,0.2824427237275265,1,Medium
ea0f8e5a5c,0.03599529320045598,0,Low
ea1205b5e5,0.04214248180116243,0,Low
ea12d147aa,0.10715424296316128,1,Low
ea14dfe059,0.3249429910193207,1,Medium
ea193c82af,0.035643648709941106,0,Low
ea1aa01b80,0.07255596296142414,0,Low
ea1c69ecb1,0.1631929689655376,1,Low
ea1d30353f,0.4610331819490049,1,Medium
ea27cd1e71,0.021892482644902112,0,Low
ea2acef485,0.0679381206622189,0,Low
ea336b4d57,0.5185057838878313,1,High
ea4ba26b50,0.08844980457002642,0,Low
ea4ce068cf,0.058050353104694356,0,Low
ea53005fd8,0.1771490610857523,1,Low
ea54e1b4a4,0.07257127899852045,0,Low
ea5a415a5e,0.05946402007117927,0,Low
ea5dc4f9ba,0.35957245673354604,1,Medium
ea6005f228,0.08872068439372359,0,Low
ea66532aa7,0.1517393391844473,1,Low
ea68b09bb5,0.03543501615295067,0,Low
ea6ca66425,0.1246567222022689,1,Low
ea6ce4ffa9,0.05884792931420225,0,Low
ea71ab4ba2,0.02383231897913126,0,Low
ea7681995c,0.07961205703646596,0,Low
ea77854901,0.038495772926472854,0,Low
ea7a03e1cb,0.04873283674774104,0,Low
ea7a719f03,0.20098718110780758,1,Medium
ea7b2aa237,0.07026877012234671,0,Low
ea801ab955,0.16414684802813062,1,Low
ea81e4fd4d,0.05613741742331716,0,Low
ea85a2325e,0.039408871097731134,0,Low
ea8c5f1cbf,0.04372318601316893,0,Low
ea8c993034,0.055866220499954045,0,Low
ea902c1b2c,0.1277335856797907,1,Low
ea95dca857,0.04382667401239453,0,Low
ea9a4d7365,0.09002194948065007,0,Low
ea9ae1459b,0.07044249370467885,0,Low
ea9bab9d77,0.06004560583092299,0,Low
ea9cce735e,0.07303131671815513,0,Low
eaa6b9dd7a,0.3741375687885258,1,Medium
eaa7bf1a2f,0.038802099723823515,0,Low
eaabdc1246,0.24279368841612362,1,Medium
eab175651d,0.10485814512933869,1,Low
eab6946be3,0.2119474460486654,1,Medium
eab6fcea4b,0.06923322979719,0,Low
eab8c132e1,0.07907837457782207,0,Low
eac51378a2,0.11616975969042379,1,Low
eaca283f7e,0.14646692268942443,1,Low
eaccd907d4,0.05240286668524801,0,Low
eacdc877d2,0.25019952488486985,1,Medium
eace7e1fab,0.02474783042615305,0,Low
ead9114136,0.11754299533206437,1,Low
ead9d3603b,0.17384730987160482,1,Low
eae052ad6e,0.531440219057758,1,High
eae458c403,0.024596227060162575,0,Low
eae5520a75,0.16913797133680156,1,Low
eae94da41d,0.08562109724120195,0,Low
eaeaf0c7d1,0.11668433264242567,1,Low
eaeda0522d,0.2883106711311375,1,Medium
eaf65e527d,0.17256720580200752,1,Low
eaf940c190,0.20079739245091105,1,Medium
eafa883116,0.12328711373272574,1,Low
eafae2410e,0.38892800104775116,1,Medium
eaffb15d87,0.20535939159111072,1,Medium
eb009f62ea,0.057348159826592686,0,Low
eb016ce9ce,0.035218792723690155,0,Low
eb089d21c6,0.13818091743204874,1,Low
eb0c7898db,0.07261037399300613,0,Low
eb0f9cbbf3,0.4282283940565248,1,Medium
eb11c9c3b3,0.08851418173425377,0,Low
eb13e16845,0.04027963915665089,0,Low
eb1cbc4098,0.337999229014245,1,Medium
eb1e366a66,0.10443976816062611,1,Low
eb221b7d17,0.27761010722994334,1,Medium
eb2527dda7,0.18438407454109984,1,Low
eb2558a7e4,0.3178322365260566,1,Medium
eb2665d576,0.03285203100172058,0,Low
eb2c801e65,0.23066541310955846,1,Medium
eb2ec9e877,0.08233326934335004,0,Low
eb3117c709,0.29687392283915665,1,Medium
eb3448c553,0.03941324685390421,0,Low
eb34f6215f,0.3761473738681069,1,Medium
eb430923ed,0.054301954276092954,0,Low
eb45c55506,0.0415090407185037,0,Low
eb46639071,0.09673378784841587,0,Low
eb4d5b5e07,0.231418633381356,1,Medium
eb554dec65,0.18507244000662443,1,Low
eb567f7014,0.05254277967884735,0,Low
eb56bf90b6,0.0746896948666726,0,Low
eb5ae491e7,0.04945736426507503,0,Low
eb5b56cdd7,0.11874080336503266,1,Low
eb5fae508d,0.11239201521239826,1,Low
eb66ac421a,0.1738688784751132,1,Low
eb6926feb2,0.04928109957620328,0,Low
eb6e0dd7bf,0.11950030439195065,1,Low
eb6ff7fc84,0.06623946522317657,0,Low
eb72928c15,0.060271446568211345,0,Low
eb745d7522,0.05520179155642884,0,Low
eb79c18347,0.10711674288976869,1,Low
eb80de1476,0.09443766599503571,0,Low
eb840ca5ca,0.02764231822862107,0,Low
eb870e26ff,0.04251275180893487,0,Low
eb8c93d0b6,0.04360233814890239,0,Low
eb8dc7f2be,0.13300270108298035,1,Low
eb8e0eccd9,0.09962328333646127,0,Low
eb93f9e84d,0.5988058182203341,1,High
eb9e1deeb2,0.14694538429819995,1,Low
eb9f7c5ee3,0.20392270433463194,1,Medium
eba52e9f3b,0.09028344822126917,0,Low
eba785f03e,0.27895020119354874,1,Medium
ebaa780f29,0.0446461690662242,0,Low
ebb310fac2,0.255871842537087,1,Medium
ebb37058d4,0.059318906195296145,0,Low
ebb5aa6665,0.05153778396364009,0,Low
ebb893411d,0.22067289101172988,1,Medium
ebb963cd9f,0.1415508987140606,1,Low
ebc52f837b,0.06048024291208065,0,Low
ebce6321cc,0.046631206454126946,0,Low
ebd2207fac,0.01686988504126203,0,Low
ebd3836d79,0.0488439693437059,0,Low
ebd404ba98,0.1501196550411141,1,Low
ebd6bf3b93,0.04320763316882567,0,Low
ebd703a9ff,0.056196625424742803,0,Low
ebd7cdbe1b,0.09840446073625059,0,Low
ebd7dc478c,0.052600391897998505,0,Low
ebd8908a56,0.036637869714646845,0,Low
ebdaa3f823,0.13507819942096483,1,Low
ebdf76155f,0.24678863740981732,1,Medium
ebe0ebcd74,0.23525278212406878,1,Medium
ebebb2d161,0.025577880844304006,0,Low
ebfef97f58,0.010362433563186833,0,Low
ec0173ccc4,0.31171271256602173,1,Medium
ec01a9a338,0.1925818401436293,1,Low
ec07a8d553,0.019557260810326018,0,Low
ec09833513,0.10742783952732313,1,Low
ec09c8d2a7,0.4664524172679786,1,Medium
ec112ea1c3,0.04590439777275702,0,Low
ec11c56c79,0.094321514636116,0,Low
ec1a167cab,0.04914964450876227,0,Low
ec1f936859,0.20966755943450782,1,Medium
ec31de6046,0.02115605027414671,0,Low
ec348480a1,0.09077031452689661,0,Low
ec3755fb63,0.18277868869167263,1,Low
ec3b991bd9,0.06510347859984122,0,Low
ec3f35088a,0.1143149547482308,1,Low
ec3f6a8152,0.08798424067801758,0,Low
ec3fe6ff9a,0.14289201770127502,1,Low
ec42299146,0.07110184074814811,0,Low
ec4e5b0fd3,0.04638589366827198,0,Low
ec53648c9b,0.17299551732650015,1,Low
ec5839f2e0,0.1312314845261687,1,Low
ec58c0765e,0.08596192043829337,0,Low
ec5e7d9327,0.11259634657083294,1,Low
ec5f97f285,0.0313628323591077,0,Low
ec62091514,0.1765495666375118,1,Low
ec67aee4a7,0.09031869461643394,0,Low
ec69d8a8ca,0.08650379050801105,0,Low
ec69f7a21d,0.072698619072115,0,Low
ec6f523856,0.15501621391999557,1,Low
ec70deb404,0.028454757836135557,0,Low
ec75c6e13e,0.11359144553510134,1,Low
ec7817bc59,0.08221726036352356,0,Low
ec7943a08f,0.07629538507852454,0,Low
ec7a39ab78,0.16173751888825838,1,Low
ec8218e1c9,0.13845068961234677,1,Low
ec8b01c44a,0.027134062902513627,0,Low
ec99417bea,0.13168860549590627,1,Low
ec9ad395b4,0.020777111701253365,0,Low
ec9c2a2557,0.19375501189141736,1,Low
ec9d37c7dc,0.08584794769325284,0,Low
ec9e9eac62,0.12694700813151644,1,Low
eca002eaff,0.11965215073904252,1,Low
eca7a25d8c,0.16963817620308458,1,Low
ecb188a109,0.13550817197669346,1,Low
ecb18a27d5,0.04884557377549787,0,Low
ecb5b7ab58,0.18061652699877945,1,Low
ecb9041013,0.29951861091588966,1,Medium
ecbd3d9d25,0.3329877722061301,1,Medium
ecbdb50ce6,0.14622946661708405,1,Low
ecc9a9f58c,0.19641252517103616,1,Low
eccad6b47e,0.6693624654982331,1,High
ecceb6b0ee,0.04305480403675045,0,Low
eccf67b6d0,0.05490723600382346,0,Low
ecd0a74126,0.10553423994212142,1,Low
ecd59cbaa8,0.35577853742984383,1,Medium
ecd78dee67,0.046166946174103385,0,Low
ecd7a861fd,0.09231977473344025,0,Low
ecdde30554,0.25249589987981413,1,Medium
ece3668f4d,0.11142877978864701,1,Low
ece6f01790,0.11320133072899241,1,Low
ece8bd3814,0.1334834920171384,1,Low
ece9b4ca6a,0.17340824286182174,1,Low
ecec3249ec,0.07220522820385546,0,Low
eced633e88,0.1970662218222166,1,Low
ecee4416e3,0.0694167252738279,0,Low
ecef0d09b8,0.17739616855865784,1,Low
ecf2bf798e,0.11597726237551854,1,Low
ecfb48936a,0.04386495947327945,0,Low
ecfbbf9cfc,0.04139044746891401,0,Low
ecfc86b9fc,0.07296928275966397,0,Low
ecffd28e05,0.16220114102731814,1,Low
ed00857cea,0.04644807758254522,0,Low
ed0b07e5ca,0.24562926978261673,1,Medium
ed0bc0db64,0.04230607471149613,0,Low
ed0c766f9b,0.09802605670572455,0,Low
ed0e2afe82,0.06128597943001482,0,Low
ed11698e92,0.29656289039396677,1,Medium
ed12b97f10,0.038905163718861706,0,Low
ed133456e6,0.023724542116295034,0,Low
ed13403470,0.5246316380042184,1,High
ed1a565ac5,0.492066644338393,1,Medium
ed268d1e62,0.0907320131342749,0,Low
ed274ab439,0.23017078461349058,1,Medium
ed2bf824b8,0.08476345333212522,0,Low
ed2df69a13,0.12109918777345925,1,Low
ed2e3d8601,0.06256204055767181,0,Low
ed330f4568,0.12985797275566194,1,Low
ed3b5407df,0.12173048508245785,1,Low
ed3b851694,0.036834243510123564,0,Low
ed3df2b87c,0.06869614281586221,0,Low
ed47ef13a2,0.03703048617167016,0,Low
ed4858a255,0.08640008433109514,0,Low
ed4baf7438,0.09226471311120678,0,Low
ed4eae4f7b,0.03914717775972812,0,Low
ed50b2a947,0.05840781609178716,0,Low
ed51534109,0.0640474917449025,0,Low
ed58d98394,0.028064285349795975,0,Low
ed5ca6df1e,0.040449703247785726,0,Low
ed5d6ff5ef,0.24932866620407398,1,Medium
ed5db94f46,0.07182098254319867,0,Low
ed60e3523e,0.07661669836359808,0,Low
ed60f0a31a,0.22279149676188192,1,Medium
ed6686a20f,0.02024028997175973,0,Low
ed6beea3b8,0.21787055810934255,1,Medium
ed6f67b4e7,0.09584089065183339,0,Low
ed74472d54,0.04420894621484924,0,Low
ed7aca4d08,0.033864923442365934,0,Low
ed7de733cb,0.10657291594891642,1,Low
ed7e41e5c6,0.1515735592838393,1,Low
ed8506e593,0.10965895249356951,1,Low
ed8755978c,0.1646088392644426,1,Low
ed889f4cd3,0.047320796684433036,0,Low
ed88f5ef87,0.20053997216414213,1,Medium
ed8a074ad7,0.0374559079497065,0,Low
ed8a26d846,0.07707061190449298,0,Low
ed8ac05faa,0.07376517723755352,0,Low
ed8cd248ac,0.20398875720289925,1,Medium
ed8d75350d,0.13684376455924277,1,Low
ed8e742b9f,0.04448499542056192,0,Low
ed8f9e1780,0.11573641139828711,1,Low
ed90576746,0.1246803623751769,1,Low
ed94178188,0.09858355544730522,0,Low
ed951829b9,0.2768103271112019,1,Medium
ed96e4a29f,0.14950460547189504,1,Low
ed970b17b4,0.17745920105670007,1,Low
eda49b7163,0.05119443981259512,0,Low
eda4dfaa7d,0.06180389966839739,0,Low
edac1b5614,0.04044198312668705,0,Low
edb25b6e88,0.05627510295821345,0,Low
edb2df0723,0.04585163093814301,0,Low
edbc84c3a0,0.11986928623049795,1,Low
edc2e1b160,0.6083821725210832,1,High
edc6a3370b,0.2668624579160479,1,Medium
edc8ff5b2f,0.09167272224479026,0,Low
edcb3cff3a,0.05621170608062458,0,Low
edcd07147d,0.0358596902517991,0,Low
edd38f3c2e,0.3620022095124322,1,Medium
edd8d5fcc0,0.06613847708007337,0,Low
eddaa7ff56,0.13739254596061165,1,Low
ede12e90d7,0.45156346222350735,1,Medium
ede81617db,0.2073389620107931,1,Medium
edf4b5b751,0.1088076345676469,1,Low
edf82dd39a,0.09812767011558293,0,Low
edfc81ea2c,0.19027574291209,1,Low
ee01f862e2,0.06171608491408142,0,Low
ee0388b557,0.27123000505212674,1,Medium
ee06526e47,0.15537705571944807,1,Low
ee06795263,0.06433292991686086,0,Low
ee0913f983,0.19128041828403447,1,Low
ee0b8ef5a9,0.028149949131573936,0,Low
ee0dedbbe6,0.09390330652609516,0,Low
ee1018b780,0.06548437219894561,0,Low
ee10653c45,0.2443812331249206,1,Medium
ee10876dac,0.06297205714263095,0,Low
ee14bd13e5,0.055994575087349764,0,Low
ee16e30970,0.033760006027751845,0,Low
ee16f4898d,0.06153046944291262,0,Low
ee1be843d8,0.07484928556481818,0,Low
ee1cd45835,0.22709377752776913,1,Medium
ee22f209d4,0.20877642410712044,1,Medium
ee23987335,0.1904391413222334,1,Low
ee2eacde29,0.1388206125522369,1,Low
ee38bf9929,0.1051647702738141,1,Low
ee428cd3a2,0.10867104047988878,1,Low
ee43c4ba90,0.22617395139536214,1,Medium
ee455c932b,0.09294202540105946,0,Low
ee483d0782,0.03755214418239866,0,Low
ee49c1b7ad,0.10248338580735875,1,Low
ee49fd69aa,0.2739430117143083,1,Medium
ee4beecd23,0.01968742828552463,0,Low
ee4e1a8114,0.2264015015990812,1,Medium
ee550bb350,0.341924259948301,1,Medium
ee557aa0b3,0.025384964838464707,0,Low
ee5befcbed,0.20345349460368076,1,Medium
ee5c7fdfbc,0.11457199621601248,1,Low
ee5e3dd150,0.024479729858159088,0,Low
ee685d0f4d,0.13551900094300523,1,Low
ee6d8a46cc,0.15470523217073293,1,Low
ee83c5fe1a,0.07080608805383325,0,Low
ee857b7f42,0.17188437369446274,1,Low
ee9ad0d040,0.1802733582278071,1,Low
ee9ae9ab34,0.24490319548030065,1,Medium
ee9c63306a,0.14307267162680046,1,Low
eea2da6212,0.08762797004129298,0,Low
eea2f2f101,0.20208475504352408,1,Medium
eea381b4d4,0.043558188582486064,0,Low
eea72cddd5,0.05852749543425063,0,Low
eeb1a2b2ad,0.18666360223065426,1,Low
eeb7a1b73c,0.13794040928515192,1,Low
eebc2b97b5,0.13570341630203686,1,Low
eebc7dd115,0.07282868369649079,0,Low
eec105a068,0.026166263494433132,0,Low
eeca1408d4,0.1219263900105123,1,Low
eeca56a718,0.021116397353303038,0,Low
eecc5c0f58,0.10546582712300907,1,Low
eecec0bc49,0.10613864993661201,1,Low
eed29ad787,0.049579879775764356,0,Low
eed49cf583,0.10911496017878153,1,Low
eeda478adf,0.054971586551919964,0,Low
eee4fd05e2,0.03827975548755069,0,Low
eee8c67a7d,0.18623504923302311,1,Low
eeec6852e1,0.06839218377870437,0,Low
eeee760a05,0.1567047139049907,1,Low
eeefd43e35,0.03594562757824218,0,Low
eef3152bc6,0.0672045326855394,0,Low
eef9d555fc,0.16755646353785952,1,Low
eefc45a3ad,0.08712865872295675,0,Low
eefd71372e,0.07900116853922307,0,Low
eefe2385e2,0.25753484229637935,1,Medium
ef090f934b,0.14401223914980568,1,Low
ef0b0922c0,0.21059619857359,1,Medium
ef0d1df595,0.05167149859151781,0,Low
ef10ea3a7a,0.07876543746612469,0,Low
ef11539c06,0.0853334630276664,0,Low
ef125615d6,0.1469699142318279,1,Low
ef1e404390,0.03126985940435706,0,Low
ef1fff0965,0.11249180753348624,1,Low
ef21b33660,0.16499430927479658,1,Low
ef22883977,0.22160678818752272,1,Medium
ef24cee6ce,0.08831424545791038,0,Low
ef25b853d1,0.15511959038204207,1,Low
ef26c4edf2,0.49258694709993744,1,Medium
ef273913c5,0.04200028234447669,0,Low
ef27cd9af5,0.03273038851227221,0,Low
ef28901e9f,0.11674181200552285,1,Low
ef2bfc4593,0.20399825380523645,1,Medium
ef2d42b525,0.2866968208989435,1,Medium
ef2f0bc3c7,0.1016555087851283,1,Low
ef316d1aa9,0.2319600876951521,1,Medium
ef316dcd0e,0.2508392577007736,1,Medium
ef35e16742,0.3225886989656617,1,Medium
ef3a33a056,0.07766625416262743,0,Low
ef3d62d290,0.4426531683570568,1,Medium
ef4a17bc8f,0.02618908575688668,0,Low
ef4d4ed292,0.06796527912219313,0,Low
ef4f7e26e0,0.13946841571706853,1,Low
ef511c836d,0.09699194780901498,0,Low
ef55daf215,0.31825635243486466,1,Medium
ef56d4db28,0.12503553681617088,1,Low
ef5a9c85d5,0.1264904125050318,1,Low
ef5fd89ab4,0.05548908002783621,0,Low
ef692659f5,0.09782769293014541,0,Low
ef6954dcbf,0.1458339599936717,1,Low
ef6a344f37,0.2465943091796059,1,Medium
ef6ab2300b,0.03954846326546904,0,Low
ef6c518269,0.04395965532631984,0,Low
ef6db66965,0.1692890538035331,1,Low
ef71812ed8,0.06150358073582628,0,Low
ef75f78062,0.13010307346640798,1,Low
ef761fef7f,0.033465358073926976,0,Low
ef7869addd,0.0913472947225635,0,Low
ef792e9631,0.11117098003384204,1,Low
ef79a974a2,0.08613715144304743,0,Low
ef7cd98850,0.3611849088195329,1,Medium
ef8126a860,0.49509565375334863,1,Medium
ef813718fb,0.09165038497162425,0,Low
ef8430cf61,0.1978617371154285,1,Low
ef85b0db00,0.16534508239860068,1,Low
ef8dc3638b,0.024479800576119936,0,Low
ef8df229fd,0.06805590108011458,0,Low
ef8fdd8c1a,0.10430713215955004,1,Low
ef90c77e02,0.06341778247148551,0,Low
ef93a062a0,0.2894722944896998,1,Medium
ef94c7a71e,0.18054372150498887,1,Low
ef98511322,0.0934720444122984,0,Low
ef9a65585f,0.11345573591512093,1,Low
ef9ddcfcec,0.022855023931670805,0,Low
ef9e3be464,0.37195021777525716,1,Medium
efa3a6ce14,0.14168607530660232,1,Low
efa55d03ab,0.031040296693592758,0,Low
efadfda2a2,0.12036483226978939,1,Low
efb195fa3d,0.05543949367686976,0,Low
efb3b8a407,0.18306060408760672,1,Low
efb470b908,0.11600179016264665,1,Low
efb5b0e045,0.4888579607744781,1,Medium
efbb3ae6cb,0.0989440756986795,0,Low
efbbbaf2a9,0.08639155823133146,0,Low
efbc2c8074,0.08341964566139626,0,Low
efc1d79825,0.22280158584319126,1,Medium
efc7e3acba,0.0713778717652117,0,Low
efc8c557ec,0.038237298036305,0,Low
efcac643a2,0.10773903437035358,1,Low
efcc9bd0c1,0.05924226687518813,0,Low
efd2a7ca41,0.060525726308657615,0,Low
efd6ded6e2,0.12486778322280113,1,Low
efd9ffa261,0.18656146234970963,1,Low
efdb49bed0,0.15407830717931098,1,Low
efe1897638,0.1333801334938723,1,Low
efe3e73dfd,0.20675069059266496,1,Medium
efef56d6be,0.06674493510038225,0,Low
eff2319cb3,0.03355699318491362,0,Low
eff2442dd3,0.05161245717387877,0,Low
eff939c583,0.10289021137510422,1,Low
effde34eb0,0.04606647502102666,0,Low
f0021cbe18,0.08989895758617476,0,Low
f006c4e9e6,0.1517519432654855,1,Low
f0091468d3,0.03956087907091322,0,Low
f00b05dda4,0.30278923982510847,1,Medium
f00ed7bd48,0.15214738455061025,1,Low
f00ef51557,0.1035504949669372,1,Low
f0176d22e6,0.1303016559944807,1,Low
f0219d8fef,0.20076687559583412,1,Medium
f0336f1f7c,0.029934777633164877,0,Low
f033c2eb96,0.1352708139110176,1,Low
f03516865c,0.1443525709573133,1,Low
f0355f2216,0.26730651855510074,1,Medium
f048f2a09a,0.47461402821087184,1,Medium
f049911029,0.18334231070018764,1,Low
f049d4e763,0.04103515305611968,0,Low
f04ce9f4d1,0.11566076952235718,1,Low
f04ee92251,0.2154047845692989,1,Medium
f054db160f,0.06713481736930332,0,Low
f057d214b4,0.05358436400475485,0,Low
f0584a8115,0.07054838529449477,0,Low
f060847e09,0.0341105711403133,0,Low
f060b015a9,0.07611059456009268,0,Low
f061a7464f,0.05526264900184748,0,Low
f0636d54e9,0.12302361525223399,1,Low
f067d8f022,0.09602904073044335,0,Low
f06bc50f11,0.12021357483144376,1,Low
f079f038aa,0.274364522580962,1,Medium
f081d3f06e,0.046070801643436646,0,Low
f083260e5d,0.09745022370777155,0,Low
f084196b86,0.26770165722373557,1,Medium
f084c3c05a,0.10630196106529971,1,Low
f08b541aa3,0.14978409492445977,1,Low
f08b56ae57,0.0754574279136809,0,Low
f08e24fbe2,0.12214289963010332,1,Low
f0940ba873,0.17197806865586393,1,Low
f09ae065bf,0.029562702916426046,0,Low
f09ede800f,0.06860472434486753,0,Low
f0a3c7e048,0.18925784648889274,1,Low
f0a56e66fa,0.023710913319418447,0,Low
f0b779944e,0.03389047961435939,0,Low
f0be6a1045,0.21817431734628293,1,Medium
f0c120dd65,0.030847200749872475,0,Low
f0c12234ba,0.1344792987319073,1,Low
f0c1c03c0a,0.13814081366549577,1,Low
f0c459c738,0.6198703170207495,1,High
f0c5cf6b06,0.030847580672713402,0,Low
f0c64db067,0.06592215563493585,0,Low
f0c700309a,0.17700682071482893,1,Low
f0cdf6b9c8,0.042250609866991216,0,Low
f0cfe22635,0.1705117590552365,1,Low
f0d1453f07,0.054364254245958046,0,Low
f0d28414e6,0.02514662290811841,0,Low
f0d33af1e6,0.10471338918338896,1,Low
f0d39d00ab,0.08373021260101067,0,Low
f0decb860d,0.29678268102573,1,Medium
f0e2e3c047,0.027734711224589842,0,Low
f0e366a42b,0.07093424893755414,0,Low
f0e3e5c7c9,0.022792784703209314,0,Low
f0e435cd08,0.09662132480024897,0,Low
f0ea15a17a,0.09919931509723677,0,Low
f0eee1ecb1,0.15781701086960354,1,Low
f0ef44b7af,0.08898904975460742,0,Low
f0f302b9a9,0.2384123418991399,1,Medium
f0f30aa22e,0.1752647673921506,1,Low
f0f517c34d,0.19236218997051333,1,Low
f0f583ebb5,0.06880398256164752,0,Low
f0f667705a,0.19402670420432605,1,Low
f0f706bbbe,0.1437148210181633,1,Low
f0fb6237c5,0.17384429800931453,1,Low
f106a6145b,0.0964939774872942,0,Low
f109d06e18,0.046741959911506814,0,Low
f10d2a9ab2,0.30955575079865477,1,Medium
f10e63e5a0,0.04035193110962033,0,Low
f11151d704,0.03068444256607994,0,Low
f11392996f,0.03786981967633602,0,Low
f11b4f3196,0.17856957614758756,1,Low
f11c92b4fa,0.16432150393781403,1,Low
f11faad2e9,0.0658118291464015,0,Low
f122ee1f11,0.09211007625255954,0,Low
f1265e2cc5,0.07438794009270913,0,Low
f1297a5ff3,0.0372496440421141,0,Low
f12db88d22,0.10941244893170377,1,Low
f1346540fe,0.2439420749954372,1,Medium
f138878839,0.6562248362598441,1,High
f140d1f18c,0.05337775927440185,0,Low
f145f48408,0.14191379499624618,1,Low
f14870d7d4,0.09397406114448259,0,Low
f148bbc76b,0.11227903688043789,1,Low
f14eebd429,0.10405475478384088,1,Low
f154c3d3e1,0.025622858496705855,0,Low
f15767dbdb,0.021516426498784304,0,Low
f15989f5f3,0.1194412127735998,1,Low
f159e309b2,0.10520328218929058,1,Low
f15d53fc2b,0.10781919934923141,1,Low
f162a68578,0.15100185783094336,1,Low
f16a1c5b27,0.11985413360149186,1,Low
f16bdea8ce,0.167477815059538,1,Low
f16d476b40,0.2593959840220852,1,Medium
f16d652b24,0.061110793085691235,0,Low
f16e533179,0.03663343014858658,0,Low
f1706aaa57,0.027959610200218917,0,Low
f17931292c,0.05945044785817644,0,Low
f17a2474ae,0.1585974894561409,1,Low
f17e1a3f21,0.250012616098929,1,Medium
f181752c02,0.16567611064694593,1,Low
f18c2380b3,0.08592238081256022,0,Low
f18c33f930,0.10802088949322038,1,Low
f193ca024a,0.07541809993386005,0,Low
f19668bc5a,0.09650497720801177,0,Low
f198f3c1cf,0.18682646144294338,1,Low
f1a1a6a32d,0.17181325209903694,1,Low
f1a33d737a,0.07645087742109641,0,Low
f1a767ea13,0.04910546727894691,0,Low
f1aac5e5db,0.07108675914933908,0,Low
f1ad72cfaa,0.028644283081392764,0,Low
f1af1e176f,0.11499575203650822,1,Low
f1af6b1e1a,0.11650270265468723,1,Low
f1b0339ffc,0.09088343820122007,0,Low
f1b7fb51aa,0.12351181442768387,1,Low
f1bbccd5e5,0.1061135241989272,1,Low
f1bc0df5e9,0.06790872100894045,0,Low
f1c05c88ef,0.08748105342095226,0,Low
f1c635de0a,0.04994870708389742,0,Low
f1c6ba3c67,0.045205039222632595,0,Low
f1cbfb7087,0.302326197698744,1,Medium
f1cc038579,0.0849147179052189,0,Low
f1ce4261d1,0.18526266460201363,1,Low
f1d15b5437,0.028113777052486504,0,Low
f1e10a2ea2,0.06910766652305209,0,Low
f1e5337248,0.35499809269104343,1,Medium
f1ec28ecea,0.0506215859123405,0,Low
f1ed3a6931,0.05002783690847595,0,Low
f1f55f0d40,0.13185999798043416,1,Low
f1f65c8309,0.11417219820755337,1,Low
f1fd849d36,0.09747920814324985,0,Low
f202da7e82,0.03260177356209743,0,Low
f2034ab15d,0.07359368813162107,0,Low
f20f910178,0.04654402856650848,0,Low
f20feba5b1,0.31278627827121025,1,Medium
f210abe7f8,0.40117710452627353,1,Medium
f21437e1c3,0.45081039972358977,1,Medium
f2183c4f17,0.06302635500640515,0,Low
f21876481e,0.1790191265653682,1,Low
f226afd01b,0.033092355980753496,0,Low
f2278bdc65,0.035450978512684764,0,Low
f227ee426f,0.06338914151215001,0,Low
f228369ab0,0.12702605844710874,1,Low
f23245a90c,0.048269760168563845,0,Low
f232d0ddbb,0.10664246422262369,1,Low
f239c0514e,0.05787782579455136,0,Low
f23b11953a,0.13772093129648105,1,Low
f23dd4e1ea,0.25666022622387413,1,Medium
f23eda4b34,0.025366702034143047,0,Low
f2486c7786,0.12001577146156168,1,Low
f248e55365,0.018275852538431548,0,Low
f2497b243b,0.16410452055811559,1,Low
f24990fd47,0.0632474813411358,0,Low
f24bc53e23,0.09023543909364458,0,Low
f25759da54,0.27889538541594383,1,Medium
f2604e9da4,0.17414313274481089,1,Low
f26847ba1a,0.12724316112254339,1,Low
f27079f98d,0.05369237873839929,0,Low
f2821affaa,0.3530842039978315,1,Medium
f28764d502,0.25550665397804934,1,Medium
f2893d9fb5,0.21760675562641496,1,Medium
f28f14cc52,0.04152363741277851,0,Low
f28fbaf401,0.08682543665135985,0,Low
f2960061a6,0.08413941517730451,0,Low
f2a066c3ec,0.0873405538740388,0,Low
f2a550a1d6,0.2502835865169894,1,Medium
f2a6b8d602,0.033212902706829535,0,Low
f2a92eae12,0.08051414961703283,0,Low
f2ae9756fe,0.10073390998961425,1,Low
f2b8eb0c3a,0.05510347208620535,0,Low
f2c00838de,0.014987795592465495,0,Low
f2c1a78330,0.09009319025963662,0,Low
f2c2514ad7,0.25769876813837694,1,Medium
f2ca787a7f,0.07890295497677458,0,Low
f2d2340a50,0.0770634712714699,0,Low
f2d30581ef,0.026573320218088683,0,Low
f2d7226c6a,0.0378874720186873,0,Low
f2dfa12f71,0.2796979785248733,1,Medium
f2e5aa153a,0.04479732579634756,0,Low
f2e5cf3ba6,0.03432199066236148,0,Low
f2ea49b35a,0.06533781729434142,0,Low
f2eb53b664,0.039159250693598074,0,Low
f2ec17a798,0.1351267369941173,1,Low
f2f044d680,0.23351167000249043,1,Medium
f2f15ef44d,0.1824783010993854,1,Low
f2fa1fc3e5,0.14161441994829846,1,Low
f2fac0ab57,0.07699985857667013,0,Low
f2fe0df14a,0.08922526107407514,0,Low
f30b2458ed,0.12905916463079548,1,Low
f30e048206,0.06751553565681286,0,Low
f317e1aff8,0.09318286354834811,0,Low
f31aad2a81,0.02785321412468794,0,Low
f31b54af60,0.48651639139739966,1,Medium
f31c8f730f,0.11487601993356583,1,Low
f3246a277c,0.047414629183415775,0,Low
f32b94799c,0.06040808591370687,0,Low
f32c9c772f,0.1166532326446449,1,Low
f33b99d770,0.0349746379443027,0,Low
f33f009edf,0.050191427380971626,0,Low
f33f679f2e,0.29549399858755765,1,Medium
f3407d8b88,0.118893562311715,1,Low
f34bf536e0,0.2860414526520932,1,Medium
f34f26f449,0.04603575633573178,0,Low
f34fb76019,0.24129562874108043,1,Medium
f350570c87,0.13961356101224598,1,Low
f35240bc8d,0.0620062243304789,0,Low
f358e50194,0.06746742710100204,0,Low
f359e91cfe,0.05525976568323244,0,Low
f35b588b92,0.25969609665384813,1,Medium
f35ef3bc8c,0.09332512538234823,0,Low
f366d38513,0.4363155993961374,1,Medium
f374d74dad,0.034012077419947315,0,Low
f3774706e6,0.4606007722006853,1,Medium
f37d44d456,0.2492317750497717,1,Medium
f381cd1097,0.08360339087782549,0,Low
f38804fef4,0.21324004972624752,1,Medium
f393c1dbd5,0.15964877551302614,1,Low
f39c2ed6dc,0.05004169167147963,0,Low
f39da894da,0.12701200542549734,1,Low
f39fbc5aed,0.06695794901200097,0,Low
f3a4b77ef5,0.051257471007413326,0,Low
f3a4f637e8,0.1452061111591278,1,Low
f3a61c768e,0.049728740569785955,0,Low
f3abd3d8bb,0.10691704775804087,1,Low
f3adf77b9d,0.09122171307714828,0,Low
f3af48f2a5,0.25867381286720037,1,Medium
f3b0e7d428,0.05716792356744063,0,Low
f3b1a8a888,0.053562121790609186,0,Low
f3b5b52e19,0.18750344042972572,1,Low
f3b6d4c719,0.09637850514042128,0,Low
f3c76026f1,0.42963948596898055,1,Medium
f3c92a9045,0.1142050701783708,1,Low
f3d063ff1b,0.15344170235515403,1,Low
f3d5239a85,0.0720496706763099,0,Low
f3db16fa50,0.01443924083969708,0,Low
f3dd08222e,0.14675363297086935,1,Low
f3de67b4bd,0.19548935272673354,1,Low
f3df318207,0.21365612154384822,1,Medium
f3e390a794,0.08424963549742748,0,Low
f3e3f69714,0.10238665332716788,1,Low
f3e563156d,0.28086489315424523,1,Medium
f3e82adcc5,0.035573342733675406,0,Low
f3ebbf9e9e,0.14466103922710552,1,Low
f3ec5fb25e,0.14075944103547958,1,Low
f3f0631a79,0.07477687556734489,0,Low
f3f0cb9b6b,0.12289779363450197,1,Low
f3fe6e6236,0.05656148321013323,0,Low
f403cf1b26,0.22617156211702452,1,Medium
f4065234ae,0.11144976330514958,1,Low
f406fe36eb,0.0540839765016566,0,Low
f408dc5ec7,0.09506582928374784,0,Low
f408ee9d31,0.3389927077691147,1,Medium
f412bc30b1,0.5416365033375158,1,High
f415efb621,0.12200513832342198,1,Low
f416e0b76b,0.029957017239598937,0,Low
f416eaaa5d,0.06807453642894797,0,Low
f419aae0ad,0.015145727582728937,0,Low
f41d58f6d7,0.04147930434423496,0,Low
f41d78ccf9,0.09429596356119076,0,Low
f41dbc3c88,0.08259493922002561,0,Low
f41f3aae3e,0.5190864797825275,1,High
f421e95561,0.15122192085915254,1,Low
f429042216,0.08479804656220051,0,Low
f42d25d07f,0.0341306202061791,0,Low
f4340c36b1,0.05920625824877109,0,Low
f439c2aba8,0.09329284310258618,0,Low
f43e485cac,0.4238482270054021,1,Medium
f4466c2b2b,0.23774080463633895,1,Medium
f44ab9f60f,0.02923390010046274,0,Low
f44ac89c22,0.11318035865033649,1,Low
f44f8fb5d9,0.04849000995162071,0,Low
f451583669,0.0749660236497653,0,Low
f451847d1d,0.055513987743185236,0,Low
f4519d01a3,0.210779242755708,1,Medium
f456957042,0.08386988710298786,0,Low
f458ff2b54,0.2053295784486849,1,Medium
f45a7cae09,0.17459518546745262,1,Low
f45fb97a7d,0.22177272398782785,1,Medium
f46202fae8,0.09943180741902327,0,Low
f465ac27c2,0.031448593804631754,0,Low
f4712518fe,0.13042436412793226,1,Low
f473d9bfaa,0.2026706359301944,1,Medium
f475c84e9d,0.12017104251089919,1,Low
f47c4dff67,0.0651427398759851,0,Low
f484796944,0.020332927894830707,0,Low
f484fb337e,0.2899719057521268,1,Medium
f486ce43e9,0.16393374533774618,1,Low
f48c0ffa99,0.05225119553025853,0,Low
f48d79adea,0.2201780283395621,1,Medium
f491ed56a8,0.09204225413672774,0,Low
f492ac12d6,0.18253899234315132,1,Low
f49502b4e3,0.2690757805329051,1,Medium
f495d926b2,0.08605172357597186,0,Low
f4982bf14b,0.16060737844941128,1,Low
f498c55374,0.30162497248629394,1,Medium
f49ffd9f07,0.30314571502588794,1,Medium
f4a0d5f5ad,0.08170059730488087,0,Low
f4a3c531d9,0.24329896762919564,1,Medium
f4a677d0fa,0.22277167498205622,1,Medium
f4aac7ac95,0.10454302927493493,1,Low
f4ab5dee20,0.30144928574117313,1,Medium
f4afb57033,0.10721109137055226,1,Low
f4b8a1ef07,0.21576441540979657,1,Medium
f4bbe356c1,0.17700657037878081,1,Low
f4bc6e6b56,0.18057983802292718,1,Low
f4bfb8a7d6,0.045427170536562304,0,Low
f4c3004ada,0.1320433568730336,1,Low
f4ce19b1c5,0.2774815224724084,1,Medium
f4cf07b832,0.0973064650542818,0,Low
f4d640ddf7,0.08885988440869345,0,Low
f4dbce1f71,0.16441570224339713,1,Low
f4dd90e4aa,0.15049896338985333,1,Low
f4e1e366d4,0.12603704042961228,1,Low
f4e22b448d,0.12362244628628685,1,Low
f4e3f32cb1,0.15883152495115763,1,Low
f4e59679de,0.11274929266863323,1,Low
f4e88cb1a9,0.13713231538933157,1,Low
f4ed5f54e0,0.17295952058755096,1,Low
f4ef754fea,0.0522365004345399,0,Low
f4f093b834,0.09513771921329074,0,Low
f4f16d8080,0.17779112142903236,1,Low
f4fc20aedf,0.1381793505702016,1,Low
f50066d8b1,0.1765579420054675,1,Low
f50157ea91,0.05526746047121293,0,Low
f504193c96,0.14140927414933244,1,Low
f509a81cae,0.22856392105406614,1,Medium
f5121c17b2,0.151694937365156,1,Low
f517545b37,0.019541644220128475,0,Low
f519c06afc,0.11030071356032894,1,Low
f51ff36356,0.603190453643038,1,High
f52058bb8c,0.1047981779346857,1,Low
f5249be425,0.062144340317757084,0,Low
f52b2b78e7,0.01595972215151959,0,Low
f530997a27,0.10768586962817198,1,Low
f5357fee3d,0.04939229008650352,0,Low
f53a50dbcb,0.17634453723434276,1,Low
f53d6956c1,0.1495607181161978,1,Low
f542c974e3,0.16361291604999909,1,Low
f54e6f7cf9,0.15005057158598398,1,Low
f550f3daf5,0.4310374226028911,1,Medium
f551746f1e,0.050003377251176595,0,Low
f55365e599,0.17950632595832763,1,Low
f5537b6f94,0.2010535260414623,1,Medium
f55848c351,0.16496650332289697,1,Low
f559e23543,0.040412352952835476,0,Low
f55a81b733,0.1304169888432005,1,Low
f55b29f56d,0.21485949341471589,1,Medium
f55ca319ac,0.10743683929154854,1,Low
f55ee30af4,0.2961833430475076,1,Medium
f55f0aa1dd,0.13303259808651,1,Low
f55f7f6e3f,0.10750023047821684,1,Low
f560fe6f33,0.21541241694986413,1,Medium
f56b3894ed,0.4029211486033372,1,Medium
f56c25212b,0.05059094747811635,0,Low
f56f9c32a3,0.17498127904784125,1,Low
f56ff09e9c,0.17362773019692015,1,Low
f572c75d1d,0.20539386329344692,1,Medium
f576a7e5df,0.11005330739388747,1,Low
f5773957c3,0.11363291707659647,1,Low
f5790a29f2,0.18547696785134596,1,Low
f57948cc53,0.1803106196437423,1,Low
f57b7d85e2,0.1315835609071974,1,Low
f57fea8b15,0.06605776513050206,0,Low
f583c34a49,0.13983767916392245,1,Low
f58b95a603,0.03313425980655084,0,Low
f58db75a80,0.4159208470484912,1,Medium
f5925671c5,0.1033751641760594,1,Low
f5943f6480,0.03455805810353873,0,Low
f59607716a,0.09544468888964584,0,Low
f597208384,0.05596379541796391,0,Low
f59a3d3f29,0.7262904291396513,1,High
f59f52cd0a,0.06558247762800978,0,Low
f5a0b6f3f4,0.20352282038502917,1,Medium
f5a2039796,0.06987837409665443,0,Low
f5a67ca9bb,0.07306976708028595,0,Low
f5aba5f21b,0.17064887707333623,1,Low
f5ac745330,0.028528866136027228,0,Low
f5b755c270,0.12618988008133797,1,Low
f5be4b2fae,0.08887621643401979,0,Low
f5c384777a,0.06377573037734048,0,Low
f5c4aa81ff,0.3529850606694213,1,Medium
f5cda0ef37,0.04679931285417734,0,Low
f5cf3c7757,0.06350079427101621,0,Low
f5d04742d7,0.04427155520108861,0,Low
f5d5bbcb69,0.233051517580454,1,Medium
f5d6f044b3,0.29384551451271923,1,Medium
f5d9c7e84e,0.025204096255157297,0,Low
f5db54c7e0,0.1345316088837777,1,Low
f5dc5b634c,0.07019309107870307,0,Low
f5de9cbf02,0.08138365019819097,0,Low
f5e3a9176d,0.19116526777636164,1,Low
f5e452f175,0.09722564194744517,0,Low
f5e91af2a7,0.05938227705817356,0,Low
f5f1109f65,0.19714794172024364,1,Low
f5f2077cf0,0.06267087678830838,0,Low
f5f6b45d1e,0.07329847564073405,0,Low
f5f8855818,0.1322140846243937,1,Low
f5fd435d7d,0.45184749808220515,1,Medium
f606ed6a71,0.03304115115220209,0,Low
f60d1e7579,0.08914393237757483,0,Low
f60d36bebd,0.14700183468324005,1,Low
f6121d3747,0.12529707925181216,1,Low
f6253efd04,0.049406472502290626,0,Low
f626748035,0.22373252619271836,1,Medium
f626efd382,0.1520052999750958,1,Low
f62b578c2a,0.04856369360789991,0,Low
f62b7dd3d9,0.20944609569501976,1,Medium
f62f0c5ca6,0.08840985840777354,0,Low
f632ccc40e,0.05498756859957582,0,Low
f63533ae8a,0.09972451801436703,0,Low
f638a58131,0.15838788896438516,1,Low
f63ad7619d,0.2521477068548395,1,Medium
f64264e3b8,0.16697931769014296,1,Low
f64266aa77,0.22396043353192954,1,Medium
f6453e8809,0.015693884279578307,0,Low
f6467f31cc,0.19754001698125911,1,Low
f646f0a2bb,0.17871389694184814,1,Low
f647786842,0.18996981615560374,1,Low
f649a62720,0.17982792707063408,1,Low
f64d2ae08e,0.1000233534877753,1,Low
f64d44b6e6,0.3379226590559605,1,Medium
f64dcbd170,0.026801103054551308,0,Low
f652df0d0c,0.09643035893846247,0,Low
f65c05b411,0.1749607057777421,1,Low
f65ebe5adc,0.025494029699699043,0,Low
f65f1a4a30,0.0657706617680915,0,Low
f661280441,0.1557899113404453,1,Low
f66260c46f,0.0349374378857123,0,Low
f66c934481,0.14521707897270392,1,Low
f66e4f5372,0.03781758983989832,0,Low
f672045405,0.18058571778624533,1,Low
f679137a6c,0.15717016110832654,1,Low
f679feddb5,0.20084874532789215,1,Medium
f67b2a9008,0.04510561562683652,0,Low
f67de04f0a,0.015003564969384603,0,Low
f67ea8159c,0.1483100376340375,1,Low
f67f4409de,0.1584280782772857,1,Low
f680523119,0.15490485228854664,1,Low
f68110ccdb,0.03322046261625965,0,Low
f68c3ef32f,0.0970132455392702,0,Low
f6926f0fb8,0.24874398143023158,1,Medium
f693d96959,0.1016715922826258,1,Low
f696fde7af,0.07907233567518492,0,Low
f69988c1a9,0.11504504091535972,1,Low
f69c8358be,0.020685056821468206,0,Low
f69cd32f3f,0.04434246246700709,0,Low
f6a5c2bab6,0.05977304318417704,0,Low
f6a800e907,0.05787208438738095,0,Low
f6a85a455e,0.31682859692764576,1,Medium
f6ab052a07,0.1432504308259724,1,Low
f6ac6eacc0,0.11476306958015389,1,Low
f6ad8f5b82,0.04721951731293567,0,Low
f6b8a0d0d9,0.09140131490356912,0,Low
f6ba833dd0,0.04225402128343292,0,Low
f6bc1c4b8a,0.030814846587574406,0,Low
f6bc3d677b,0.1956590313864596,1,Low
f6bcb16cb3,0.09292077728980891,0,Low
f6c1854a0d,0.0972901203613126,0,Low
f6c4f80647,0.13297977241721726,1,Low
f6db7963bc,0.0683541646417294,0,Low
f6dcc7683b,0.10486643325974619,1,Low
f6dceed2da,0.2428867811194361,1,Medium
f6de4db32b,0.054880106266620196,0,Low
f6e01bc79e,0.8006270652117589,1,High
f6e0218006,0.020642375120311796,0,Low
f6e3bcc4bb,0.0761604236996286,0,Low
f6ed89ea41,0.3600351284492818,1,Medium
f6f18a0b96,0.08513935588655609,0,Low
f6f5266f2b,0.08423496916228215,0,Low
f6fa969803,0.1708035646763051,1,Low
f6fc3abdf2,0.11186488924736816,1,Low
f6fcdca6b5,0.04679559214995322,0,Low
f7048dc040,0.05818829997200921,0,Low
f70857e263,0.0430337873889649,0,Low
f70c03b38c,0.12910250482896724,1,Low
f70db39c61,0.15513441167490882,1,Low
f710e57d18,0.21275947735332243,1,Medium
f71599662b,0.18848442079329358,1,Low
f715a130dd,0.3387090567643776,1,Medium
f71ee6e297,0.11451717089033644,1,Low
f71ff3758a,0.07518918157460437,0,Low
f7218cee8d,0.03484552138571353,0,Low
f721e221ca,0.09839204980999532,0,Low
f72738ddb3,0.07985059912592854,0,Low
f72887f221,0.309222845453675,1,Medium
f72d94565f,0.20289246676137923,1,Medium
f733e952af,0.13802320472083032,1,Low
f7389fbad8,0.17444338087696276,1,Low
f73957631c,0.055488246319658555,0,Low
f7395b6675,0.11600618597541504,1,Low
f73d267af6,0.09843691255116126,0,Low
f73fb57090,0.08704173717546149,0,Low
f741f5e275,0.2996495784259448,1,Medium
f74502281a,0.16946354595774704,1,Low
f7478805f3,0.14303369997516513,1,Low
f748f55c4d,0.2510796077587677,1,Medium
f74bbf0779,0.07021345654364895,0,Low
f7500c4e7f,0.06581203363349043,0,Low
f7504bdc2b,0.2944380472038713,1,Medium
f753ccb2e6,0.2734510448023389,1,Medium
f75be6b413,0.32967083743958087,1,Medium
f75be9e0ea,0.05723262623260098,0,Low
f75f81073f,0.29882911048216504,1,Medium
f761c7c7ff,0.17720701074934914,1,Low
f76aba28f6,0.06081667210504052,0,Low
f76b460f9d,0.012541516781366587,0,Low
f77045a40d,0.22884808707456186,1,Medium
f7732c696a,0.07923715505488102,0,Low
f773d182f9,0.02709848185064013,0,Low
f77c50f1e1,0.06381900511915578,0,Low
f7804e8f83,0.17717511416721946,1,Low
f7810992af,0.10514013456666195,1,Low
f784cb6a86,0.02201085946329434,0,Low
f785740683,0.1723713885848779,1,Low
f785bd31ab,0.16643341367568587,1,Low
f786d1c9b0,0.12330753794740883,1,Low
f7899932a1,0.09792630658717995,0,Low
f78edceab4,0.16085781058500215,1,Low
f794cf2c52,0.13880379198741324,1,Low
f79a232015,0.19039248756484523,1,Low
f79b69bf30,0.07354133231689973,0,Low
f79da71563,0.09062411433242006,0,Low
f7a0031a43,0.20445555150163322,1,Medium
f7a03b1e5b,0.20232563586892485,1,Medium
f7a3d7c19e,0.12378122177705461,1,Low
f7a3f7fa3b,0.5147064304971397,1,High
f7aa4da11e,0.10917016857860913,1,Low
f7ae313911,0.0727779452516282,0,Low
f7b23355d1,0.1610669713467402,1,Low
f7bb88f411,0.21276756490418783,1,Medium
f7bc822cb9,0.343901750847486,1,Medium
f7c2d505a7,0.026008101437706117,0,Low
f7c3a625b4,0.052243897883714724,0,Low
f7ca95d973,0.05930277768298308,0,Low
f7cd9b3d5f,0.022302134661127,0,Low
f7cfe9233b,0.03446313647486557,0,Low
f7d90963b1,0.061189744199256706,0,Low
f7dfca2e39,0.043432831422871535,0,Low
f7e31b12da,0.3699441810180246,1,Medium
f7e46c11a5,0.08365466797365005,0,Low
f7eadee084,0.03690962746534714,0,Low
f7eb75b7c7,0.013252183281197205,0,Low
f7ec729642,0.14070994452800978,1,Low
f7ed8356c4,0.23877219328380805,1,Medium
f7f0b71cf7,0.03661707967839294,0,Low
f7f51357dc,0.030483547673949788,0,Low
f7f7d66fb1,0.2895306498011498,1,Medium
f7f8099c1a,0.26642920905572404,1,Medium
f7fa9acb06,0.047399430352751584,0,Low
f7fe9801f2,0.26339304585218387,1,Medium
f802b25065,0.15900667683339945,1,Low
f804d9b6af,0.03650507775247136,0,Low
f8056f3d7e,0.1920979397742599,1,Low
f8074a4038,0.08417338286395509,0,Low
f80dbd59bb,0.11475460762517184,1,Low
f80e55c105,0.08429265870194926,0,Low
f815081ca1,0.20878384660322824,1,Medium
f81f344b58,0.11987468897661537,1,Low
f824f2388f,0.17600248381633446,1,Low
f825bf8e55,0.059801651263070695,0,Low
f82f37bfcd,0.39358932452718104,1,Medium
f83006a3a3,0.10198893402965468,1,Low
f8339246c5,0.1992034335198311,1,Low
f833bf349a,0.07079395165326964,0,Low
f83cd41af2,0.18843359649325503,1,Low
f83e0baccb,0.16337270563252596,1,Low
f8423922db,0.20704001854634682,1,Medium
f845bb691b,0.09793168865304763,0,Low
f848bb93dd,0.10059715650467656,1,Low
f849af17cb,0.07573728589752018,0,Low
f8570b5779,0.2488059916934237,1,Medium
f857dd5696,0.10014158810575975,1,Low
f8591bc0e5,0.06799619135343221,0,Low
f86b4a3956,0.2812503144643926,1,Medium
f8731c705b,0.6003157191272636,1,High
f8753c2999,0.025866023974213385,0,Low
f87766f9d7,0.21429633602305548,1,Medium
f880be76f1,0.03590491364094943,0,Low
f888b1d6bf,0.1360041566928616,1,Low
f888f1d942,0.11841330256898194,1,Low
f889a9d6a6,0.1132561715444415,1,Low
f88b8099d7,0.1335010732193838,1,Low
f88dbf45ec,0.05992858047984218,0,Low
f88dd70c91,0.14634735649001082,1,Low
f88ed3a37e,0.09035182988161522,0,Low
f88f06dfd6,0.19415559348586725,1,Low
f89103358a,0.10960316326673324,1,Low
f893bf71af,0.16655906549201865,1,Low
f89ba0716f,0.06053675884631837,0,Low
f8a10b6310,0.08951434387881448,0,Low
f8a44f4700,0.0697386326955673,0,Low
f8a649bced,0.05498631596622698,0,Low
f8ad17e050,0.17896037665812445,1,Low
f8ad649213,0.07343553959127873,0,Low
f8b3cba0f0,0.05850193872368323,0,Low
f8b52fdabc,0.22817349320926378,1,Medium
f8ba0545f8,0.3526169133921303,1,Medium
f8c0b50176,0.16500332741104048,1,Low
f8c7f5d69d,0.1566989236318973,1,Low
f8c96c2787,0.3075084611132761,1,Medium
f8ca990a3c,0.10638575782833484,1,Low
f8cc8628e3,0.11279554935218856,1,Low
f8cee901e9,0.15043037198064454,1,Low
f8d204282c,0.07699619952465098,0,Low
f8d43c4df1,0.11592839937323665,1,Low
f8d5cfad41,0.048442963977024994,0,Low
f8dcbff645,0.03542143371183472,0,Low
f8dda706e7,0.1953973129541861,1,Low
f8dec29493,0.09713345479195598,0,Low
f8e719dd09,0.03970180000527149,0,Low
f8eb5a90a7,0.4715551738975646,1,Medium
f8efa0270f,0.044983090075253966,0,Low
f8f3aa9ab4,0.2139095254601153,1,Medium
f8f3c3d3ec,0.3185347223038988,1,Medium
f8f3c3fbca,0.08384252879056991,0,Low
f8f873b9d5,0.08839716651769687,0,Low
f8fb672436,0.018838336658950676,0,Low
f8fe36d57b,0.3707117078183756,1,Medium
f90055c4a4,0.26500288615017814,1,Medium
f9072de9e8,0.1550181692413216,1,Low
f9088a7153,0.11205643895379101,1,Low
f908ff1b7e,0.5019170350787967,1,High
f909261401,0.27901944601148576,1,Medium
f90b25ebbc,0.04649025797380495,0,Low
f90efecc0b,0.09557027834174038,0,Low
f9157006ca,0.6647229751965925,1,High
f91d8bf88f,0.19930719275232467,1,Low
f921a2099a,0.06008127920200327,0,Low
f925401df3,0.04844297729944309,0,Low
f92cf81014,0.13599633924785892,1,Low
f933f5a7fa,0.058690400810747764,0,Low
f93642909a,0.07295412432945537,0,Low
f93927fe12,0.06302023754526986,0,Low
f93b390c95,0.17157876290552695,1,Low
f93ba090e1,0.16953511508109892,1,Low
f93c6a2692,0.11304726402352981,1,Low
f93ee3e5e7,0.14336051210079134,1,Low
f94232cd88,0.09087370194623981,0,Low
f94396687b,0.21538977598663162,1,Medium
f9453ab4fd,0.15925354172078857,1,Low
f9467267f3,0.16372922389089206,1,Low
f948ed4c85,0.08015611730869733,0,Low
f94aa0f03a,0.05905660819455001,0,Low
f94aac8bc2,0.11510208670197171,1,Low
f94cd448fb,0.33068516049378927,1,Medium
f950bb97fe,0.13226689575948244,1,Low
f955fc117b,0.024625789576359143,0,Low
f95b3ccedd,0.27065803257881316,1,Medium
f95ba1dce2,0.13956455629303668,1,Low
f9669758c9,0.2592744652879506,1,Medium
f967a7b564,0.09868700428262873,0,Low
f96ca2e053,0.03242868844348288,0,Low
f96d32dca7,0.06494367516634585,0,Low
f96ff08d64,0.0874419467130483,0,Low
f9706ed9a0,0.06835356713830934,0,Low
f972a7edc9,0.2977719262045816,1,Medium
f9793cc11f,0.08134285319226514,0,Low
f97a02c7f5,0.27171851891662524,1,Medium
f97dab388d,0.05784637177403301,0,Low
f9869b72d1,0.11417848309155282,1,Low
f987c508f2,0.03387142113719092,0,Low
f989935001,0.21776990003854083,1,Medium
f98ce5420b,0.2794457170137331,1,Medium
f98f574c82,0.16206230925034917,1,Low
f992d7e78b,0.01426672799420086,0,Low
f9969223b4,0.061281693239532344,0,Low
f9993265f7,0.3309657718109662,1,Medium
f99b6827e2,0.30901738878641727,1,Medium
f99df4c8b4,0.038688266503647914,0,Low
f9a1771fbe,0.07928439364782261,0,Low
f9a211e162,0.06455547418622896,0,Low
f9a53cf96c,0.06752238183687657,0,Low
f9a7921a32,0.06277253735262593,0,Low
f9ae5eaaa7,0.032724803146125844,0,Low
f9afa53613,0.17325813371910712,1,Low
f9ba69b11b,0.07559769496050726,0,Low
f9bd88990c,0.07822915065096944,0,Low
f9c02e94f7,0.04891790313234942,0,Low
f9c5d32a0a,0.025553091550500135,0,Low
f9cae0402c,0.08234175417695386,0,Low
f9cdd9e26f,0.18327219471370787,1,Low
f9d4391fc1,0.20632671529501348,1,Medium
f9d5c1d60d,0.10781704567771053,1,Low
f9db53a5a9,0.08807313590759953,0,Low
f9dd17d42a,0.04829950575398285,0,Low
f9dd588f48,0.40731385445041335,1,Medium
f9e105b0d2,0.32772853536868796,1,Medium
f9e25fdef3,0.031699435772760604,0,Low
f9e4a260ea,0.06149635020335162,0,Low
f9ebfc892c,0.3409337373665839,1,Medium
f9ed75a346,0.05225277886432554,0,Low
f9f037009f,0.6127704848390858,1,High
f9f18515c0,0.06312236054968613,0,Low
f9f18e566b,0.19074557361901656,1,Low
f9f1c2cb28,0.09355779688446479,0,Low
f9f21efe27,0.08087708247708301,0,Low
f9f4a6c39f,0.2378286951023511,1,Medium
f9f7d2984a,0.0796507956829092,0,Low
f9f8c6ee3b,0.03753905733885922,0,Low
f9fc0891cc,0.16583161219784226,1,Low
fa05452088,0.031736445113318426,0,Low
fa06243a32,0.05233103864660146,0,Low
fa10258dd7,0.045103736414884084,0,Low
fa11befaf4,0.13424542797156228,1,Low
fa133e39e2,0.2537797373514212,1,Medium
fa15e789da,0.2551278113879777,1,Medium
fa20abc648,0.2305370598066773,1,Medium
fa22ef5d13,0.11722772809301579,1,Low
fa23f30ef4,0.11983319258845869,1,Low
fa2864048f,0.030848681317566417,0,Low
fa292e35ac,0.161665339969783,1,Low
fa2bd5ba6b,0.554104206850333,1,High
fa3532a102,0.48435801271270273,1,Medium
fa38c7ca1b,0.08896254736742362,0,Low
fa38e81e87,0.5506358826527914,1,High
fa3e1e4278,0.08428647053458337,0,Low
fa3f9f3a26,0.11356493982240143,1,Low
fa3fce10f8,0.07565424731417265,0,Low
fa401b96f5,0.1362352844155543,1,Low
fa463484d9,0.028310154377911286,0,Low
fa46b57169,0.07733138067009868,0,Low
fa4b39d536,0.09212614049144728,0,Low
fa4d86865b,0.0603482833828978,0,Low
fa57ce8852,0.024189429718978698,0,Low
fa58c043ab,0.06356018074110742,0,Low
fa5a864e2f,0.16035325760686003,1,Low
fa626c4783,0.4236744649806453,1,Medium
fa63b21da0,0.22653919817376703,1,Medium
fa67179bb0,0.06200279149656259,0,Low
fa68672caf,0.061148055508622734,0,Low
fa6a7d4cb0,0.03201495691883592,0,Low
fa70fa4c1f,0.11334659064597173,1,Low
fa785e10c8,0.08695996079158552,0,Low
fa79ff5111,0.09592377647576426,0,Low
fa7a901656,0.058611123014894635,0,Low
fa7af73a1b,0.07809726273689639,0,Low
fa80630ed4,0.03862610048664767,0,Low
fa81941b1a,0.44272760488548185,1,Medium
fa895cfbe0,0.04089955746629343,0,Low
fa8969b9bb,0.07146621847461501,0,Low
fa8c8a82f4,0.05270354976006778,0,Low
fa8cff3bd1,0.06677582482072289,0,Low
fa8d2e8b4c,0.2722949818014686,1,Medium
fa8ddb48dd,0.03912735793431404,0,Low
fa909854a6,0.10923389587124759,1,Low
fa9c0025ec,0.19124142847530315,1,Low
fa9cdb05af,0.20913081410427767,1,Medium
faa1eb6a26,0.13793149386219175,1,Low
faa2ce0f4c,0.3347649058507174,1,Medium
faa856a260,0.43364961495160426,1,Medium
faa8c7bcb9,0.09230365814893951,0,Low
faa9357bc6,0.14218956870591223,1,Low
fab398d286,0.03915967678922575,0,Low
fab4b07c5e,0.19414529391403168,1,Low
faba1ad38b,0.07210043215137045,0,Low
fabe246dde,0.1487409388984189,1,Low
fac05b55ed,0.16628467308277503,1,Low
fac2cecfb7,0.14696176261207153,1,Low
facd070a0b,0.02963012698874159,0,Low
fadd51749a,0.10862398344629731,1,Low
fade91b82c,0.015427425383173685,0,Low
fae4392501,0.16080164012375664,1,Low
fae63e9c09,0.14059829958886846,1,Low
faeb07c5e1,0.12967155729424937,1,Low
faf945631d,0.04945142578957865,0,Low
fafd167c72,0.038328453510852435,0,Low
faffa8a07c,0.061884705087816315,0,Low
fb04c8954b,0.16897642064680993,1,Low
fb0b21171d,0.09861350800452316,0,Low
fb11ed18f0,0.3401747249643774,1,Medium
fb1372f293,0.020900321416705652,0,Low
fb1a5adcd1,0.08827543910407683,0,Low
fb1bd61e55,0.055804311518765574,0,Low
fb1d4e587b,0.1138936945890067,1,Low
fb1f7bab5b,0.07726177254103798,0,Low
fb267448f4,0.17634569237971506,1,Low
fb27c4a6b5,0.032809354722224494,0,Low
fb324cb559,0.0908171024936167,0,Low
fb34a82894,0.11210566478731464,1,Low
fb4372ca50,0.108127438803341,1,Low
fb438a3f4c,0.0533275078417937,0,Low
fb4b9c4e91,0.21179017740514633,1,Medium
fb4bfd8f7d,0.08314197341884044,0,Low
fb4cb4b45b,0.09854478862096429,0,Low
fb4ec826cc,0.10881288916138483,1,Low
fb5002b101,0.1677346301029718,1,Low
fb5614230d,0.14574293946593883,1,Low
fb56c143f8,0.03034495455836042,0,Low
fb5762ab1d,0.14092261579272586,1,Low
fb5bbf597c,0.045101613585249306,0,Low
fb5c60bc08,0.06799600237214383,0,Low
fb5dbd9ee3,0.04658699935200351,0,Low
fb67a07abd,0.21596088518359702,1,Medium
fb67f6816a,0.07089630980916725,0,Low
fb6928b6d0,0.04215914387102976,0,Low
fb697bbde7,0.16060213103296572,1,Low
fb6a1b59a7,0.03531869363757039,0,Low
fb6bb4052b,0.05025666757961346,0,Low
fb78526eda,0.08250012673866616,0,Low
fb8172fc9b,0.08984016555987673,0,Low
fb86d531e9,0.15721924823634265,1,Low
fb8712c02b,0.07126752159553641,0,Low
fb8a7f2f6b,0.08517803423705701,0,Low
fb95163827,0.26984280795095966,1,Medium
fb9df796aa,0.13948764623678517,1,Low
fba2522252,0.04162877266719809,0,Low
fbb7ebff03,0.0659305458656482,0,Low
fbbc9a164f,0.17743132407806722,1,Low
fbbca787df,0.024121003908835228,0,Low
fbbfc11735,0.07975889278872228,0,Low
fbc27ac955,0.11116100993041182,1,Low
fbc2aa558a,0.16135748014140114,1,Low
fbcd6a6f43,0.051576996551772385,0,Low
fbd1aabe55,0.24105337514653358,1,Medium
fbd8946541,0.20109572515956278,1,Medium
fbe1a0e300,0.03754121013313803,0,Low
fbe303a3bc,0.15634760130106837,1,Low
fbe8056eb0,0.038867755114745904,0,Low
fbe949d625,0.10048357204704692,1,Low
fbf1fe369d,0.06407975603015119,0,Low
fbf34333f3,0.07670094519566217,0,Low
fbf86e242d,0.4353780809576536,1,Medium
fbfa2fc19f,0.033187380903194556,0,Low
fbfb458995,0.0777349521598038,0,Low
fc062d2ade,0.04508589781426809,0,Low
fc07ff093f,0.11275389285948981,1,Low
fc0a4a25c8,0.0615798512513001,0,Low
fc13115290,0.3000930254940446,1,Medium
fc13796a67,0.1900946472745185,1,Low
fc141194e6,0.07699373008351605,0,Low
fc14647df0,0.047776333769168504,0,Low
fc17237bef,0.14305234907873066,1,Low
fc1805afcb,0.41496078606409825,1,Medium
fc18292e25,0.035813728635006696,0,Low
fc1db1cdd8,0.015192329420335316,0,Low
fc1eb2d000,0.03060790318338987,0,Low
fc1fba8e7a,0.09201934782918034,0,Low
fc1ffaf7d7,0.03376118005706997,0,Low
fc2071d459,0.1107231337062008,1,Low
fc215aea09,0.17233861681325352,1,Low
fc24afa63c,0.1409382026737621,1,Low
fc24fc94d2,0.08329030789845493,0,Low
fc29c73850,0.06769048586861277,0,Low
fc2bc50048,0.0764156446382081,0,Low
fc37ff7e3e,0.2156568139888742,1,Medium
fc39c580ec,0.10581118952402388,1,Low
fc3cd908ab,0.22015682201979855,1,Medium
fc4010d738,0.11644316917721055,1,Low
fc40218adc,0.05122296418125423,0,Low
fc418a20f6,0.35935755328759167,1,Medium
fc42edb0f2,0.20762331137001255,1,Medium
fc4b0669c5,0.3077606062100785,1,Medium
fc545f5cbe,0.1789012333606435,1,Low
fc54d4086c,0.08483332894295055,0,Low
fc57abf22f,0.10454344049695037,1,Low
fc5924b752,0.11366242658357294,1,Low
fc593414aa,0.1898309257911032,1,Low
fc593a44d4,0.6241092344306509,1,High
fc5fc115a0,0.11726495922256455,1,Low
fc60658dec,0.04123889144863179,0,Low
fc66fe084f,0.12720891602373965,1,Low
fc6ab8dfc7,0.0893842187523639,0,Low
fc6c344f3c,0.19903628793196612,1,Low
fc6df48dbf,0.21809471095150046,1,Medium
fc70c11d23,0.017402217823565456,0,Low
fc711b2f8b,0.11048370753373497,1,Low
fc74108b89,0.09743246927286978,0,Low
fc79aa155d,0.2224300589038737,1,Medium
fc81f1764b,0.16602006348129716,1,Low
fc853d4482,0.11428667509222026,1,Low
fc8ce6b844,0.3722431750408543,1,Medium
fc902c0e2f,0.2852469725285783,1,Medium
fc90fbe8cc,0.33497960001703403,1,Medium
fc948ec60b,0.19727991773902878,1,Low
fc96792b87,0.24160776769531636,1,Medium
fc97e3dd6e,0.01797679608295454,0,Low
fc982599e1,0.11299241953119224,1,Low
fc9d513513,0.05740587130841033,0,Low
fc9e6a85c5,0.03285050457214077,0,Low
fc9f2243c7,0.05147447778816544,0,Low
fc9f3dce9f,0.06230507622972161,0,Low
fc9fbd4f7d,0.15210268307235975,1,Low
fca1ecc40f,0.0658643479492743,0,Low
fca21ddae7,0.06025523052601209,0,Low
fca4a3a281,0.06758716606216394,0,Low
fca4c8a780,0.06857087098224136,0,Low
fca524fd60,0.16959302656861938,1,Low
fca9cc2c0d,0.13337619783256655,1,Low
fcab117c8c,0.08651724625789782,0,Low
fcab88e4ad,0.05059794082909383,0,Low
fcabda5f47,0.19402983976424815,1,Low
fcae6a51d3,0.26957556973842817,1,Medium
fcb12a0cfa,0.3334848264970711,1,Medium
fcb23ab3e9,0.2504783361942137,1,Medium
fcb34f4014,0.028960317395455834,0,Low
fcb442046d,0.5993551794670017,1,High
fcb483e5cf,0.14103537955439202,1,Low
fcb6223e05,0.1516289777994415,1,Low
fcb75bd27f,0.022459851855384343,0,Low
fcb768dfae,0.1566725355130368,1,Low
fcb9d55e29,0.1898415057389692,1,Low
fcbe1808a5,0.022921256873879393,0,Low
fcbf28d6ae,0.507473888220972,1,High
fcc3078b66,0.31226911055589124,1,Medium
fcc4e1078a,0.01589486693478242,0,Low
fccdec2698,0.12530837748756057,1,Low
fccf1aa66d,0.029283715459911264,0,Low
fcdcf23886,0.10723120337821138,1,Low
fcdd9214d8,0.22475614260127957,1,Medium
fce179ce9f,0.0695737015054662,0,Low
fceafc7098,0.15911054970105318,1,Low
fcef3b2cf6,0.14922967641537765,1,Low
fcf77267ea,0.07922942109536286,0,Low
fcf9edc486,0.04019388067458621,0,Low
fcfae83115,0.2000212824689251,1,Medium
fd04dbc559,0.05178489048956133,0,Low
fd061ce8ec,0.12975006054062072,1,Low
fd0626d32f,0.24511514639966142,1,Medium
fd065de44e,0.12461380802064774,1,Low
fd07a672cd,0.03358059617634238,0,Low
fd08bcb1d1,0.0838390649766378,0,Low
fd0fcf7efe,0.019349738894373594,0,Low
fd12b9eb90,0.1762338437672159,1,Low
fd1564820e,0.0729317334587302,0,Low
fd17e63b53,0.07419096490843217,0,Low
fd21b2bed1,0.5971760738231202,1,High
fd2dd526f0,0.201518886398129,1,Medium
fd2ddc7cb6,0.04161087988268003,0,Low
fd3f5248a5,0.0729600547373833,0,Low
fd3fc21788,0.18182749031273632,1,Low
fd4e6730f8,0.017521836490023358,0,Low
fd4f3f2b7f,0.0419088910024861,0,Low
fd53f44fe5,0.05282522680124801,0,Low
fd54cbd909,0.19934219930029026,1,Low
fd574a7988,0.31065261823783447,1,Medium
fd5cace186,0.17154457652944038,1,Low
fd63634a8d,0.2923400696400668,1,Medium
fd64b492a8,0.06507244283814653,0,Low
fd66c045e6,0.4305311145679934,1,Medium
fd6b48d984,0.05360492159804376,0,Low
fd6f0f1697,0.14323578373397877,1,Low
fd77c03ae5,0.1289771773959986,1,Low
fd7cafbad8,0.06388614258033246,0,Low
fd7f9d0380,0.07004314037592738,0,Low
fd8037f81f,0.5330952816035238,1,High
fd80e4f9ce,0.101641562377346,1,Low
fd82850ded,0.3023960216751589,1,Medium
fd83e14d98,0.020508258021630796,0,Low
fd889af920,0.09635522736057073,0,Low
fd8a6917ee,0.13176940339552737,1,Low
fd8ac1c437,0.09282206062092398,0,Low
fd8acc4182,0.27722591457751156,1,Medium
fd918d5587,0.07475901176640509,0,Low
fd95e04e0b,0.030788242692690485,0,Low
fd983f3d11,0.0656386097313342,0,Low
fd99060f6c,0.07891660870098402,0,Low
fd9ace02a8,0.16875558200685964,1,Low
fda982533d,0.06772649862752492,0,Low
fdb294d917,0.11453894022313944,1,Low
fdb7b446d6,0.0687099197201386,0,Low
fdbc6e1373,0.1607878362437458,1,Low
fdbe081ca2,0.4131145076157191,1,Medium
fdbfeac7ff,0.25524473292459443,1,Medium
fdc4e7a499,0.127360325574084,1,Low
fdcafbf669,0.7007934051514033,1,High
fdd40dbe73,0.08144430951949118,0,Low
fdd543654d,0.39828344107637476,1,Medium
fdd72baefd,0.02233277138333116,0,Low
fddf6ac585,0.03347445254070079,0,Low
fde348300f,0.4145006069353694,1,Medium
fde643436b,0.1703185936376355,1,Low
fde95ea636,0.036627405781655846,0,Low
fdeb3534f5,0.18590559786275107,1,Low
fdef3d371a,0.1333458498292602,1,Low
fdf4caf9cf,0.026464935906576215,0,Low
fdf9675b3e,0.025397319941859956,0,Low
fdfa6887dc,0.12614564358369357,1,Low
fdfa6ef8bc,0.2595296025716003,1,Medium
fdfc1cd762,0.0935956064905784,0,Low
fe03f9fa7a,0.1144095149229723,1,Low
fe07e60de3,0.06615099552767627,0,Low
fe0b5f19bc,0.06591928582054567,0,Low
fe0d88b9e7,0.15990170032789536,1,Low
fe11b396b0,0.05108538062611504,0,Low
fe134142a5,0.29097039612515374,1,Medium
fe1a1144fd,0.3242057395878003,1,Medium
fe223d026d,0.09674271462561855,0,Low
fe28c588f2,0.09063332432639318,0,Low
fe296cca3e,0.07566821189884146,0,Low
fe2f3153fa,0.1583720734197661,1,Low
fe35466d99,0.14074808537683203,1,Low
fe42293074,0.03585729182603515,0,Low
fe42baa2d0,0.1838710869221843,1,Low
fe49443ac0,0.20554628353521087,1,Medium
fe4b1bf46d,0.015726150053598557,0,Low
fe58a67397,0.15433694162789208,1,Low
fe5b20ce4e,0.016719313592457034,0,Low
fe5d549206,0.034759878628632085,0,Low
fe62b26cd4,0.5350624210142978,1,High
fe6434134f,0.6987349766058806,1,High
fe65840424,0.09493817760990088,0,Low
fe68264f91,0.02800991725065049,0,Low
fe695a4087,0.4017103061783359,1,Medium
fe6bb72f61,0.15114554988075857,1,Low
fe6c5ca23c,0.07753110748566665,0,Low
fe6decacca,0.0919925016603717,0,Low
fe71d06dda,0.55307780369387,1,High
fe737ca317,0.15362453265685677,1,Low
fe73dc882c,0.07211082186344754,0,Low
fe764ed4a2,0.23520304044375617,1,Medium
fe76c2eb5a,0.4010798352181021,1,Medium
fe7f2222ff,0.15956402668890585,1,Low
fe7f5e094a,0.027486843059511188,0,Low
fe806fa483,0.06685558120732107,0,Low
fe894dc1e6,0.16227041221800728,1,Low
fe8964f58e,0.12060631774872704,1,Low
fe90f77ea3,0.018645244352487607,0,Low
fea02ac68b,0.050495187582998105,0,Low
fea65e87fa,0.08058371964569605,0,Low
feac2b126d,0.03514660804390293,0,Low
feb0b321a5,0.16233822043598145,1,Low
febdb2076a,0.1722085785331156,1,Low
fecef477ac,0.05551226667641783,0,Low
fecf561265,0.11907597173637119,1,Low
fed62bd5bc,0.3913036183566,1,Medium
fed7e4d6a6,0.17213742796909898,1,Low
fed9fec413,0.46231621589615496,1,Medium
feda5e3b52,0.1438360828036574,1,Low
fedddbc610,0.20094172447633712,1,Medium
fedefd91b5,0.10911264954551039,1,Low
fedf1ff9e5,0.19632312108418137,1,Low
fee37a51b5,0.12207682949079854,1,Low
feee51837e,0.18997748886534888,1,Low
fef257580a,0.06538327106795899,0,Low
fef2712773,0.07551662794168669,0,Low
fefa65196a,0.04649379661720661,0,Low
fefbc892ee,0.26056736729515917,1,Medium
fefd4a84e5,0.08567294078570832,0,Low
feffc7207e,0.03599084961403225,0,Low
ff06d5685c,0.03358338268998358,0,Low
ff093f2010,0.06602666016528723,0,Low
ff0c9af6be,0.24361054062289259,1,Medium
ff0cc8807c,0.05830798766894565,0,Low
ff0e56f631,0.056246665017693286,0,Low
ff105d7c08,0.0863094167998933,0,Low
ff182d425b,0.045631357445176754,0,Low
ff1af2f1e0,0.264598687397549,1,Medium
ff1f9d49e1,0.26241739787012514,1,Medium
ff2266c085,0.1299421505264164,1,Low
ff297622c1,0.10467092824573412,1,Low
ff385f1ca5,0.27366016069081806,1,Medium
ff3c035d8e,0.03265913486893371,0,Low
ff3d75494b,0.17918667707408276,1,Low
ff4013193e,0.056308029667967274,0,Low
ff49f42933,0.47316231673028125,1,Medium
ff4a1cafde,0.04444853362600794,0,Low
ff4eca989e,0.058381772678598585,0,Low
ff52b94526,0.13651542946302653,1,Low
ff5bd61c46,0.031337096991837475,0,Low
ff5c7579f2,0.0690438506597965,0,Low
ff5e96f48d,0.0314656320003544,0,Low
ff609cd517,0.10731018851787036,1,Low
ff631bd26a,0.5107403297828391,1,High
ff64806f4b,0.05858449119137676,0,Low
ff64d9805a,0.038118994667678784,0,Low
ff65d62c78,0.02863951093560498,0,Low
ff6ccc6e95,0.15663385064391555,1,Low
ff6d7536f8,0.20430750705661738,1,Medium
ff765340a3,0.21222075557258627,1,Medium
ff77634d8e,0.11189788142749253,1,Low
ff778115ee,0.06725060870897581,0,Low
ff79708998,0.05071295465744016,0,Low
ff79c063df,0.13862628464083937,1,Low
ff89de5790,0.25632157710380465,1,Medium
ff8b196b8b,0.10187218875300375,1,Low
ff8edef833,0.17207745943645852,1,Low
ff90f9dc73,0.04881425310781801,0,Low
ff9390775d,0.07568424942354948,0,Low
ff93eb8a48,0.05732703813431865,0,Low
ff9a433106,0.2838666942356761,1,Medium
ff9ebabbb8,0.2750684175282306,1,Medium
ffa0aa48c8,0.04659813255972033,0,Low
ffa2fb8929,0.029370847243922,0,Low
ffa3b14e1c,0.07068075366441556,0,Low
ffadb34107,0.07575232697366874,0,Low
ffb429fb2c,0.01350476276522395,0,Low
ffb44da9d0,0.48526259820684553,1,Medium
ffba6e4b13,0.11103207861639333,1,Low
ffbe305532,0.17284382183045502,1,Low
ffc5db6b03,0.09013641376995916,0,Low
ffc62b9089,0.10333445289007882,1,Low
ffcb146868,0.05002706669068881,0,Low
ffcbab598b,0.094043499517429,0,Low
ffd2c53d6b,0.06170230011969574,0,Low
ffd3da421f,0.08691956159537174,0,Low
ffd4d85523,0.11421551148275264,1,Low
ffe16ca4ff,0.15554023259806427,1,Low
ffe63bcdf3,0.1460569974798361,1,Low
fff6687413,0.04846368519745892,0,Low
fff7221340,0.24931641727517684,1,Medium
fff96a9229,0.16784583778320775,1,Low
fff9bdf607,0.1680845669527305,1,Low
